sr_no,sector,line_ministry,implementing_agency,project_code,project_name,original_cost,revised_cost,expenditure,physical_progress,original_completion_date,revised_completion_date,sanction_date,cost_overrun_percent,expenditure_ratio,snapshot_month
1,Aviation & Aviation Infrastructure,Ministry of Civil Aviation,Airport Authority of India [AAI],706718,C/o NITB Imphal Airport,499,499.0,201.99,49,13/07/2024,31/12/2026,01/11/2021,0.0,40.478957915831664,March_2026
2,Aviation & Aviation Infrastructure,Ministry of Civil Aviation,Airport Authority of India [AAI],701121,Construction of New Domestic Terminal Building at Rajahmundry Airport.,347,0.0,165.11,86,13/08/2025,30/04/2026,30/12/2022,-100.0,47.5821325648415,March_2026
3,Aviation & Aviation Infrastructure,Ministry of Civil Aviation,Airport Authority of India [AAI],701101,"Construction of New Domestic Terminal Building [Phase-I and II] and other allied structures at JPNI Airport, Patna",1217,1216.9,1196.4,98,31/05/2026,31/05/2026,04/10/2018,-0.00821692686934339,98.30731306491373,March_2026
4,Aviation & Aviation Infrastructure,Ministry of Civil Aviation,Airport Authority of India [AAI],612788,Construction of New Domestic Terminal Building and Miscellaneous Works at Belagavi Airport.,322,0.0,198.0,82,01/02/2026,30/04/2026,02/06/2023,-100.0,61.49068322981367,March_2026
5,Aviation & Aviation Infrastructure,Ministry of Civil Aviation,Airport Authority of India [AAI],612787,Construction of New Domestic Terminal Building and Miscellaneous works at Hubli Airport,320,0.0,141.4,72,21/01/2026,30/06/2026,02/06/2023,-100.0,44.1875,March_2026
6,Aviation & Aviation Infrastructure,Ministry of Civil Aviation,Airport Authority of India [AAI],612786,"Construction of New Domestic Terminal Building Building and miscellaneous works including maintenance, operations and AICMC at Kadapa Airport",266,0.0,120.19,60,27/01/2026,31/05/2026,10/03/2023,-100.0,45.18421052631579,March_2026
7,Aviation & Aviation Infrastructure,Ministry of Civil Aviation,Airport Authority of India [AAI],701128,Construction of New Integrated Passenger Terminal Building at Udaipur Airport,887,887.0,523.61,65,10/03/2026,26/09/2026,21/06/2023,0.0,59.0315670800451,March_2026
8,Aviation & Aviation Infrastructure,Ministry of Civil Aviation,Airport Authority of India [AAI],701107,Construction of New Integrated Terminal Building and associated works including apron to park 3 code E type of aircraft or 6 code C type of aircraft at Vijayawada Airport.,612,611.8,523.14,87,04/09/2022,31/07/2026,17/06/2020,-0.03267973856209894,85.48039215686273,March_2026
9,Aviation & Aviation Infrastructure,Ministry of Civil Aviation,Airport Authority of India [AAI],701127,Construction of New Passenger Terminal Building for Domestic Operations at Jodhpur Airport.,480,480.0,339.22,97,31/03/2026,30/04/2026,01/06/2022,0.0,70.67083333333333,March_2026
10,Aviation & Aviation Infrastructure,Ministry of Civil Aviation,Airport Authority of India [AAI],611047,"Construction of NTB complex including apron, taxi track and other associated civil works and electrical & mechanical installations towards Tawi River side at CA Jammu.",861,861.37,316.6,48,21/06/2026,30/11/2026,10/10/2023,0.04297328687572643,36.771196283391404,March_2026
11,Aviation & Aviation Infrastructure,Ministry of Civil Aviation,Airport Authority of India [AAI],400010,"Construction of Terminal Building & Associated works at Leh Airport, Ladakh",480,640.0,501.81,79,14/09/2021,31/07/2026,27/07/2018,33.33333333333333,104.54375,March_2026
12,Aviation & Aviation Infrastructure,Ministry of Civil Aviation,Airport Authority of India [AAI],612789,"Development of additional RESA on either end on Runway 10-28 at Calicut Airport. Construction of embankment with slope protection, drainage system and associated works for additional RESA on either end on Runway 10-28",485,0.0,204.6,55,28/09/2025,31/12/2026,07/06/2023,-100.0,42.18556701030928,March_2026
13,Aviation & Aviation Infrastructure,Ministry of Civil Aviation,Airport Authority of India [AAI],701126,"Development of Dholera International Greenfield Airport , Gujarat",1305,1551.0,874.24,81,30/06/2026,30/06/2026,14/06/2022,18.850574712643677,66.99157088122605,March_2026
14,Aviation & Aviation Infrastructure,Ministry of Civil Aviation,Airport Authority of India [AAI],619054,Development of Keshod Airport.,363,0.0,87.88,28,31/01/2027,,,-100.0,24.209366391184574,March_2026
15,Aviation & Aviation Infrastructure,Ministry of Civil Aviation,Airport Authority of India [AAI],701113,"Development of Lal Bahadur Shastri International airport, Varanasi including C/o New Terminal Building, Apron Extension, Runway Extension, PTT and allied works.",2870,0.0,544.48,25,20/07/2027,20/07/2027,04/07/2024,-100.0,18.97142857142857,March_2026
16,Aviation & Aviation Infrastructure,Ministry of Civil Aviation,Airport Authority of India [AAI],612194,Development of New Civil Enclave and associated works at Darbhanga Airport,912,0.0,352.16,61,11/07/2026,,03/07/2024,-100.0,38.6140350877193,March_2026
17,Aviation & Aviation Infrastructure,Ministry of Civil Aviation,Airport Authority of India [AAI],611495,Development of New Civil Enclave at Bagdogra Airport,1549,1549.0,437.74,22,07/03/2027,03/01/2027,29/08/2024,0.0,28.25952227243383,March_2026
18,Aviation & Aviation Infrastructure,Ministry of Civil Aviation,Airport Authority of India [AAI],612183,Development of New Civil Enclave at Bihta,1413,0.0,7.64,1,31/03/2027,,28/08/2024,-100.0,0.5406935598018401,March_2026
19,Aviation & Aviation Infrastructure,Ministry of Civil Aviation,Airport Authority of India [AAI],618977,"Development of New Greenfield Airport at Bundi, Kota Rajasthan.",1507,0.0,34.69,10,19/10/2027,,29/08/2025,-100.0,2.3019243530192433,March_2026
20,Aviation & Aviation Infrastructure,Ministry of Civil Aviation,Airport Authority of India [AAI],701122,Development of New Integrated Civil Enclave at Agra Airport,579,0.0,193.18,38,04/07/2026,30/11/2026,18/06/2024,-100.0,33.36442141623489,March_2026
21,Aviation & Aviation Infrastructure,Ministry of Civil Aviation,Airport Authority of India [AAI],701105,Goa Airport Terminal Building Extension Project,256,255.69,156.7,100,09/12/2021,30/04/2026,09/11/2017,-0.12109375000000089,61.21093749999999,March_2026
22,Aviation & Aviation Infrastructure,Ministry of Civil Aviation,Adani Airport Holdings Limited,706724,Guwahati Airport New Integrated Terminal Building Construction Project,1712,2520.0,2602.19,97,31/03/2025,30/06/2026,01/12/2016,47.19626168224299,151.99707943925233,March_2026
23,Aviation & Aviation Infrastructure,Ministry of Civil Aviation,Airport Authority of India [AAI],611602,"Modernization of Chennai Airport, Phase II, Part 2",1207,0.0,268.02,35,31/07/2025,31/12/2026,14/05/2018,-100.0,22.20546810273405,March_2026
24,Aviation & Aviation Infrastructure,Ministry of Civil Aviation,Airport Authority of India [AAI],612791,"Re-Construction of Rigid portions of Secondary Runway, K and A Taxiway and Strengthening of C Taxiway at NSCBI Airport Kolkata.",328,0.0,130.5,58,02/10/2025,31/08/2026,04/03/2023,-100.0,39.78658536585366,March_2026
25,Aviation & Aviation Infrastructure,Ministry of Civil Aviation,Airport Authority of India [AAI],611570,"SITC of ATM Automation System and ASMGCS [Including SMR & MLAT] for Mumbai, Navi Mumbai, Jewar [earlier MOPA, without ASMGCS], HIAL & BIAL",500,0.0,380.97,78,11/09/2025,31/08/2026,18/12/2020,-100.0,76.194,March_2026
26,Aviation & Aviation Infrastructure,Ministry of Civil Aviation,Airport Authority of India [AAI],612793,"Widening of basic strip at Western Side of Runway Chainage 80m to 920m i/c slope stabilization Measures [Balance work] of uphill and Improvement of Storm Water Drainage System at Pakyong Airport, Sikkim on design & build basis [EPC] with integrated 10 years maintenance.",323,0.0,80.84,34,02/06/2026,,21/11/2023,-100.0,25.02786377708978,March_2026
27,Coal,Ministry of Coal,South Eastern Coalfields Limited [SECL],613800,JAGANNATHPUR OC RCE PROJECT,459,0.0,275.97,96,31/03/2025,31/03/2027,25/07/2016,-100.0,60.12418300653596,March_2026
28,Coal,Ministry of Coal,Ministry of Coal,611016,2.0 MTPA BHOJUDIH NLW WASHERY,385,0.0,360.66,98,30/09/2020,30/04/2026,08/12/2015,-100.0,93.67792207792208,March_2026
29,Coal,Ministry of Coal,Ministry of Coal,611017,2.5 MTPA PATHERDIH NLW WASHERY,334,0.0,161.5,51,30/04/2018,31/12/2026,31/10/2015,-100.0,48.35329341317365,March_2026
30,Coal,Ministry of Coal,Western Coalfields Limited [WCL],616223,ADASA UG TO OC MINE,316,0.0,209.24,86,31/03/2024,31/03/2026,16/11/2018,-100.0,66.21518987341773,March_2026
31,Coal,Ministry of Coal,Ministry of Coal,400148,AMADAND OCP[4.0MTY],869,0.0,325.4,75,31/03/2021,31/03/2027,05/03/2016,-100.0,37.445339470655924,March_2026
32,Coal,Ministry of Coal,Western Coalfields Limited [WCL],616229,AMAL GONDEGAON GHATROHANA EXPN,669,0.0,2.94,3,31/03/2029,,10/09/2024,-100.0,0.4394618834080717,March_2026
33,Coal,Ministry of Coal,Ministry of Coal,611864,AMALAGAMATED NTST KUJAMA OCP 8.5MTY,4012,0.0,414.93,29,31/03/2030,,04/01/2023,-100.0,10.34222333000997,March_2026
34,Coal,Ministry of Coal,Western Coalfields Limited [WCL],615185,AMALGAMATED DHANKASA & JAMUNIA,399,0.0,99.3,67,31/03/2027,,19/09/2022,-100.0,24.887218045112782,March_2026
35,Coal,Ministry of Coal,Western Coalfields Limited [WCL],616050,AMALGAMATED INDER-KAMPTEE DEEP,236,0.0,127.21,99,31/03/2024,31/03/2026,22/09/2018,-100.0,53.902542372881356,March_2026
36,Coal,Ministry of Coal,Western Coalfields Limited [WCL],400177,AMALGAMATED YEKONA I & YEKONA,727,0.0,544.08,81,31/03/2025,31/03/2026,12/08/2015,-100.0,74.83906464924347,March_2026
37,Coal,Ministry of Coal,South Eastern Coalfields Limited [SECL],613798,AMERA OC RCE [1.0 MTY],336,0.0,90.88,42,31/03/2026,,04/02/2015,-100.0,27.047619047619047,March_2026
38,Coal,Ministry of Coal,South Eastern Coalfields Limited [SECL],613799,AMGAON OC RCE [1.0 MTY],316,0.0,191.5,79,31/03/2026,,25/07/2015,-100.0,60.60126582278481,March_2026
39,Coal,Ministry of Coal,Western Coalfields Limited [WCL],615916,AMLG GAURI PAUNI EXPANSION OC,1225,0.0,85.32,3,31/03/2030,,26/04/2024,-100.0,6.9648979591836735,March_2026
40,Coal,Ministry of Coal,MCL - CIL,616233,BALABHADRA OCP,978,0.0,249.93,14,31/03/2030,,19/04/2023,-100.0,25.555214723926383,March_2026
41,Coal,Ministry of Coal,Mahanadi Coalfields Limited [MCL],400183,BALARAM EXPANSION OCP,3504,0.0,955.87,56,31/03/2029,,04/08/2020,-100.0,27.279394977168952,March_2026
42,Coal,Ministry of Coal,Western Coalfields Limited [WCL],615330,BALLARPUR NORTH WEST OC MINE,361,0.0,0.02,5,31/03/2029,,16/12/2022,-100.0,0.0055401662049861505,March_2026
43,Coal,Ministry of Coal,South Eastern Coalfields Limited [SECL],400149,BAROUD OC EXPANSION [3.0-10.0M,2310,0.0,993.49,56,31/03/2029,,04/08/2020,-100.0,43.008225108225105,March_2026
44,Coal,Ministry of Coal,MCL - CIL,615193,BASUNDHARA WEST EXTENSION OPEN,479,0.0,281.62,67,31/03/2019,31/03/2029,07/05/2014,-100.0,58.79331941544885,March_2026
45,Coal,Ministry of Coal,Mahanadi Coalfields Limited [MCL],400392,BHARATPUR RE-ORGANIZATION OCP,2839,0.0,1711.62,52,31/03/2029,,12/11/2018,-100.0,60.289538569918975,March_2026
46,Coal,Ministry of Coal,Western Coalfields Limited [WCL],400033,BHATADI EXPANSION OC,581,0.0,111.65,33,31/03/2028,,11/02/2020,-100.0,19.21686746987952,March_2026
47,Coal,Ministry of Coal,MCL - CIL,616231,BHUBANESWARI EXPN OCP 50 MTY,5366,0.0,473.42,32,31/03/2033,,26/03/2024,-100.0,8.822586656727543,March_2026
48,Coal,Ministry of Coal,Northern Coalfields Limited [NCL],400369,BINA KAKRI AMALGAMATION EXPANS,836,0.0,835.34,90,31/03/2024,31/03/2027,25/08/2020,-100.0,99.92105263157896,March_2026
49,Coal,Ministry of Coal,Northern Coalfields Limited [NCL],400162,BLOCK B EXPANSION [3.5 TO 8.0,999,0.0,517.68,50,31/03/2023,31/03/2027,22/07/2019,-100.0,51.81981981981981,March_2026
50,Coal,Ministry of Coal,Ministry of Coal,616253,BLOCK E OCP,5851,0.0,20.32,4,31/03/2029,,26/03/2024,-100.0,0.347291061357033,March_2026
51,Coal,Ministry of Coal,Eastern Coal Fields Limited [ECL],400180,BONJEMEHARI EXPANSION OCP,570,570.11,88.17,17,31/03/2026,31/03/2030,10/08/2021,0.019298245614037483,15.468421052631578,March_2026
52,Coal,Ministry of Coal,Ministry of Coal,400138,CHANDRAGUPT OCP,974,0.0,440.75,25,31/03/2032,,04/08/2020,-100.0,45.25154004106776,March_2026
53,Coal,Ministry of Coal,Eastern Coal Fields Limited [ECL],400172,CHITRA EAST OC,514,0.0,234.28,53,31/03/2026,31/03/2028,11/08/2018,-100.0,45.57976653696498,March_2026
54,Coal,Ministry of Coal,Eastern Coal Fields Limited [ECL],616225,CHUPERBHITA SIMLONG OCP MDO 6,979,0.0,0.0,0,31/03/2037,,29/12/2023,-100.0,0.0,March_2026
55,Coal,Ministry of Coal,Western Coalfields Limited [WCL],400353,DHUPTALA OC [SASTI UG TO OC ],711,0.0,174.41,19,31/03/2028,,12/02/2019,-100.0,24.53023909985935,March_2026
56,Coal,Ministry of Coal,Western Coalfields Limited [WCL],400178,DINESH[MAKARDHOKRA-III] OC,823,0.0,631.34,37,31/03/2027,,11/02/2020,-100.0,76.7120291616039,March_2026
57,Coal,Ministry of Coal,South Eastern Coalfields Limited [SECL],400354,DIPKA EXPANSION OCP [40 MTY],5241,0.0,2905.11,37,31/03/2029,,24/12/2020,-100.0,55.430452203777904,March_2026
58,Coal,Ministry of Coal,Ministry of Coal,400156,EPR AMRAPALI OCP,5136,0.0,1324.96,44,31/03/2028,,11/02/2020,-100.0,25.797507788161994,March_2026
59,Coal,Ministry of Coal,Ministry of Coal,400155,EPR ASHOK OC,2898,0.0,186.16,27,31/03/2031,,10/05/2021,-100.0,6.423740510697032,March_2026
60,Coal,Ministry of Coal,Ministry of Coal,400154,EPR PUNDI OCP,713,0.0,236.58,10,31/03/2027,,11/11/2020,-100.0,33.180925666199165,March_2026
61,Coal,Ministry of Coal,Ministry of Coal,400153,EPR ROHINI - KARKETTA OCP,1020,0.0,85.45,22,31/03/2028,,18/01/2021,-100.0,8.377450980392156,March_2026
62,Coal,Ministry of Coal,Western Coalfields Limited [WCL],615331,GADEGAON OC 3 MTY,497,0.0,17.06,2,31/03/2030,,28/10/2023,-100.0,3.4325955734406435,March_2026
63,Coal,Ministry of Coal,Western Coalfields Limited [WCL],615206,GANDHIGRAM UG MINE,414,0.0,20.59,57,31/03/2026,,31/08/2019,-100.0,4.973429951690822,March_2026
64,Coal,Ministry of Coal,Western Coalfields Limited [WCL],615917,GAURIDEEP/GAURI CENTRAL OCP 7.,973,0.0,1.37,2,31/03/2030,,08/08/2023,-100.0,0.14080164439876672,March_2026
65,Coal,Ministry of Coal,South Eastern Coalfields Limited [SECL],400424,GEVRA OC [70 MTY],11816,0.0,6905.46,78,31/03/2023,31/03/2027,05/03/2016,-100.0,58.441604603926876,March_2026
66,Coal,Ministry of Coal,Western Coalfields Limited [WCL],615914,GHONSA EXPANSION DEEP OC MINE,185,0.0,15.35,13,31/03/2029,,23/03/2021,-100.0,8.297297297297296,March_2026
67,Coal,Ministry of Coal,Singareni Collieries Company Limited [SCCL],615860,Godavarikhani Coal Mine - 5,607,0.0,197.43,71,31/03/2025,31/03/2026,01/07/2019,-100.0,32.52553542009885,March_2026
68,Coal,Ministry of Coal,Western Coalfields Limited [WCL],615192,GOKUL EXTENSION OC MINE,310,0.0,51.32,8,31/03/2026,,23/04/2021,-100.0,16.55483870967742,March_2026
69,Coal,Ministry of Coal,Singareni Collieries Company Limited [SCCL],615862,Goleti Opencast Mine,346,0.0,100.62,29,31/03/2026,,01/07/2021,-100.0,29.08092485549133,March_2026
70,Coal,Ministry of Coal,MCL - CIL,400185,GOPALJI KANIHA OCP [10 TO 30 M,8416,6107.87,1769.22,56,31/03/2030,,25/04/2022,-27.425499049429657,21.022100760456276,March_2026
71,Coal,Ministry of Coal,MCL - CIL,616232,HINGULA II OC EXPN PH III 15 M,1562,0.0,278.91,29,31/03/2029,,07/11/2022,-100.0,17.85595390524968,March_2026
72,Coal,Ministry of Coal,ECL - CIL,400018,HURA C OCP,859,0.0,455.31,63,31/03/2029,,10/08/2022,-100.0,53.0046565774156,March_2026
73,Coal,Ministry of Coal,Singareni Collieries Company Limited [SCCL],615861,Indaram Opencast Project,425,0.0,405.76,81,31/03/2025,31/03/2026,01/08/2017,-100.0,95.47294117647058,March_2026
74,Coal,Ministry of Coal,Mahanadi Coalfields Limited [MCL],616226,INTEGRATED KULDA GARJANBAHAL O,3564,0.0,660.13,5,31/03/2033,,19/04/2023,-100.0,18.522166105499437,March_2026
75,Coal,Ministry of Coal,Mahanadi Coalfields Limited [MCL],400187,INTEGRATED LAKHANPUR-BELPAHAR-,2435,0.0,1995.95,76,31/03/2027,,22/05/2018,-100.0,81.96919917864477,March_2026
76,Coal,Ministry of Coal,Eastern Coal Fields Limited [ECL],612816,ITAPARA OCP,929,0.0,71.23,8,31/03/2030,,29/12/2023,-100.0,7.667384284176534,March_2026
77,Coal,Ministry of Coal,CCL - CIL,616236,JARANGDIH EXPN. OCP 1.5 MTY,414,0.0,85.6,33,31/03/2029,,03/02/2020,-100.0,20.67632850241546,March_2026
78,Coal,Ministry of Coal,Singareni Collieries Company Limited [SCCL],615818,Jawahar Khani Open Cast Mine,298,0.0,47.48,20,31/03/2025,31/03/2027,01/12/2021,-100.0,15.932885906040267,March_2026
79,Coal,Ministry of Coal,Northern Coalfields Limited [NCL],619032,JAYANT EXPN. [20 TO 38 MTPA],25560,0.0,94.23,1,31/03/2032,,27/02/2025,-100.0,0.3686619718309859,March_2026
80,Coal,Ministry of Coal,Eastern Coal Fields Limited [ECL],400312,JHANJRA EXPANSION UG,1210,0.0,615.85,45,31/03/2029,,16/04/2020,-100.0,50.896694214876035,March_2026
81,Coal,Ministry of Coal,Ministry of Coal,400352,JHARKHAND-LAIYO OCP,765,0.0,145.81,29,31/03/2031,,25/08/2020,-100.0,19.060130718954248,March_2026
82,Coal,Ministry of Coal,South Eastern Coalfields Limited [SECL],613803,JHIRIA WEST OCP [1.5 MTY],367,0.0,35.57,41,31/03/2029,,30/01/2024,-100.0,9.692098092643052,March_2026
83,Coal,Ministry of Coal,Singareni Collieries Company Limited [SCCL],615865,Kakatiyakhani OC - 2 Project,442,0.0,234.21,63,31/03/2025,31/03/2026,19/08/2017,-100.0,52.988687782805435,March_2026
84,Coal,Ministry of Coal,Singareni Collieries Company Limited [SCCL],615858,Kalyanikhani Opencast Project,384,0.0,286.03,75,31/03/2026,,01/03/2016,-100.0,74.48697916666666,March_2026
85,Coal,Ministry of Coal,South Eastern Coalfields Limited [SECL],613802,KANCHAN OC EXP,371,0.0,148.08,58,31/03/2026,31/03/2028,17/12/2014,-100.0,39.913746630727765,March_2026
86,Coal,Ministry of Coal,Ministry of Coal,400074,KARO EXPANSION OCP,908,0.0,283.86,22,31/03/2029,,24/01/2022,-100.0,31.262114537444933,March_2026
87,Coal,Ministry of Coal,South Eastern Coalfields Limited [SECL],615191,KATKONA RO UG MINE,329,0.0,62.03,2,31/03/2029,,29/01/2023,-100.0,18.854103343465045,March_2026
88,Coal,Ministry of Coal,Northern Coalfields Limited [NCL],615183,KHADIA EXPANSION [10 TO 16 MTP,492,0.0,276.75,56,31/03/2025,31/03/2027,25/06/2021,-100.0,56.25,March_2026
89,Coal,Ministry of Coal,Western Coalfields Limited [WCL],617278,KOLARPIMPRI EXPANSION OC [2.5,630,0.0,0.24,0,31/03/2030,,05/06/2024,-100.0,0.0380952380952381,March_2026
90,Coal,Ministry of Coal,Western Coalfields Limited [WCL],615199,KOLGAON EXPANSION DEEP OC MINE,199,0.0,22.77,3,31/03/2027,,28/01/2023,-100.0,11.442211055276381,March_2026
91,Coal,Ministry of Coal,Ministry of Coal,400073,KONAR EXPANSION OCP,799,0.0,429.61,46,31/03/2032,,24/01/2022,-100.0,53.76846057571966,March_2026
92,Coal,Ministry of Coal,Ministry of Coal,400139,KOTRE BASANTPUR PACHMO OCP,861,625.4,464.57,43,31/03/2032,,04/08/2020,-27.36353077816493,53.95702671312428,March_2026
93,Coal,Ministry of Coal,SECL - CIL,617287,KUSMUNDA OC EXPANSION PROJECT,4517,0.0,816.56,21,31/03/2030,,29/11/2024,-100.0,18.077485056453398,March_2026
94,Coal,Ministry of Coal,SECL - CIL,619172,MADANNAGAR OCP 12 MTY - MDO,1859,0.0,0.45,0,31/03/2029,,20/12/2024,-100.0,0.02420656266810113,March_2026
95,Coal,Ministry of Coal,South Eastern Coalfields Limited [SECL],613801,MAHAMAYA OCP [1.50 MTY],410,0.0,187.54,55,31/03/2026,31/03/2028,24/05/2018,-100.0,45.74146341463414,March_2026
96,Coal,Ministry of Coal,Western Coalfields Limited [WCL],615189,MAKARDHOKRA EXPN OC 4.9 MTY,362,0.0,88.69,12,31/03/2026,,14/06/2022,-100.0,24.5,March_2026
97,Coal,Ministry of Coal,South Eastern Coalfields Limited [SECL],617288,MANIKPUR OC EXPANSION PROJECT,383,0.0,116.09,21,31/03/2029,,13/01/2025,-100.0,30.310704960835512,March_2026
98,Coal,Ministry of Coal,Bharat Coking Coal Limited [BCCL],400313,Master Plan for Jharia and Raniganj Coalfields,2662,0.0,799.12,44,11/08/2019,31/12/2028,12/08/2009,-100.0,30.019534184823442,March_2026
99,Coal,Ministry of Coal,Eastern Coal Fields Limited [ECL],400173,MOHANPUR EXPANSION OC -PHASE I,889,0.0,139.57,32,31/03/2026,31/03/2030,11/11/2020,-100.0,15.699662542182228,March_2026
100,Coal,Ministry of Coal,Ministry of Coal,400425,MOONIDIH XV SEAM UG,1230,0.0,657.71,82,31/03/2019,31/08/2026,12/08/2011,-100.0,53.47235772357723,March_2026
101,Coal,Ministry of Coal,Ministry of Coal,613808,MURAIDIH UG PROJECT,340,0.0,191.0,70,30/04/2014,31/12/2026,14/02/2011,-100.0,56.1764705882353,March_2026
102,Coal,Ministry of Coal,Western Coalfields Limited [WCL],615919,N. EXTN. MUNGOLI NIRGUDA D OCP,1025,0.0,211.13,28,31/03/2029,,05/06/2024,-100.0,20.598048780487805,March_2026
103,Coal,Ministry of Coal,Singareni Collieries Company Limited [SCCL],615857,Naini Coal Mine,494,0.0,491.33,80,31/03/2026,,01/03/2020,-100.0,99.45951417004049,March_2026
104,Coal,Ministry of Coal,Eastern Coal Fields Limited [ECL],400181,NAKRAKONDA KUMARDIH- B OCP,503,502.67,83.16,28,31/03/2029,,11/08/2018,-0.06560636182902267,16.532803180914513,March_2026
105,Coal,Ministry of Coal,Western Coalfields Limited [WCL],615188,NEW MAJRI UG TO OC 3 MTY COST,402,0.0,67.74,24,31/03/2027,,25/05/2019,-100.0,16.850746268656717,March_2026
106,Coal,Ministry of Coal,Northern Coalfields Limited [NCL],400321,NIGAHI EXPANSION [15 TO 25 MTP,1730,0.0,920.75,49,31/03/2025,31/03/2028,11/11/2020,-100.0,53.22254335260116,March_2026
107,Coal,Ministry of Coal,Western Coalfields Limited [WCL],615982,NILJAI EXPANSION DEEP OCP,320,0.0,194.87,80,31/03/2022,31/03/2026,27/08/2016,-100.0,60.89687500000001,March_2026
108,Coal,Ministry of Coal,Ministry of Coal,400151,NORTH URIMARI EXPANSION OCP,779,0.0,605.0,69,31/03/2029,,12/07/2021,-100.0,77.66367137355584,March_2026
109,Coal,Ministry of Coal,NLC India Limited [NLCIL],400142,Pachwara South Coal Block,2243,0.0,1326.95,87,30/09/2028,,10/03/2016,-100.0,59.15960766830138,March_2026
110,Coal,Ministry of Coal,Eastern Coal Fields Limited [ECL],616230,PARASCOLE JAMBAD OCP,1194,0.0,11.35,0,31/03/2037,,29/11/2024,-100.0,0.9505862646566163,March_2026
111,Coal,Ministry of Coal,Eastern Coal Fields Limited [ECL],613794,PARASEA-BELBAID UG PROJECT,389,0.0,132.48,22,31/03/2028,,31/01/2023,-100.0,34.056555269922875,March_2026
112,Coal,Ministry of Coal,South Eastern Coalfields Limited [SECL],616234,PELMA OC MDO,1725,0.0,16.71,40,31/03/2033,,14/10/2022,-100.0,0.9686956521739131,March_2026
113,Coal,Ministry of Coal,South Eastern Coalfields Limited [SECL],400144,PORDA CHIMTAPANI OCP [10 MTY],2310,0.0,113.45,10,31/03/2029,,24/12/2020,-100.0,4.911255411255412,March_2026
114,Coal,Ministry of Coal,Ministry of Coal,400160,RAJRAPPA RCE OCP,511,0.0,488.71,77,31/03/2016,31/03/2027,23/12/2009,-100.0,95.63796477495107,March_2026
115,Coal,Ministry of Coal,Bharat Coking Coal Limited [BCCL],617416,"Revised Jharia Master Plan for Dealing with Fire, Subsidence & Rehabilitation of affected families in Jharia Coalfield- Reg.",5940,0.0,255.01,23,31/12/2028,,25/06/2025,-100.0,4.293097643097643,March_2026
116,Coal,Ministry of Coal,SECL - CIL,619171,RPR FOR DURGAPUR OCP 10 MTY,2416,0.0,2.25,0,31/03/2032,,01/09/2025,-100.0,0.09312913907284769,March_2026
117,Coal,Ministry of Coal,SECL - CIL,619053,RPR FOR RAMPUR BATURA OCP,1605,0.0,74.71,0,31/03/2030,,30/05/2025,-100.0,4.654828660436137,March_2026
118,Coal,Ministry of Coal,Ministry of Coal,400150,RPR MAGADH EXP OCP,7254,0.0,1700.48,39,31/03/2028,,04/08/2020,-100.0,23.44196305486628,March_2026
119,Coal,Ministry of Coal,Western Coalfields Limited [WCL],615918,RPR OF BHANEGAON OC,405,0.0,32.82,15,31/03/2028,,02/02/2017,-100.0,8.103703703703703,March_2026
120,Coal,Ministry of Coal,Western Coalfields Limited [WCL],615187,RPR OF VISHNUPURI UG TO OC,221,0.0,0.0,11,31/03/2029,,04/11/2022,-100.0,0.0,March_2026
121,Coal,Ministry of Coal,Western Coalfields Limited [WCL],613804,RPR TAWA-III UG 0.84 MTY,314,0.0,16.38,18,31/03/2027,,28/12/2021,-100.0,5.21656050955414,March_2026
122,Coal,Ministry of Coal,Ministry of Coal,400136,SANGHMITRA OC,2660,0.0,9.36,17,31/03/2032,,26/03/2024,-100.0,0.3518796992481203,March_2026
123,Coal,Ministry of Coal,Western Coalfields Limited [WCL],615184,SAONER UG MINE -1 EXPANSION 1.,229,0.0,149.21,69,31/03/2028,,31/01/2022,-100.0,65.15720524017468,March_2026
124,Coal,Ministry of Coal,Western Coalfields Limited [WCL],619055,SAONER-III EXPN UG MINE 1.54,444,0.0,0.0,0,31/03/2032,,25/08/2025,-100.0,0.0,March_2026
125,Coal,Ministry of Coal,Western Coalfields Limited [WCL],615186,SASTI EXPANSION OPENCAST,319,0.0,98.84,21,31/03/2026,,04/08/2020,-100.0,30.984326018808776,March_2026
126,Coal,Ministry of Coal,Western Coalfields Limited [WCL],615195,SHARDA UG MINE,166,0.0,5.4,9,31/03/2028,,29/07/2022,-100.0,3.2530120481927716,March_2026
127,Coal,Ministry of Coal,Eastern Coal Fields Limited [ECL],613793,SHYAMSUNDARPUR UG INCLUDING SA,484,0.0,69.92,17,31/03/2026,31/03/2028,16/04/2020,-100.0,14.446280991735538,March_2026
128,Coal,Ministry of Coal,Mahanadi Coalfields Limited [MCL],400166,SIARMAL OCP,5195,0.0,3489.68,59,31/03/2029,,02/02/2021,-100.0,67.17382098171318,March_2026
129,Coal,Ministry of Coal,ECL - CIL,400182,SIDULI [OC & UG],535,535.17,5.71,15,31/03/2027,31/03/2030,22/05/2018,0.031775700934571785,1.0672897196261684,March_2026
130,Coal,Ministry of Coal,Western Coalfields Limited [WCL],615190,SINGHORI DEEP OC MIN 2.0 MTY,336,0.0,45.04,10,31/03/2029,,05/05/2022,-100.0,13.404761904761905,March_2026
131,Coal,Ministry of Coal,Ministry of Coal,615822,SIRKA OC,223,0.0,140.72,54,31/03/2028,,04/05/2020,-100.0,63.10313901345291,March_2026
132,Coal,Ministry of Coal,Eastern Coal Fields Limited [ECL],400315,SONEPUR BAZARI EXPANSION OCP [,5366,0.0,622.69,18,31/03/2029,,28/07/2021,-100.0,11.60436079016027,March_2026
133,Coal,Ministry of Coal,Mahanadi Coalfields Limited [MCL],400165,SUBHADRA OCP,1694,0.0,1329.01,45,23/04/2032,,29/05/2021,-100.0,78.45395513577331,March_2026
134,Coal,Ministry of Coal,NLC India Limited [NLCIL],618982,Talabira II & III OCP - FMC,522,0.0,324.74,72,10/06/2026,,31/10/2022,-100.0,62.21072796934865,March_2026
135,Coal,Ministry of Coal,Ministry of Coal,615349,TAPIN SOUTH EXPN,230,0.0,22.02,21,31/03/2028,,04/11/2020,-100.0,9.57391304347826,March_2026
136,Coal,Ministry of Coal,Ministry of Coal,615843,TETARIAKHAR OC,244,0.0,50.82,30,31/03/2025,31/03/2027,04/11/2019,-100.0,20.827868852459016,March_2026
137,Coal,Ministry of Coal,MIS MoCoal Integration Logins,615820,TIKAK EXTENSION OCP,160,0.0,92.47,89,04/07/2031,,05/07/2022,-100.0,57.79375,March_2026
138,Coal,Ministry of Coal,Eastern Coal Fields Limited [ECL],400186,TILABONI UG,749,749.07,53.17,12,31/03/2029,,31/01/2023,0.009345794392530042,7.098798397863819,March_2026
139,Coal,Ministry of Coal,MIS MoCoal Integration Logins,615821,TIRAP OCP,289,0.0,105.61,3,27/11/2030,,28/11/2022,-100.0,36.543252595155714,March_2026
140,Coal,Ministry of Coal,Western Coalfields Limited [WCL],616044,UKNI DEEP OC MINE -COST PLUS,237,0.0,166.09,93,31/03/2021,31/03/2026,16/11/2018,-100.0,70.08016877637131,March_2026
141,Coal,Ministry of Coal,Western Coalfields Limited [WCL],615194,URDHAN EXPANSION OC COST PLUS,207,0.0,27.19,2,31/03/2031,,29/07/2022,-100.0,13.135265700483092,March_2026
142,Coal,Ministry of Coal,Singareni Collieries Company Limited [SCCL],615863,Venkatesh Khani Coal Mine,484,0.0,477.14,97,31/03/2026,,01/10/2020,-100.0,98.58264462809917,March_2026
143,Coal,Ministry of Coal,Western Coalfields Limited [WCL],617233,WAGHODA UG MINE [1.02 MTY],379,0.0,0.0,0,31/03/2030,,29/01/2024,-100.0,0.0,March_2026
144,Coal,Ministry of Power,National Thermal Power Corporation [NTPC],603293,Badam Coal Mining project of NTPC,502,784.0,406.86,60,31/12/2056,01/04/2027,01/02/2019,56.17529880478087,81.04780876494024,March_2026
145,Coal,Ministry of Power,Damodar Valley Corporation,400192,Tubed Coal Mine,1581,0.0,600.47,36,31/05/2026,31/05/2026,10/07/2016,-100.0,37.98039215686275,March_2026
146,Construction,Ministry of Housing & Urban Affairs,Central Public Works Department - CPWD,617412,"Construction of One Tower of Office Complex and another Tower of Residential quarters consisting of 10Nos. Type-V, 10Nos. Type-VI & 1No.Type-VII Quarters i/c internal water supply, sanitary installation and all development and bulk services, Horticulture works on EPC Mode-I basis i/c comprehensive operation and maintenance of Civil, E&M services for 7 years after completion of original construction work for Ranga Reddy, Secunderabad, Medchal, AuditI, Audit-II Commissionerates of Central Tax at Khajaguda, Serilingampally, Hyderabad.",644,0.0,161.57,17,27/09/2027,,19/03/2024,-100.0,25.088509316770185,March_2026
147,Construction,Ministry of Mines,Central Public Works Department [CPWD],617280,"Construction of Basement + Ground Floor+ 10 Storeyed building for State of the Art Director General, GSI Building at plot No.GN-40, Sector-V, Salt Lake, Kolkata",255,0.0,98.92,64,31/08/2026,,16/04/2019,-100.0,38.792156862745095,March_2026
148,Education,Department of Higher Education,NIT Rourkela,619033,"1000 seater Boys hostel, 500 seater Girls hostel, 1.5 MLD Sewage Treatment Plant and Faculty Residence - 72 nos. Flats",199,0.0,42.55,40,30/06/2026,,02/09/2023,-100.0,21.381909547738694,March_2026
149,Education,Department of Higher Education,NIT Patna,606013,Additional Campus of NITPatna,499,0.0,449.39,98,31/07/2024,31/01/2026,22/07/2022,-100.0,90.05811623246493,March_2026
150,Education,Department of Higher Education,Banaras Hindu University,606479,Banaras Hindu University [ Kayakalp of Institute of Medical Sciences],246,0.0,207.02,99,30/09/2022,31/03/2026,22/06/2020,-100.0,84.15447154471545,March_2026
151,Education,Department of Higher Education,National Institute of Technology Uttarakhand,611963,"Construction & Development of Infrastructural Facilities in the main campus of NIT Uttarakhand at Sumari, Pauri Garhwal",651,0.0,355.83,54,30/09/2027,,30/06/2020,-100.0,54.65898617511521,March_2026
152,Education,Department of Higher Education,"National Institute of Technology, Meghalaya",612885,Construction and Developement of National Institute of Technology Meghalaya Permanent Campus at Sohra,495,429.7,367.48,94,31/03/2022,31/10/2026,17/09/2009,-13.191919191919194,74.23838383838384,March_2026
153,Education,Department of Higher Education,Central University of Punjab,617221,"Construction of Girls Hostel 400 seater, Boys Hostel 600 seater, Academic Block, International Hostel 100 seater, VC Residence and Purchase of Equipment",211,0.0,91.95,41,03/10/2027,,01/08/2024,-100.0,43.5781990521327,March_2026
154,Education,Department of Higher Education,"Indian Institute of Management, Jammu",602098,"Construction of Permanent Campus for IIM Jammu Phase-1 at Jagti, Nagrota, Jammu, J&K",425,500.91,484.52,96,30/06/2023,30/11/2025,01/03/2019,17.86117647058824,114.00470588235294,March_2026
155,Education,Department of Higher Education,INDIAN INSTITUTE OF TECHNOLOGY PALAKKAD,606431,CONSTRUCTION OF PERMANENT CAMPUS FOR IIT PALAKKAD UNDER PHASE 1A,1006,1217.4,672.46,85,07/06/2022,30/06/2026,01/07/2017,21.013916500994046,66.84493041749504,March_2026
156,Education,Department of Higher Education,NIT Mizoram,612876,"Construction of Permanent Campus for NIT Mizoram at Lengpui, Aizawl",474,474.23,167.55,4,31/12/2029,31/03/2022,17/09/2009,0.04852320675105869,35.348101265822784,March_2026
157,Education,Department of Higher Education,Central Tribal University of Andhra Pradesh,613008,Construction of Permanent Campus of Central Tribal University of Andhra Pradesh Phase-1,305,0.0,63.37,42,26/06/2027,,18/09/2019,-100.0,20.777049180327868,March_2026
158,Education,Department of Higher Education,Central University of Gujarat,612916,"Construction of permanent campus of Central University of Gujarat at Village kundhela, Dist. Vadodara, Gujarat.",491,0.0,329.53,84,31/03/2025,31/03/2026,28/12/2020,-100.0,67.11405295315683,March_2026
159,Education,Department of Higher Education,"Central University, Himachal Pradesh",612894,"Construction of Permanent Campus of Central University of Himachal Pradesh at Dehra, District - Kangra, [H.P.] on Engineering. Procurement and Construction [EPC Mode 1] Basis.",252,300.45,223.21,85,18/11/2024,25/03/2026,10/03/2021,19.22619047619047,88.57539682539682,March_2026
160,Education,Department of Higher Education,"Indian intitue of Management, Amritsar",605292,"Construction of Permanent Campus of Indian Institute of Management [IIM] Amritsar, Punjab, Phase-I",348,0.0,292.88,92,30/06/2023,30/09/2026,01/10/2019,-100.0,84.16091954022988,March_2026
161,Education,Department of Higher Education,"National Institute of Technology, Arunachal Pradesh",612898,Construction of Permanent Campus of National Institute of Technology Arunachal Pradesh,593,0.0,551.3,80,31/08/2026,31/08/2024,17/09/2009,-100.0,92.96795952782462,March_2026
162,Education,Department of Higher Education,"Indian Institute of Technology, Hyderabad",609996,Construction of Precast housing and hostels at IIT Hyderabad,262,0.0,210.23,86,23/10/2024,01/01/2026,29/09/2022,-100.0,80.24045801526717,March_2026
163,Education,Department of Higher Education,Sikkim University,609736,"Construction of Sikkim University Campus Phase-I Package-II at Yangang, South Sikkim",314,0.0,292.0,93,04/01/2025,31/03/2026,01/08/2020,-100.0,92.99363057324841,March_2026
164,Education,Department of Higher Education,Delhi University,616886,Delhi University Eastern Campus at Surajmal Vihar,373,0.0,27.63,10,31/10/2026,,30/09/2024,-100.0,7.407506702412868,March_2026
165,Education,Department of Higher Education,NIT Nagaland,613013,Establishment of NIT Nagaland,276,0.0,262.53,98,31/12/2025,,17/09/2009,-100.0,95.1195652173913,March_2026
166,Education,Department of Higher Education,"National Institute of Technology, Puducherry",612877,Establishment of NIT Puducherry Permanent Campus [Phase-I and Phase-II],618,544.34,543.74,98,31/12/2024,31/05/2026,17/09/2009,-11.919093851132681,87.98381877022653,March_2026
167,Education,Department of Higher Education,NIT Sikkim,612883,Establishment of Permanent Campus of NIT SIkkim at Khamdong-Gangtok District,686,610.76,283.56,34,12/02/2028,31/12/2026,12/02/2024,-10.96793002915452,41.33527696793003,March_2026
168,Education,Department of Higher Education,"Indian Institute of Management, Sirmaur",602099,Establishment of Permanent campus Phase 1 of IIM Sirmaur,393,454.78,335.33,97,31/10/2023,30/04/2026,17/09/2018,15.720101781170476,85.32569974554707,March_2026
169,Education,Department of Higher Education,"Indian Institute of Technology, Kharagpur",609019,"HEFA projects on development of student hostels, playgrounds, departmental buildings, class room complex and other campus facilities in IIT Kharagpur",500,442.0,411.4,96,31/03/2023,31/03/2026,25/06/2018,-11.600000000000001,82.28,March_2026
170,Education,Department of Higher Education,"Indian Institute of Technology, Mandi",612128,Hostel blocks & dining hall block,167,0.0,122.26,81,26/03/2026,31/07/2026,28/03/2023,-100.0,73.20958083832335,March_2026
171,Education,Department of Higher Education,"Indian Institutes of Science Education and Research, Behrampur",610315,IISER BERHAMPUR,1229,843.09,874.09,98,31/03/2021,30/06/2026,24/10/2018,-31.400325467860046,71.12205044751832,March_2026
172,Education,Department of Higher Education,National Institute of Technology Delhi,612851,"Phase 1B - Construction of Academic Block, Hostel, Residential Tower, Directors Residence and External Development works at National Institute of Technology, Delhi Campus on Engineering, Procurement and Construction basis",333,336.42,321.76,100,30/09/2025,31/01/2026,17/09/2009,1.0270270270270319,96.62462462462462,March_2026
173,Education,Department of Higher Education,"Indian Institute of Technology, Bhilai",617877,Phase B Construction of Permanent Campus of IIT Bhilai,1189,0.0,0.0,0,31/10/2028,,29/05/2025,-100.0,0.0,March_2026
174,Education,Department of Higher Education,INDIAN INSTITUTE OF TECHNOLOGY PALAKKAD,617878,Phase B of Construction of Permanent Campus of IIT Palakkad,1527,0.0,9.8,0,31/10/2028,,29/05/2025,-100.0,0.641781270464964,March_2026
175,Education,Department of Higher Education,"Indian Institute of Technology, Indore",611957,"Phase III A works at IIT Indore [03 Hostels, 01 Studio Apartment, 01 Housing, Heavy & Sophisticated lab complex, Academic POD and Infrastructure for center of excellence]",496,0.0,78.35,57,19/02/2027,,27/12/2023,-100.0,15.796370967741936,March_2026
176,Education,Department of Higher Education,Tezpur University,606112,Tezpur University Projects,154,0.0,137.84,98,08/11/2023,31/12/2025,29/05/2019,-100.0,89.50649350649351,March_2026
177,Education,Department of Sports,Department of Sports & Youth Affairs,400081,"National Sports University [NSU], Imphal [Manipur]",906,611.74,571.72,96,26/08/2024,08/08/2026,,-32.47902869757174,63.103752759381905,March_2026
178,Electricity Generation,Ministry of Coal,NLC India Limited [NLCIL],618992,100 MW SPP part of SECI 150 MW Hybrid,481,0.0,2.62,1,31/12/2026,,21/07/2022,-100.0,0.5446985446985447,March_2026
179,Electricity Generation,Ministry of Coal,NLC India Limited [NLCIL],618991,200 MW SPP part of 510 MW CPSU scheme,1221,0.0,64.03,0,31/12/2026,,21/07/2022,-100.0,5.244062244062244,March_2026
180,Electricity Generation,Ministry of Coal,NLC India Limited [NLCIL],612819,300 MW SPP part of 510 MW CPSU scheme,1813,1813.0,1753.07,100,27/09/2024,31/12/2025,21/07/2022,0.0,96.69442912300055,March_2026
181,Electricity Generation,Ministry of Coal,NLC India Limited [NLCIL],615327,50 MW Solar PP Minedout Area,218,0.0,169.95,100,31/03/2025,31/12/2025,05/08/2023,-100.0,77.95871559633028,March_2026
182,Electricity Generation,Ministry of Coal,NLC India Limited [NLCIL],617299,50 MW Wind Power Project,384,0.0,328.56,51,30/06/2025,31/01/2026,21/07/2022,-100.0,85.5625,March_2026
183,Electricity Generation,Ministry of Coal,NLC India Limited [NLCIL],617730,600 MW Khavda Solar Power Project,3336,0.0,2095.54,31,30/06/2026,,01/08/2023,-100.0,62.815947242206235,March_2026
184,Electricity Generation,Ministry of Coal,NLC India Limited [NLCIL],400259,Ghatampur Thermal Power Plant 3 X 660 MW,17238,21780.9,21129.1,95,26/11/2020,25/03/2026,27/07/2016,26.35398538113471,122.57280426963683,March_2026
185,Electricity Generation,Ministry of Coal,NLC India Limited [NLCIL],400231,NLC Talabira Thermal Power Project,27213,0.0,3450.52,2,31/03/2030,,25/01/2017,-100.0,12.679675155256678,March_2026
186,Electricity Generation,Ministry of Power,North Eastern Electric Power Corporation Limited,611699,186 MW Tato-I H E Project,1750,0.0,73.67,2,29/07/2029,,11/12/2024,-100.0,4.209714285714286,March_2026
187,Electricity Generation,Ministry of Power,North Eastern Electric Power Corporation Limited,611698,240MW Heo HE Project,1939,0.0,96.6,3,29/07/2029,,11/12/2024,-100.0,4.981949458483754,March_2026
188,Electricity Generation,Ministry of Power,Satluj Jal Vidyut Nigam [SJVN] Thermal Limited,709747,Bagodara Solar Power Project,339,0.0,370.0,52,31/12/2025,31/12/2025,26/03/2021,-100.0,109.14454277286137,March_2026
189,Electricity Generation,Ministry of Power,Satluj Jal Vidyut Nigam [SJVN] Thermal Limited,602579,Buxar Thermal Power Project [1320 MW],10439,13756.6,13253.0,94,08/01/2024,30/05/2026,08/03/2019,31.780821917808222,126.95660503879682,March_2026
190,Electricity Generation,Ministry of Power,Satluj Jal Vidyut Nigam [SJVN] Thermal Limited,602582,Dhaulasidh Hydro Electric Project [66 MW],688,1561.21,1091.0,76,05/11/2025,31/03/2027,01/10/2020,126.92005813953489,158.57558139534885,March_2026
191,Electricity Generation,Ministry of Power,National Hydroelectric Power Corporation Limited [NHPC],602182,Dibang Multipurpose Project,31876,0.0,4540.83,17,26/02/2032,26/02/2032,27/02/2023,-100.0,14.245294265277952,March_2026
192,Electricity Generation,Ministry of Power,National Thermal Power Corporation [NTPC],618976,"Gadarwara Super Thermal Power Project, Stage-II [2x800 MW]",20446,0.0,1617.84,6,31/03/2030,,05/11/2024,-100.0,7.912745769343636,March_2026
193,Electricity Generation,Ministry of Power,Damodar Valley Corporation,602538,Installation of FGD for 4x210 & 2x250 MW MTPS U 1-6,1037,1106.0,1129.14,96,22/01/2024,31/05/2026,25/06/2019,6.653809064609451,108.88524590163935,March_2026
194,Electricity Generation,Ministry of Power,National Hydroelectric Power Corporation Limited [NHPC],602532,Kiru HE Project,4288,5409.0,3681.19,82,07/09/2023,31/12/2026,08/03/2019,26.142723880597014,85.8486473880597,March_2026
195,Electricity Generation,Ministry of Power,Damodar Valley Corporation,611509,"Koderma Thermal Power Station Phase II [2X800 MW] At Koderma, Jharkhand",14358,0.0,1777.92,11,14/03/2029,,28/04/2023,-100.0,12.382783117425825,March_2026
196,Electricity Generation,Ministry of Power,National Hydroelectric Power Corporation Limited [NHPC],605155,Kwar HE Project,4526,0.0,1516.68,33,10/11/2026,31/03/2028,10/05/2022,-100.0,33.510384445426425,March_2026
197,Electricity Generation,Ministry of Power,National Thermal Power Corporation [NTPC],611930,Lara Super Thermal Power Project Stage-II [2 x 800 MW],15530,16106.0,4606.12,27,30/06/2028,30/09/2028,29/08/2023,3.708950418544752,29.659497746297486,March_2026
198,Electricity Generation,Ministry of Power,Satluj Jal Vidyut Nigam [SJVN] Thermal Limited,602593,Luhri Stage-I Hydro Electric Project [210 MW],1811,4681.64,1916.37,51,19/01/2026,28/02/2030,20/11/2020,158.51131971286583,105.81833241303147,March_2026
199,Electricity Generation,Ministry of Power,National Thermal Power Corporation [NTPC],619051,"Nabinagar Super Thermal Power Project, Stage-II [3x800 MW]",29948,0.0,2547.19,9,31/07/2030,,05/11/2024,-100.0,8.505375985040738,March_2026
200,Electricity Generation,Ministry of Power,National Hydroelectric Power Corporation Limited [NHPC],602525,"Pakal Dul [Drangdhuran] Hydroelectric Project, 1000 MW",8112,12728.0,8871.22,80,27/04/2020,31/12/2026,28/10/2014,56.90335305719921,109.35922090729781,March_2026
201,Electricity Generation,Ministry of Power,National Thermal Power Corporation [NTPC],400261,Patratu Thermal Power Station Expansion Project Phase-I [3x800 MW],18668,20302.0,18630.0,89,31/03/2023,28/02/2027,07/11/2017,8.752946218127276,99.79644311120634,March_2026
202,Electricity Generation,Ministry of Power,Damodar Valley Corporation,400062,"Raghunathpur Thermal Power Station Phase II [2X660 MW] at Raghunathpur, Purulia, West Bengal",17673,0.0,1791.7,9,30/06/2029,,30/01/2023,-100.0,10.138063713008544,March_2026
203,Electricity Generation,Ministry of Power,National Thermal Power Corporation [NTPC],602184,Rammam-III HEPP [3x40 MW],1382,2865.56,1550.11,55,30/09/2019,31/03/2029,10/09/2014,107.34876989869753,112.1642547033285,March_2026
204,Electricity Generation,Ministry of Power,National Hydroelectric Power Corporation Limited [NHPC],605156,Rangit-IV HE Project [120 MW] executed by Jal Power Corporation Ltd. [JPCL] - A wholly owned subsidiary of NHPC Ltd. acquired through NCLT,938,1828.11,1620.15,96,29/05/2024,28/12/2025,30/03/2021,94.89445628997866,172.72388059701493,March_2026
205,Electricity Generation,Ministry of Power,National Hydroelectric Power Corporation Limited [NHPC],602535,"Ratle HE Project - 850 MW, Ratle Hydroelectric Power Corporation Limited.",5282,0.0,1526.09,29,10/02/2026,28/11/2028,11/02/2021,-100.0,28.892275653161683,March_2026
206,Electricity Generation,Ministry of Power,National Thermal Power Corporation [NTPC],612142,"Singrauli Super Thermal Power Project, Stage-III [2x800 MW]",17195,0.0,3131.62,18,28/02/2030,,03/03/2024,-100.0,18.2123873218959,March_2026
207,Electricity Generation,Ministry of Power,National Thermal Power Corporation [NTPC],617188,"Sipat Super Thermal Power Project, Stage-III [1x800 MW]",9791,0.0,1556.39,19,30/09/2029,,20/09/2024,-100.0,15.896129098151365,March_2026
208,Electricity Generation,Ministry of Power,National Hydroelectric Power Corporation Limited [NHPC],602096,Subansiri Lower HE Project [2000 MW],6285,26075.5,26119.3,98,08/09/2010,31/05/2026,09/09/2003,314.884645982498,415.5815433571997,March_2026
209,Electricity Generation,Ministry of Power,Satluj Jal Vidyut Nigam [SJVN] Thermal Limited,611586,Sunni Dam Hydro Electric Project [382 MW],2615,4925.87,1075.31,34,03/04/2028,31/12/2029,12/01/2023,88.36978967495219,41.1208413001912,March_2026
210,Electricity Generation,Ministry of Power,National Thermal Power Corporation [NTPC],602961,Talcher Thermal Power Station Stage III [2 x 660 MW] Expansion,11844,12543.0,6222.91,48,31/05/2027,31/03/2028,25/08/2022,5.9017223910840935,52.54061127997298,March_2026
211,Electricity Generation,Ministry of Power,National Thermal Power Corporation [NTPC],602185,Tapovan-Vishnugad HEP [4x130 MW],2978,10907.3,7608.82,77,31/03/2013,30/04/2029,16/11/2006,266.2625923438549,255.5010073875084,March_2026
212,Electricity Generation,Ministry of Power,National Hydroelectric Power Corporation Limited [NHPC],602181,"TEESTA-VI HE PROJECT, SIKKIM [500 MW], executed by LANCO TEESTA HYDRO POWER LIMITED [A wholly owned Subsidiary of NHPC LTD. acquired through NCLT]",5748,5748.04,4298.28,72,07/03/2024,31/12/2027,08/03/2019,0.0006958942240773072,74.77870563674321,March_2026
213,Electricity Generation,Ministry of Power,THDC India Limited,602195,Vishnugad Pipalkoti Hydro Electric Project [444 MW],3860,6405.08,5366.01,79,15/12/2022,30/09/2027,21/08/2008,65.93471502590673,139.0158031088083,March_2026
214,Energy Storage,Ministry of Petroleum & Natural Gas,Ministry of Petroleum & Natural Gas,604833,"Andheri Residential Towers, Mumbai",281,389.67,265.21,79,31/05/2025,30/06/2026,27/06/2017,38.67259786476869,94.38078291814946,March_2026
215,Energy Storage,Ministry of Petroleum & Natural Gas,Ministry of Petroleum & Natural Gas,617839,Capacity Augmentation of Kandla LPG Import Terminal [KLIT] from 0.6 MMTPA to 2.5 MMTPA,357,304.4,63.42,65,31/07/2026,31/07/2026,29/05/2023,-14.733893557422975,17.764705882352942,March_2026
216,Energy Storage,Ministry of Petroleum & Natural Gas,Hindustan Petroleum Corporation Limited,709754,"Construction of LPG Facilities at Kamardanga, Assam",156,156.36,95.86,71,04/07/2027,04/07/2027,30/03/2023,0.2307692307692395,61.44871794871795,March_2026
217,Energy Storage,Ministry of Petroleum & Natural Gas,Indian Oil Corporation Limited [IOCL],400035,"Grass Root Rail-fed Depot at Sekerkote, Agartala as resitement of existing Dharmanagar Depot",656,656.0,537.17,97,30/09/2025,30/06/2026,28/06/2022,0.0,81.88567073170732,March_2026
218,Energy Storage,Ministry of Petroleum & Natural Gas,Ministry of Petroleum & Natural Gas,604852,"Grass-root Terminal at Mirzapur, Uttar Pradesh",980,980.45,289.03,75,30/11/2026,30/11/2026,29/09/2022,0.04591836734694341,29.492857142857137,March_2026
219,Energy Storage,Ministry of Petroleum & Natural Gas,Ministry of Petroleum & Natural Gas,400012,Kandla Gorakhpur LPG Pipeline,10088,10088.0,8213.84,95,30/12/2021,30/06/2026,31/12/2018,0.0,81.42188739095955,March_2026
220,Energy Storage,Ministry of Petroleum & Natural Gas,Ministry of Petroleum & Natural Gas,400043,Laying of POL Pipelines in Common Corridor for proposed grass root terminal at Vallur [Chennai],829,829.0,350.21,75,31/05/2026,31/05/2026,31/01/2022,0.0,42.24487334137515,March_2026
221,Energy Storage,Ministry of Petroleum & Natural Gas,Ministry of Petroleum & Natural Gas,617829,LPG Bottling Plant at Mualkhang,226,225.71,19.82,31,10/10/2028,03/11/2027,04/07/2024,-0.12831858407079294,8.76991150442478,March_2026
222,Energy Storage,Ministry of Petroleum & Natural Gas,"Department of Water Resources, River Development & GR",400301,Multi Product Pipeline from Irugur to Devangonthi,678,1732.0,1087.93,82,25/02/2017,30/09/2026,09/11/2012,155.45722713864308,160.46165191740414,March_2026
223,Energy Storage,Ministry of Petroleum & Natural Gas,Ministry of Petroleum & Natural Gas,400078,New Mundra Panipat Crude Oil Pipeline,9028,9028.0,7132.48,91,19/12/2024,30/06/2026,20/12/2021,0.0,79.00398759415152,March_2026
224,Energy Storage,Ministry of Petroleum & Natural Gas,Ministry of Petroleum & Natural Gas,701349,Paradip-Numaligarh Crude Oil Pipeline [PNCPL] & Crude Oil Import Terminal [COIT] at Paradip,10228,11407.0,10771.2,92,27/07/2024,31/10/2026,28/01/2019,11.527180289401642,105.31091122409073,March_2026
225,Energy Storage,Ministry of Petroleum & Natural Gas,Hindustan Petroleum Corporation Limited [HPCL],709759,"Petrochemical evacuation marketing terminal at Barmer, Rajasthan",461,461.05,216.91,86,06/12/2026,06/12/2026,07/12/2023,0.010845986984818085,47.052060737527114,March_2026
226,Energy Storage,Ministry of Petroleum & Natural Gas,MinistryofPetroleumNaturalGas,701263,Rajasthan Refinery Project,43129,79459.0,68837.7,92,31/10/2022,30/06/2026,09/10/2017,84.23566509773006,159.60884787497972,March_2026
227,Energy Storage,Ministry of Petroleum & Natural Gas,Hindustan Petroleum Corporation Limited [HPCL],709755,"Setting up of new rail fed POL facility at Kamardanga, Assam",384,384.04,212.07,80,04/07/2027,04/07/2027,29/03/2023,0.010416666666671997,55.2265625,March_2026
228,Energy Storage,Ministry of Petroleum & Natural Gas,Ministry of Petroleum & Natural Gas,701343,Srikakulam Angul Gas Pipeline Project,2658,2810.0,2310.2,97,22/07/2022,30/06/2026,12/09/2019,5.718585402558315,86.91497366440932,March_2026
229,Healthcare,Ministry of Health & Family Welfare,PMSSY AND Institute of NATIONAL Importance,701171,AIIMS Bibinagar,1028,1365.95,989.98,87,30/06/2026,30/06/2026,17/12/2018,32.87451361867705,96.30155642023347,March_2026
230,Healthcare,Ministry of Health & Family Welfare,PMSSY AND Institute of NATIONAL Importance,701172,AIIMS Darbhanga,1264,0.0,0.0,0,30/09/2024,,,-100.0,0.0,March_2026
231,Healthcare,Ministry of Health & Family Welfare,PMSSY AND Institute of NATIONAL Importance,701167,AIIMS Kashmir at Awantipora Jammu & Kashmir,1828,2160.84,1545.05,75,02/12/2025,31/12/2026,10/01/2019,18.207877461706794,84.52133479212253,March_2026
232,Healthcare,Ministry of Health & Family Welfare,PMSSY AND Institute of NATIONAL Importance,701173,AIIMS Majra Rewari Haryana,1299,1646.43,651.42,57,31/12/2026,31/12/2026,28/02/2019,26.745958429561206,50.147806004618936,March_2026
233,Healthcare,Ministry of Health & Family Welfare,PMSSY AND Institute of NATIONAL Importance,701170,AIIMS Rajkot,1195,0.0,775.6,94,31/03/2026,31/03/2026,10/01/2019,-100.0,64.90376569037657,March_2026
234,Healthcare,Ministry of Health & Family Welfare,PMSSY AND Institute of NATIONAL Importance,701168,ALL India Institute of Medical Sciences-AIIMS Madurai,1264,2021.51,485.02,48,31/08/2022,31/10/2026,17/12/2018,59.929588607594944,38.37183544303797,March_2026
235,Healthcare,Ministry of Health & Family Welfare,"Medical Education, Ministry of Health and Family Welfare",707022,Establishment of new GMC Chaibasa [Singhbhum],250,454.1,63.0,48,09/09/2025,,15/06/2018,81.64000000000001,25.2,March_2026
236,Healthcare,Ministry of Health & Family Welfare,"Medical Education, Ministry of Health and Family Welfare",707039,Establishment of new GMC Gangtok,250,635.21,658.21,92,31/12/2026,,06/10/2018,154.08400000000003,263.28400000000005,March_2026
237,Healthcare,Ministry of Health & Family Welfare,"Medical Education, Ministry of Health and Family Welfare",707070,Establishment of new GMC Hoshiarpur,325,374.75,1.0,1,31/12/2028,,27/01/2020,15.307692307692308,0.3076923076923077,March_2026
238,Healthcare,Ministry of Health & Family Welfare,"Medical Education, Ministry of Health and Family Welfare",707020,Establishment of new GMC Jamui,250,500.0,100.21,32,06/10/2025,,07/03/2019,100.0,40.083999999999996,March_2026
239,Healthcare,Ministry of Health & Family Welfare,"Medical Education, Ministry of Health and Family Welfare",707046,Establishment of new GMC Kanker,325,325.0,25.0,52,31/03/2027,,19/02/2020,0.0,7.6923076923076925,March_2026
240,Healthcare,Ministry of Health & Family Welfare,"Medical Education, Ministry of Health and Family Welfare",707069,Establishment of new GMC Kapurthala,325,550.0,0.0,0,31/12/2028,,27/11/2019,69.23076923076923,0.0,March_2026
241,Healthcare,Ministry of Health & Family Welfare,"Medical Education, Ministry of Health and Family Welfare",707021,Establishment of new GMC Koderma,250,504.8,269.0,30,19/08/2026,,05/09/2023,101.92000000000002,107.60000000000001,March_2026
242,Healthcare,Ministry of Health & Family Welfare,"Medical Education, Ministry of Health and Family Welfare",707044,Establishment of new GMC Korba,325,322.85,167.49,54,31/12/2026,,24/02/2023,-0.6615384615384545,51.535384615384615,March_2026
243,Healthcare,Ministry of Health & Family Welfare,"Medical Education, Ministry of Health and Family Welfare",707045,Establishment of new GMC Mahasamund,325,0.0,311.5,75,31/05/2026,,19/10/2023,-100.0,95.84615384615385,March_2026
244,Healthcare,Ministry of Health & Family Welfare,"Medical Education, Ministry of Health and Family Welfare",707059,Establishment of new GMC Mandla,325,0.0,72.41,43,08/04/2026,,04/08/2023,-100.0,22.28,March_2026
245,Healthcare,Ministry of Health & Family Welfare,"Medical Education, Ministry of Health and Family Welfare",707049,Establishment of new GMC Panchmahal,325,663.5,438.34,38,31/03/2026,,20/09/2022,104.15384615384615,134.87384615384613,March_2026
246,Healthcare,Ministry of Health & Family Welfare,"Medical Education, Ministry of Health and Family Welfare",707087,Establishment of new GMC Pithoragarh,325,768.89,319.08,78,31/12/2026,,25/08/2021,136.58153846153846,98.17846153846153,March_2026
247,Healthcare,Ministry of Health & Family Welfare,"Medical Education, Ministry of Health and Family Welfare",707050,Establishment of new GMC Porbandar,325,618.98,928.64,68,30/09/2024,,05/04/2022,90.45538461538463,285.7353846153846,March_2026
248,Healthcare,Ministry of Health & Family Welfare,"Medical Education, Ministry of Health and Family Welfare",707058,Establishment of new GMC Rajgarh,325,0.0,168.0,71,19/04/2024,,08/12/2021,-100.0,51.69230769230769,March_2026
249,Healthcare,Ministry of Health & Family Welfare,"Medical Education, Ministry of Health and Family Welfare",707086,Establishment of new GMC Rudrapur,325,0.0,264.0,35,31/12/2026,,04/10/2022,-100.0,81.23076923076923,March_2026
250,Healthcare,Ministry of Health & Family Welfare,PMSSY AND Institute of NATIONAL Importance,617883,"Redevelopment of Residential colonies at Ayur Vigyan Nagar and West Ansari Nagar campuses of AIIMS, New Delhi",4441,0.0,24.68,61,02/06/2027,,25/10/2016,-100.0,0.5557306912857465,March_2026
251,Healthcare,Ministry of Health & Family Welfare,PMSSY AND Institute of NATIONAL Importance,617882,"Setting up IT Infrastructure including Network Security and Hosting at AIIMS, New Delhi",358,0.0,0.0,0,10/09/2026,,11/09/2025,-100.0,0.0,March_2026
252,Healthcare,Ministry of Labour and Employment,Employee's State Insurance Company [ESIC],612186,350 Bedded [Upgradable to 500 beds] ESI Hospital at Sanand,558,0.0,55.81,20,04/03/2026,08/05/2027,18/06/2022,-100.0,10.001792114695341,March_2026
253,Healthcare,Ministry of Labour and Employment,Employee's State Insurance Company [ESIC],612748,"Construction of 100 bed ESI Hospital and Staff Quarters [32 Nos.] at Harohalli, Karnataka",151,0.0,6.76,10,28/02/2027,,16/07/2019,-100.0,4.47682119205298,March_2026
254,Healthcare,Ministry of Labour and Employment,Employee's State Insurance Company [ESIC],612513,"Construction of 100 Bedded ESI Hospital at Duburi, Odisha.",165,0.0,16.4,7,09/06/2027,,10/12/2010,-100.0,9.939393939393938,March_2026
255,Healthcare,Ministry of Labour and Employment,Employee's State Insurance Company [ESIC],612178,"Construction of 100 Bedded ESIC Hospital building and 32 Nos Residential Quarters at Vallam Vadangal, SIPCOT, Sriperumbudur",153,177.01,127.22,100,12/06/2025,31/03/2026,18/02/2015,15.692810457516334,83.15032679738562,March_2026
256,Healthcare,Ministry of Labour and Employment,Employee's State Insurance Company [ESIC],612745,"Construction of 200 bed ESI Hospital at Bommasandra, Karnataka",278,0.0,68.23,23,12/01/2027,28/05/2027,18/02/2015,-100.0,24.5431654676259,March_2026
257,Healthcare,Ministry of Labour and Employment,Employee's State Insurance Company [ESIC],612188,"Construction of 200 Bedded [Upgradable to 500 Bedded including 50 beds of SST] ESIC Hospital at Bibewadi, Pune",429,0.0,323.98,74,19/09/2025,31/08/2026,24/05/2018,-100.0,75.51981351981352,March_2026
258,Healthcare,Ministry of Labour and Employment,Employee's State Insurance Company [ESIC],612213,"Construction of 200 Bedded ESIC Hospital at Butibori, Nagpur, Maharashtra.",195,196.7,114.39,66,31/08/2025,30/09/2026,28/10/2013,0.871794871794866,58.66153846153846,March_2026
259,Healthcare,Ministry of Labour and Employment,Employee's State Insurance Company [ESIC],612201,"Construction of 200 bedded ESIC Hospital with 62 Nos Staff quarters , Beltola",143,154.75,130.08,98,12/04/2025,30/04/2026,06/12/2017,8.216783216783217,90.96503496503497,March_2026
260,Healthcare,Ministry of Labour and Employment,Employee's State Insurance Company [ESIC],612259,CONSTRUCTION OF 300 BEDDED HOSPITAL AT HARIDWAR,102,297.63,334.82,84,30/10/2024,31/03/2026,22/02/2021,191.79411764705884,328.2549019607843,March_2026
261,Healthcare,Ministry of Labour and Employment,Employee's State Insurance Company [ESIC],612167,"Construction of 350 beds + 50 Super Specialty beds ESIC Hospital Sheelanagar, Visakhapatnam, Andhra Pradesh",384,0.0,253.37,80,09/10/2025,31/03/2026,22/02/2021,-100.0,65.98177083333333,March_2026
262,Healthcare,Ministry of Labour and Employment,Employee's State Insurance Company [ESIC],612211,"Demolition, Construction and upgradation of ESI Hospital, Kalol, Gujarat from 50 beds to 150 beds.",206,0.0,51.73,30,05/10/2025,30/06/2026,26/08/2022,-100.0,25.111650485436893,March_2026
263,Healthcare,Ministry of Labour and Employment,Employee's State Insurance Company [ESIC],616691,"Upgradation & Extension of ESIC Hospital and Construction of PG Hostel / Staff Housing for ESIC Hospital at Andheri, Mumbai",260,0.0,210.12,89,15/08/2025,30/09/2026,26/12/2008,-100.0,80.81538461538462,March_2026
264,Healthcare,"Ministry of Ports, Shipping and Waterways",Mumbai Port Trust [MPT],708662,Establishment of 600 bed super specialty hospital with optional development of Medical college and further expansion on PPP basis.,693,693.0,58.0,11,30/06/2026,31/12/2027,13/08/2019,0.0,8.369408369408369,March_2026
265,Inland Waterways,"Ministry of Ports, Shipping and Waterways",Inland Waterways Authority of India [IWAI],611142,Fairway Development in West Bengal Farakka - Kahelgaon,177,197.0,383.41,100,31/07/2023,21/04/2024,01/01/2018,11.299435028248588,216.61581920903959,March_2026
266,Inland Waterways,"Ministry of Ports, Shipping and Waterways",Inland Waterways Authority of India [IWAI],701565,Jal Marg Vikas Project,5369,5061.15,3956.59,81,31/12/2023,31/12/2025,03/01/2018,-5.73384242875769,73.6932389644254,March_2026
267,Logistics Infrastructure,Department for Promotion of Industry & Internal Trade,National Highways & Infrastructure Development Corporation Ltd. [NHIDCL],707410,Integrated Multi Modal Logistics Hub at Nangal Chaudhary in Haryana - Other Trunk Infrastructure Development Phase 1,763,0.0,430.0,60,31/12/2023,15/05/2028,16/05/2018,-100.0,56.356487549148106,March_2026
268,Metals & Mining,Ministry of Mines,National Aluminium Company Limited [NALCO],709832,25.5 MW WIND POWER PROJECT AT KAYATHAR IN TAMILNADU,166,0.0,135.0,67,31/03/2025,31/03/2026,27/09/2017,-100.0,81.32530120481928,March_2026
269,Metals & Mining,Ministry of Mines,National Aluminium Company Limited [NALCO],400141,Expansion of Alumina Refinery Plant with addition of 5th Stream having capacity enhancement of 1.0 Million Tonee Per Annum,4103,5677.4,4840.66,92,31/12/2022,30/06/2026,21/04/2017,38.371922983183026,117.97855227882037,March_2026
270,Metals & Mining,Ministry of Mines,Hindustan Copper Limited [HCL],400426,Expansion of Malanjkhand Copper Project,1856,0.0,962.65,84,30/04/2020,30/04/2026,30/09/2011,-100.0,51.86691810344828,March_2026
271,Metals & Mining,Ministry of Mines,National Aluminium Company Limited [NALCO],400299,Pottangi Bauxite Mines Project,1381,1960.77,770.08,52,31/03/2025,31/05/2026,14/05/2018,41.981897175959446,55.76249094858798,March_2026
272,Metals & Mining,Ministry of Mines,National Aluminium Company Limited [NALCO],709831,SOURCING OF BAUXITE ARRANGEMENT FOR 5TH STREAM ALUMINA REFINERY FROM SOUTH BLOCK MINING LEASE OF PANCHPATMAILI MINES,483,0.0,446.12,92,31/05/2025,30/06/2026,11/11/2017,-100.0,92.36438923395444,March_2026
273,Metals & Mining,Ministry of Steel,National Mineral Development Corporation Limited [NMDC],615202,Capacity expansion of Deposit-14 and 14 NMZ at Kirandul,1700,1756.2,253.33,16,31/12/2028,27/03/2028,12/08/2021,3.3058823529411794,14.901764705882353,March_2026
274,Oil & Gas,Ministry of Petroleum & Natural Gas,Hindustan Petroleum Corporation Limited [HPCL],400171,2G Ethanol Biorefinery at Bathinda,1421,1421.46,1249.81,96,18/02/2023,31/12/2026,19/05/2020,0.032371569317384684,87.95285010555946,March_2026
275,Oil & Gas,Ministry of Petroleum & Natural Gas,Ministry of Petroleum & Natural Gas,400168,"500 KTA PDHPP Project, Usar",8797,11256.0,7920.66,90,08/04/2025,30/04/2027,08/04/2021,27.95271115152893,90.03819483914971,March_2026
276,Oil & Gas,Ministry of Petroleum & Natural Gas,MinistryofPetroleumNaturalGas,617822,ATF Pipeline from BPCLs Malkapur POL Installation to Hyderabad International airport,215,0.0,45.41,24,24/09/2027,,06/03/2025,-100.0,21.120930232558138,March_2026
277,Oil & Gas,Ministry of Petroleum & Natural Gas,Indian Oil Corporation Limited [IOCL],709782,ATF Pipeline from Jawaharlal Nehru Port Trust to Navi Mumbai International Airport,165,165.0,99.04,95,21/08/2025,30/06/2026,22/08/2022,0.0,60.02424242424242,March_2026
278,Oil & Gas,Ministry of Petroleum & Natural Gas,Ministry of Petroleum & Natural Gas,617838,Augmentation of CCKPL and IDPL Pipelines capacity along with setting up of Palakkad TOP,1130,1130.0,250.7,34,31/08/2028,31/08/2028,12/09/2024,0.0,22.1858407079646,March_2026
279,Oil & Gas,Ministry of Petroleum & Natural Gas,Ministry of Petroleum & Natural Gas,619224,Augmentation of DUPL-DPPL Pipeline,844,0.0,0.0,0,22/03/2028,,23/06/2025,-100.0,0.0,March_2026
280,Oil & Gas,Ministry of Petroleum & Natural Gas,MinistryofPetroleumNaturalGas,709786,"Augmentation/ Revamping of Dimapur Depot, Dimapur",228,227.62,25.76,40,30/11/2027,30/11/2027,18/08/2023,-0.1666666666666647,11.298245614035087,March_2026
281,Oil & Gas,Ministry of Petroleum & Natural Gas,MinistryofPetroleumNaturalGas,709776,Augmentation/Revamping of Facilities at existing Guwahati Terminal at Betkuchi,277,323.09,226.36,81,30/09/2026,30/09/2026,06/04/2022,16.63898916967508,81.71841155234657,March_2026
282,Oil & Gas,Ministry of Petroleum & Natural Gas,Ministry of Petroleum & Natural Gas,701324,Barauni Refinery Capacity Expansion from 6.0 to 9.0 MMTPA,14810,16724.0,12666.9,90,30/04/2023,31/08/2026,30/01/2020,12.923700202565833,85.52937204591493,March_2026
283,Oil & Gas,Ministry of Petroleum & Natural Gas,Ministry of Petroleum & Natural Gas,709850,Borholla GGS Life Extension Project [BLEP],199,198.7,90.21,55,16/05/2026,30/09/2026,18/09/2023,-0.1507537688442268,45.33165829145728,March_2026
284,Oil & Gas,Ministry of Petroleum & Natural Gas,Ministry of Petroleum & Natural Gas,617830,C2/C3 Vijaipur Pata Pipeline,1792,1792.0,468.1,61,15/01/2027,15/01/2027,16/05/2024,0.0,26.12165178571429,March_2026
285,Oil & Gas,Ministry of Petroleum & Natural Gas,MinistryofPetroleumNaturalGas,709779,Capacity Expansion of Digboi Refinery from 0.65 to 1.0 MMTPA,768,740.0,180.91,54,08/03/2026,31/07/2027,28/06/2022,-3.6458333333333335,23.555989583333332,March_2026
286,Oil & Gas,Ministry of Petroleum & Natural Gas,Ministry of Petroleum & Natural Gas,701289,Capacity Expansion of Panipat Refinery from 15 to 25 MMTPA,34627,36225.0,26553.1,93,30/09/2024,31/12/2026,26/02/2021,4.61489589049008,76.6832240736997,March_2026
287,Oil & Gas,Ministry of Petroleum & Natural Gas,Chennai Petroleum Corporation Limited [CPCL],604795,CBR 9 MMTPA Project,31580,36354.0,1544.96,10,02/06/2025,31/10/2028,03/09/2021,15.117162761241293,4.892210259658011,March_2026
288,Oil & Gas,Ministry of Petroleum & Natural Gas,Hindustan Petroleum Corporation Limited,709757,"CGD Project in Banka, Dumka, Godda, Jamtara, Pakur, Sahibganj GA ID 11A.02",1377,1377.0,365.39,36,30/06/2030,30/06/2030,14/06/2022,0.0,26.535221496005807,March_2026
289,Oil & Gas,Ministry of Petroleum & Natural Gas,Hindustan Petroleum Corporation Limited,709758,"CGD Project in Malda, Birbhum, Murshidabad, Dakshin Dinajpur GA ID 11A.03",2628,2628.0,567.65,35,30/06/2030,30/06/2030,17/06/2022,0.0,21.600076103500758,March_2026
290,Oil & Gas,Ministry of Petroleum & Natural Gas,IOCL,619196,Change of service of existing Mundra-Panipat Pipeline [Panipat - Churwa section] from Crude oil to Product,359,0.0,9.17,31,31/03/2027,,30/05/2025,-100.0,2.554317548746518,March_2026
291,Oil & Gas,Ministry of Petroleum & Natural Gas,Ministry of Petroleum & Natural Gas,617818,"City Gas Distribution [CGD] Project in Gajapati, Kandhamal, Boudh, & Sonepur GA",515,514.91,22.08,6,27/02/2030,31/12/2031,28/02/2022,-0.01747572815534599,4.287378640776699,March_2026
292,Oil & Gas,Ministry of Petroleum & Natural Gas,Ministry of Petroleum & Natural Gas,617819,"City Gas Distribution [CGD] Project in Kondagaon, Bastar, Sukma, Narayanpur, Bijapur & Dantewada GA",557,557.04,7.8,2,12/06/2030,12/06/2030,13/06/2022,0.0071813285457744385,1.400359066427289,March_2026
293,Oil & Gas,Ministry of Petroleum & Natural Gas,Ministry of Petroleum & Natural Gas,701338,City Gas Distribution Maharashtra Natural Gas Limited,5535,5535.0,4224.31,47,08/06/2031,08/06/2031,13/01/2006,0.0,76.31996386630534,March_2026
294,Oil & Gas,Ministry of Petroleum & Natural Gas,MinistryofPetroleumNaturalGas,709771,"City Gas Distribution Project at Beed, Jalgaon and Jalna Districts",865,865.0,78.67,3,30/09/2031,30/09/2031,15/03/2022,0.0,9.094797687861272,March_2026
295,Oil & Gas,Ministry of Petroleum & Natural Gas,MinistryofPetroleumNaturalGas,709772,"City Gas Distribution Project at East Mednipore, West Mednipore & Jhargram Districts",609,609.0,62.42,3,30/06/2031,30/06/2031,23/03/2022,0.0,10.2495894909688,March_2026
296,Oil & Gas,Ministry of Petroleum & Natural Gas,MinistryofPetroleumNaturalGas,709773,"City Gas Distribution Project at Jammu, Udhampur, Reasi, Samba and Kathua Districts",538,538.0,4.32,1,31/03/2032,30/09/2034,15/03/2022,0.0,0.8029739776951674,March_2026
297,Oil & Gas,Ministry of Petroleum & Natural Gas,MinistryofPetroleumNaturalGas,709770,City Gas Distribution Project at Pathankot District,151,151.0,8.89,2,30/09/2033,30/09/2033,29/03/2022,0.0,5.887417218543047,March_2026
298,Oil & Gas,Ministry of Petroleum & Natural Gas,Bharat Petroleum Corporation Limited [BPCL],709791,City Gas Distribution Projects at Alipurduar and Cooch Behar,1017,1017.0,224.72,44,31/03/2030,31/03/2030,21/12/2022,0.0,22.09636184857424,March_2026
299,Oil & Gas,Ministry of Petroleum & Natural Gas,Bharat Petroleum Corporation Limited [BPCL],709792,"City Gas Distribution Projects at Darbhanga, Madhubani, Supaul, Sitamarhi and Sheohar districts",3638,3638.0,465.62,33,31/03/2030,31/03/2030,21/12/2022,0.0,12.798790544255084,March_2026
300,Oil & Gas,Ministry of Petroleum & Natural Gas,Bharat Petroleum Corporation Limited [BPCL],709794,"City Gas Distribution Projects at Fazilka [except area already authorized], Ganganagar and Hanumangarh districts",3207,3207.0,409.92,30,30/06/2030,30/06/2030,21/12/2022,0.0,12.782039289055191,March_2026
301,Oil & Gas,Ministry of Petroleum & Natural Gas,Bharat Petroleum Corporation Limited [BPCL],709793,"City Gas Distribution Projects at Gopalganj, Siwan, West Champaran, East Champaran and Deoria districts",3919,3919.0,503.73,30,30/06/2030,30/06/2030,21/12/2022,0.0,12.853534064812452,March_2026
302,Oil & Gas,Ministry of Petroleum & Natural Gas,Bharat Petroleum Corporation Limited [BPCL],709795,"City Gas Distribution Projects at Lakhimpur Kheri , Sitapur, Bahraich, Shravasti,Balrampur, Siddharth Nagar & Maharajganj districts",16654,16654.0,697.88,18,30/06/2030,30/06/2030,21/12/2022,0.0,4.190464753212442,March_2026
303,Oil & Gas,Ministry of Petroleum & Natural Gas,Bharat Petroleum Corporation Limited [BPCL],709796,City Gas Distribution Projects at the Nilgiris and Erode districts,3685,3685.0,280.64,25,31/03/2030,31/03/2030,21/12/2022,0.0,7.6157394843962,March_2026
304,Oil & Gas,Ministry of Petroleum & Natural Gas,Ministry of Petroleum & Natural Gas,617836,Coke Drum Structure Package,635,635.28,412.7,56,31/12/2025,30/09/2026,20/12/2022,0.04409448818897208,64.99212598425197,March_2026
305,Oil & Gas,Ministry of Petroleum & Natural Gas,Oil and Natural Gas Corporation Limited [ONGC],709838,Commercial Polymer Flooding Project in Bechraji field,621,739.02,191.64,36,30/11/2024,31/05/2027,21/01/2022,19.004830917874393,30.85990338164251,March_2026
306,Oil & Gas,Ministry of Petroleum & Natural Gas,MinistryofPetroleumNaturalGas,709780,Construction of Additional Tankages and Allied Facilities at JNPT Terminal,341,436.14,301.94,70,31/08/2026,31/08/2026,19/04/2022,27.90029325513196,88.54545454545455,March_2026
307,Oil & Gas,Ministry of Petroleum & Natural Gas,Ministry of Petroleum & Natural Gas,616858,"Construction of Field Gas Gathering Station at Baghjan area for collection, processing & transportation of natural Gas to be produced from Baghjan Field",431,430.76,346.88,92,31/03/2024,30/06/2026,29/12/2020,-0.055684454756382624,80.48259860788863,March_2026
308,Oil & Gas,Ministry of Petroleum & Natural Gas,Oil and Natural Gas Corporation Limited [ONGC],709837,"Creation of Gas Dehydration Facilities, Tripura Asset",209,131.51,78.98,68,31/05/2024,31/08/2026,08/03/2022,-37.076555023923454,37.78947368421053,March_2026
309,Oil & Gas,Ministry of Petroleum & Natural Gas,MinistryofPetroleumNaturalGas,709800,"CUF POL Depot at Sadashibpur [Meramundali], Odisha",394,393.54,214.0,77,31/03/2026,30/06/2026,21/04/2021,-0.11675126903552781,54.314720812182735,March_2026
310,Oil & Gas,Ministry of Petroleum & Natural Gas,Oil and Natural Gas Corporation Limited [ONGC],709839,Daman Upside Development Project,4144,6406.9,5632.94,99,31/10/2025,31/05/2026,29/06/2022,54.60666023166022,135.9300193050193,March_2026
311,Oil & Gas,Ministry of Petroleum & Natural Gas,NRL,709864,DCU Revamp Project,370,370.0,280.44,73,17/07/2024,31/10/2026,05/08/2021,0.0,75.79459459459459,March_2026
312,Oil & Gas,Ministry of Petroleum & Natural Gas,Ministry of Petroleum & Natural Gas,616879,Demo Bio-ATF Project,364,364.0,65.73,43,16/01/2027,16/01/2027,22/03/2024,0.0,18.057692307692307,March_2026
313,Oil & Gas,Ministry of Petroleum & Natural Gas,Oil and Natural Gas Corporation Limited [ONGC],610984,Development of Jharia CBM Block [Phase-1],431,431.0,258.33,64,21/01/2024,31/05/2026,21/11/2019,0.0,59.93735498839907,March_2026
314,Oil & Gas,Ministry of Petroleum & Natural Gas,Ministry of Petroleum & Natural Gas,604863,Development of Surface Facilities for production and evacuation of Crude Oil and Natural Gas from Nadua and East Khagorija,683,726.93,597.74,94,29/02/2020,30/06/2026,10/01/2018,6.431918008784766,87.51683748169839,March_2026
315,Oil & Gas,Ministry of Petroleum & Natural Gas,Ministry of Petroleum & Natural Gas,701344,Dhamra Haldia Pipeline Project,1031,1125.0,915.3,94,07/11/2022,30/09/2026,03/03/2020,9.117361784675072,88.77788554801164,March_2026
316,Oil & Gas,Ministry of Petroleum & Natural Gas,Ministry of Petroleum & Natural Gas,617302,Durgapur - Haldia Pipeline [Section-3B of JHBDPL Project],1740,2493.15,2351.6,94,31/12/2020,30/09/2026,01/03/2017,43.2844827586207,135.1494252873563,March_2026
317,Oil & Gas,Ministry of Petroleum & Natural Gas,MinistryofPetroleumNaturalGas,709798,Ethylene Cracker Project at Bina Refinery including downstream Petrochemical Plants and expansion of Refinery,43367,43367.0,4552.5,23,31/05/2028,31/05/2028,15/05/2023,0.0,10.497613392671848,March_2026
318,Oil & Gas,Ministry of Petroleum & Natural Gas,Gas Authority of India Limited [GAIL],612853,Gurdaspur Jammu Pipeline,522,521.9,288.9,46,11/07/2026,11/07/2026,12/07/2023,-0.01915708812260972,55.34482758620689,March_2026
319,Oil & Gas,Ministry of Petroleum & Natural Gas,Ministry of Petroleum & Natural Gas,607701,"Guwahati Refinery Expansion [1.0 to 1.2 MMTPA] along with installation of CRU, Guwahati Refinery",412,577.0,462.41,95,31/10/2023,31/05/2026,19/05/2021,40.04854368932039,112.2354368932039,March_2026
320,Oil & Gas,Ministry of Petroleum & Natural Gas,Hindustan Petroleum Corporation Limited,709753,Haldia Panagarh Pipeline Project,1010,1107.0,808.43,94,08/11/2025,31/05/2026,09/11/2022,9.603960396039604,80.04257425742574,March_2026
321,Oil & Gas,Ministry of Petroleum & Natural Gas,Hindustan Petroleum Corporation Limited,709760,HP TDAE Unit in Mumbai Refinery,240,240.0,139.9,80,19/04/2026,17/06/2026,19/06/2024,0.0,58.291666666666664,March_2026
322,Oil & Gas,Ministry of Petroleum & Natural Gas,Hindustan Petroleum Corporation Limited,709752,HP-COAT [Crude to Olefins and Aromatics Technology] demo unit at Visakh Refinery,160,220.0,132.39,91,30/06/2024,28/02/2027,23/09/2021,37.5,82.74374999999999,March_2026
323,Oil & Gas,Ministry of Petroleum & Natural Gas,Ministry of Petroleum & Natural Gas,604853,"Indian Oil Technology Development and Deployment Centre at R&D Campus-II, Faridabad",2282,3200.0,1879.93,65,31/12/2022,31/10/2026,27/06/2019,40.22787028921998,82.38080631025416,March_2026
324,Oil & Gas,Ministry of Petroleum & Natural Gas,MinistryofPetroleumNaturalGas,709777,Installation of Bitumen Manufacturing Unit along with allied facilities at Barauni Refinery,389,340.0,111.81,58,30/04/2025,31/10/2026,31/01/2022,-12.596401028277635,28.74293059125964,March_2026
325,Oil & Gas,Ministry of Petroleum & Natural Gas,Ministry of Petroleum & Natural Gas,619225,Installation of Compression facility at GAIL Usar,260,0.0,0.0,0,08/04/2027,,09/04/2025,-100.0,0.0,March_2026
326,Oil & Gas,Ministry of Petroleum & Natural Gas,MinistryofPetroleumNaturalGas,709783,"Installation of Multiple Effect Evaporator [MEE] for ETP-1, 2 & 4 of Panipat Refinery and Petrochemical Complex.",165,247.69,174.74,85,30/06/2023,30/06/2026,22/12/2020,50.11515151515151,105.9030303030303,March_2026
327,Oil & Gas,Ministry of Petroleum & Natural Gas,MinistryofPetroleumNaturalGas,709778,Installation of new Biturox Unit along with allied facilities at Gujarat Refinery,328,344.36,188.4,82,08/08/2025,31/12/2026,31/01/2022,4.9878048780487845,57.43902439024391,March_2026
328,Oil & Gas,Ministry of Petroleum & Natural Gas,Ministry of Petroleum & Natural Gas,709851,Integrated Development of 4 Contract Areas under DSF-II,6184,6183.79,1555.0,36,30/04/2027,30/04/2027,26/05/2023,-0.0033958602846060216,25.145536869340233,March_2026
329,Oil & Gas,Ministry of Petroleum & Natural Gas,Ministry of Petroleum & Natural Gas,604859,Integrated Para Xylene [PX] and Purified Terephthalic Acid [PTA] Project at Paradip Refinery,13805,11783.0,8386.06,94,31/01/2024,31/08/2026,31/07/2020,-14.646867077145961,60.746541108294096,March_2026
330,Oil & Gas,Ministry of Petroleum & Natural Gas,Oil and Natural Gas Corporation Limited [ONGC],709842,"Kalol Redevelopment Project, Ahmedabad Asset",1487,1487.41,940.5,63,31/03/2027,31/03/2027,30/08/2022,0.027572293207806447,63.24815063887021,March_2026
331,Oil & Gas,Ministry of Petroleum & Natural Gas,MinistryofPetroleumNaturalGas,619191,Kanpur LPG Bottling Plant,202,0.0,124.96,50,30/09/2027,,26/09/2025,-100.0,61.86138613861386,March_2026
332,Oil & Gas,Ministry of Petroleum & Natural Gas,Oil and Natural Gas Corporation Limited [ONGC],400120,KG-DWN-98/2 Cluster - II Development Project - NELP Block,34012,34012.0,32994.9,96,30/06/2020,30/06/2026,28/03/2016,0.0,97.00958485240504,March_2026
333,Oil & Gas,Ministry of Petroleum & Natural Gas,Ministry of Petroleum & Natural Gas,701228,Kochi - Koottanad - Bangalore - Mangalore Pipeline Phase-II,2915,5909.0,4623.3,96,31/12/2012,30/09/2026,22/06/2009,102.71012006861065,158.60377358490567,March_2026
334,Oil & Gas,Ministry of Petroleum & Natural Gas,MinistryofPetroleumNaturalGas,709785,Laying of Natural Gas Pipeline from Hazaribagh to Ranchi [HRPL],202,202.07,64.35,51,08/02/2026,31/03/2027,09/02/2023,0.03465346534653128,31.856435643564353,March_2026
335,Oil & Gas,Ministry of Petroleum & Natural Gas,Chennai Petroleum Corporation Limited [CPCL],709750,Laying of new 28 inch Desal Water Pipeline and 10 inch Reject Water Pipeline between CPCL Manali Refinery and CPCL Desalination plant at Ennore,205,205.0,87.72,66,21/09/2025,31/12/2026,22/01/2024,0.0,42.79024390243902,March_2026
336,Oil & Gas,Ministry of Petroleum & Natural Gas,Oil and Natural Gas Corporation Limited [ONGC],400119,Life Extension of 48 well platforms of Mumbai High & Heera Fields,3191,3375.9,3123.2,90,30/04/2018,31/08/2026,22/12/2015,5.794421811344409,97.875274208712,March_2026
337,Oil & Gas,Ministry of Petroleum & Natural Gas,Ministry of Petroleum and Natural Gas,616933,Lube Modernization & Bottom Upgradation Project at Mumbai Refinery,4679,4679.0,252.41,10,16/03/2028,16/03/2028,16/12/2024,0.0,5.394528745458431,March_2026
338,Oil & Gas,Ministry of Petroleum & Natural Gas,Ministry of Petroleum & Natural Gas,701330,Mehsana-Bhatinda & Bhatinda-Jammu Natural Gas Pipeline,7392,7392.0,6349.0,90,30/06/2024,30/04/2026,07/07/2011,0.0,85.89015151515152,March_2026
339,Oil & Gas,Ministry of Petroleum & Natural Gas,Ministry of Petroleum & Natural Gas,709848,MHN TCPP PGC BGC Project [MTPBP],2329,2354.23,1613.16,86,19/05/2026,19/05/2026,29/06/2022,1.0832975525976822,69.26406182911121,March_2026
340,Oil & Gas,Ministry of Petroleum & Natural Gas,Ministry of Petroleum & Natural Gas,701354,Mumbai Nagpur Jharsuguda Pipeline Project,7844,8255.0,6969.7,99,14/05/2023,30/06/2026,15/06/2020,5.239673635900051,88.8539010708822,March_2026
341,Oil & Gas,Ministry of Petroleum & Natural Gas,Ministry of Petroleum & Natural Gas,701346,North East Gas Grid,9265,9265.0,6739.27,87,31/03/2024,31/07/2026,01/04/2020,0.0,72.73901780895845,March_2026
342,Oil & Gas,Ministry of Petroleum & Natural Gas,Ministry of Petroleum & Natural Gas,604791,Numaligarh Refinery Expansion Project,12366,22494.0,19418.0,84,27/07/2024,31/03/2027,27/07/2020,81.90198932557011,157.02733300986574,March_2026
343,Oil & Gas,Ministry of Petroleum & Natural Gas,Oil and Natural Gas Corporation Limited [ONGC],709841,Old Pipe Line Replacement [OPRP] Group-A,173,169.84,160.52,93,18/07/2025,16/07/2026,01/07/2021,-1.8265895953757205,92.78612716763006,March_2026
344,Oil & Gas,Ministry of Petroleum & Natural Gas,Ministry of Petroleum & Natural Gas,619223,Petro Resid Fluidized Catalytic Cracking [PRFCC] Unit and its associated facilities at Mumbai Refinery,13626,0.0,41.13,4,30/09/2029,,30/05/2025,-100.0,0.30184940554821665,March_2026
345,Oil & Gas,Ministry of Petroleum & Natural Gas,Ministry of Petroleum & Natural Gas,701329,Petrochemical and Lube Integration Project at Gujarat Refinery,18936,17825.0,13474.6,88,31/08/2024,30/06/2026,21/09/2020,-5.867131389945078,71.15863962822138,March_2026
346,Oil & Gas,Ministry of Petroleum & Natural Gas,Ministry of Petroleum & Natural Gas,709847,Pipeline Network Project Rudrasagar,481,481.03,230.22,52,27/04/2026,30/04/2027,27/01/2023,0.006237006237000565,47.86278586278586,March_2026
347,Oil & Gas,Ministry of Petroleum & Natural Gas,Ministry of Petroleum & Natural Gas,617827,"Pipeline Rehabilitation Project, Phase-II",680,680.0,7.64,23,17/12/2029,17/12/2029,18/12/2024,0.0,1.1235294117647059,March_2026
348,Oil & Gas,Ministry of Petroleum & Natural Gas,Bharat Petroleum Corporation Limited [BPCL],709797,POL & LOBS Installations with Receipt Pipelines at Rasayani,2585,2585.0,1205.5,79,31/05/2026,31/05/2026,15/05/2023,0.0,46.63442940038684,March_2026
349,Oil & Gas,Ministry of Petroleum & Natural Gas,Indian Oil Corporation Limited [IOCL],611917,Poly Butadiene Rubber plant at Panipat,1459,2531.44,1517.82,84,31/03/2025,30/06/2026,16/03/2022,73.50514050719671,104.03152844413981,March_2026
350,Oil & Gas,Ministry of Petroleum & Natural Gas,NRL,709865,Power Recovery Turbine [PRT] in PFCCU unit as an Energy Conservation Scheme,294,293.5,97.24,99,31/12/2024,30/09/2026,12/04/2023,-0.17006802721088435,33.074829931972786,March_2026
351,Oil & Gas,Ministry of Petroleum & Natural Gas,Mangalore Refinary and Petrochemicals Limited,612790,Power System Upgradation Project,385,385.0,260.92,80,17/11/2025,12/05/2026,30/10/2023,0.0,67.77142857142857,March_2026
352,Oil & Gas,Ministry of Petroleum & Natural Gas,Ministry of Petroleum and Natural Gas,619226,Provision of four bitumen tanks with capacity of 5 TMT each at Visakh Refinery,258,0.0,1.54,9,24/03/2028,,24/09/2025,-100.0,0.5968992248062016,March_2026
353,Oil & Gas,Ministry of Petroleum & Natural Gas,Ministry of Petroleum & Natural Gas,616950,PRP-VIII [Group-A],1486,1486.4,394.85,51,28/02/2026,31/12/2026,05/09/2024,0.026917900403774623,26.571332436069987,March_2026
354,Oil & Gas,Ministry of Petroleum & Natural Gas,Ministry of Petroleum & Natural Gas,709849,PRP-VIII Group B [NH & BS Asset],2380,3165.53,2653.0,95,28/02/2026,15/05/2026,20/06/2024,33.005462184873956,111.47058823529412,March_2026
355,Oil & Gas,Ministry of Petroleum & Natural Gas,Oil and Natural Gas Corporation Limited [ONGC],400169,Redevelopment of Linch Field,631,860.04,603.43,90,31/03/2025,25/07/2026,23/04/2021,36.297939778129944,95.63074484944532,March_2026
356,Oil & Gas,Ministry of Petroleum & Natural Gas,Oil and Natural Gas Corporation Limited [ONGC],400167,Redevelopment of Santhal Field [Onshore-Mehsana Asset],1163,1162.56,1152.0,96,31/03/2026,30/04/2026,23/02/2017,-0.03783319002580005,99.05417024935511,March_2026
357,Oil & Gas,Ministry of Petroleum & Natural Gas,Oil and Natural Gas Corporation Limited [ONGC],400087,Redevelopment of Sobhasan Complex,886,1347.61,944.4,87,31/03/2027,27/03/2027,13/08/2021,52.10045146726861,106.59142212189616,March_2026
358,Oil & Gas,Ministry of Petroleum & Natural Gas,Oil and Natural Gas Corporation Limited [ONGC],709840,"Restoration of Gas Terminal, Phase-I [Part-A], Hazira",249,249.43,210.5,97,10/02/2025,30/04/2026,27/05/2022,0.1726907630522116,84.53815261044177,March_2026
359,Oil & Gas,Ministry of Petroleum & Natural Gas,MinistryofPetroleumNaturalGas,709781,Revamping / Augmentation of Facilities at Mathura Bitumen Plant,260,260.12,19.19,52,30/06/2027,31/12/2026,19/04/2022,0.046153846153847905,7.380769230769231,March_2026
360,Oil & Gas,Ministry of Petroleum & Natural Gas,Oil and Natural Gas Corporation Limited [ONGC],709845,"Revamping of SV Stations, Gas Terminal & Kribhco Terminal",837,837.34,415.09,64,31/08/2026,31/08/2026,30/11/2022,0.04062126642772185,49.59259259259259,March_2026
361,Oil & Gas,Ministry of Petroleum & Natural Gas,Ministry of Petroleum & Natural Gas,709774,Revamping/ Augmentation of facilities at existing port terminal at Mangalore,463,500.62,299.46,83,31/12/2025,30/06/2027,31/01/2022,8.125269978401729,64.67818574514038,March_2026
362,Oil & Gas,Ministry of Petroleum & Natural Gas,MinistryofPetroleumNaturalGas,617304,"Setting up of LPG Plant with Rail Unloading Facility at Hathua, Dist. Gopalganj, Bihar",340,340.15,162.23,48,01/03/2027,01/03/2027,27/10/2023,0.04411764705881684,47.71470588235294,March_2026
363,Oil & Gas,Ministry of Petroleum & Natural Gas,MinistryofPetroleumNaturalGas,709799,Setting up Polypropylene Unit at Kochi Refinery,4460,4460.0,802.13,28,31/10/2027,31/10/2027,19/12/2023,0.0,17.984977578475338,March_2026
364,Oil & Gas,Ministry of Petroleum & Natural Gas,Ministry of Petroleum & Natural Gas,617837,Siliguri Marketing Terminal [SMT] Capacity Augmentation Project,484,484.0,307.82,86,31/12/2025,30/09/2026,08/11/2021,0.0,63.599173553719,March_2026
365,Oil & Gas,Ministry of Petroleum & Natural Gas,Indian Oil Corporation Limited [IOCL],617828,Siliguri-Jhapa Pipeline Project,267,267.0,1.77,10,29/03/2029,29/03/2029,30/09/2024,0.0,0.6629213483146068,March_2026
366,Oil & Gas,Ministry of Petroleum & Natural Gas,Ministry of Petroleum and Natural Gas,616254,Visakh Raipur Pipeline Project,2212,2212.0,481.17,31,10/09/2027,10/09/2027,11/09/2024,0.0,21.75271247739602,March_2026
367,Railways,Ministry of Coal,Railway,400203,Dharamjaigarh-Korba,1686,2438.53,618.64,43,31/12/2026,31/08/2026,22/05/2018,44.63404507710559,36.69276393831554,March_2026
368,Railways,Ministry of Coal,Ministry of Coal,400416,Shivpur-Kathautia New Rail [BG] Line [49 km] [Package II of Tori-Shivpur-Kathautia line],1800,2564.34,1663.13,66,30/06/2025,30/06/2026,27/02/2018,42.46333333333334,92.39611111111111,March_2026
369,Railways,Ministry of Railways,East Coast Railway [ECoR] - II,612834,3rd & 4th line between Sarla - Sason [8 km] [PB 73/2023-24/NR],252,0.0,105.8,80,28/12/2025,,19/04/2023,-100.0,41.98412698412699,March_2026
370,Railways,Ministry of Railways,East Coast Railway [ECoR] - II,616697,3rd & 4th line between Vadlapudi -Gate Jn. cabin and Tie line between Gate Junction to Gangavaram port,154,0.0,53.93,65,30/06/2026,,11/04/2023,-100.0,35.01948051948052,March_2026
371,Railways,Ministry of Railways,East Coast Railway [ECoR] - II,705515,3rd & 4th Railway Line Project from Salegaon to Budhapank via Rajathgarh.,1173,2092.0,2098.98,87,31/03/2026,31/03/2026,11/07/2013,78.3461210571185,178.94117647058826,March_2026
372,Railways,Ministry of Railways,SECR,709819,3RD AND 4TH LINE - SARAGBUNDIA AND MADWARANI,168,0.0,3.77,8,31/12/2026,31/12/2026,12/09/2022,-100.0,2.244047619047619,March_2026
373,Railways,Ministry of Railways,South Central Railway [SCR] - II,617216,3rd Line between Gudur Renigunta 83.17 Km,877,0.0,205.27,0,31/03/2027,,03/10/2024,-100.0,23.40592930444698,March_2026
374,Railways,Ministry of Railways,Central Railway,705498,3rd Line Kalyan - Kasara [67.35 Kilometres],793,1395.79,1033.38,71,31/12/2026,31/12/2026,14/09/2015,76.01387137452711,130.31273644388398,March_2026
375,Railways,Ministry of Railways,Central Railway [CR] - II,705506,3rd Line Manmad - Jalgaon [160 Kilometres],1035,1870.0,1817.02,100,31/12/2024,31/08/2025,30/05/2017,80.67632850241546,175.55748792270532,March_2026
376,Railways,Ministry of Railways,Central Railway [CR] - II,705502,3rd Line Wardha - Ballarshah [132 Kilometres],1385,2033.59,1776.89,98,31/12/2025,28/02/2026,07/03/2016,46.82960288808663,128.2953068592058,March_2026
377,Railways,Ministry of Railways,Central Railway [CR] - II,705500,3rd Line Wardha - Sewagram - Nagpur,540,916.53,811.58,88,31/12/2025,31/10/2026,04/09/2015,69.72777777777777,150.2925925925926,March_2026
378,Railways,Ministry of Railways,SECR,709815,4TH LINE - BHATAPARA-HATHBAND [8.8 KM] [PB-72/NR/2022-23],177,177.03,4.68,15,31/01/2027,31/12/2027,30/09/2022,0.016949152542373523,2.6440677966101696,March_2026
379,Railways,Ministry of Railways,SECR,709816,4TH LINE - BHILAI-BHILAI NAGAR [8.8 KM] [PB-72/NR/2022-23],177,177.34,1.91,7,28/02/2027,28/02/2027,30/09/2022,0.1920903954802279,1.07909604519774,March_2026
380,Railways,Ministry of Railways,SECR,709817,4TH LINE - DADHAPARA-BELHA [9.2 KM] [PB-72/NR/2022-23],169,169.06,21.65,64,30/11/2026,26/11/2026,15/09/2022,0.035502958579883,12.810650887573964,March_2026
381,Railways,Ministry of Railways,Western Railway WR - II,612072,4th LINE BETWEEN BAREJADI NANDEJ-SANAND-AHMEDABAD BYPASS,962,961.67,496.02,21,31/03/2027,31/07/2028,03/02/2023,-0.03430353430353856,51.56133056133056,March_2026
382,Railways,Ministry of Railways,South East Central Railway [SECR] - II,612815,4th line between Nipania Bhatapara 14.4 Km,170,0.0,9.56,15,31/03/2027,,08/12/2022,-100.0,5.623529411764706,March_2026
383,Railways,Ministry of Railways,SECR,709818,4TH LINE RAJNANDGAON-DONGARHGARH [31.2 KM] [PB-72/NR/2022-23],328,328.34,74.77,32,31/01/2027,31/01/2027,12/09/2022,0.10365853658535823,22.79573170731707,March_2026
384,Railways,Ministry of Railways,Central Railway [CR] - II,705505,4th Line Wardha - Nagpur [78.7 Kilometres],638,1214.69,1031.75,88,31/12/2025,31/10/2026,20/04/2017,90.39028213166145,161.71630094043888,March_2026
385,Railways,Ministry of Railways,CAO/C/NCR,705919,Agra Fort-Bandikui Doubling Line Project,1390,1390.0,428.26,65,30/06/2027,27/06/2027,01/06/2022,0.0,30.810071942446044,March_2026
386,Railways,Ministry of Railways,Central Railway [CR] - II,705356,Ahmednagar - Beed - Parli - Vaijnath New Broad Gauge Line Railway Project [261.3 km],2539,4957.27,5133.5,98,31/03/2026,31/03/2026,01/01/1999,95.24497833792833,202.1858999606144,March_2026
387,Railways,Ministry of Railways,North Western Railway [NWR],616843,AJMER- CHANDERIYA DOUBLING,1635,0.0,288.73,12,30/06/2027,,19/02/2024,-100.0,17.659327217125384,March_2026
388,Railways,Ministry of Railways,CAO/C/NCR,705774,Aligarh -Daud Khan Flyover Construction & 3rd Railway Line Project,758,779.49,469.8,83,31/01/2025,31/03/2027,01/04/2019,2.8350923482849613,61.97889182058047,March_2026
389,Railways,Ministry of Railways,North Central Railway,705918,Allahabad division - Aligarh - Harduaganj Flyover,1457,0.0,400.19,14,30/10/2026,31/03/2027,30/04/2020,-100.0,27.46671242278655,March_2026
390,Railways,Ministry of Railways,North Central Railway,705771,Allahabad-Bamhrauli Flyover Construction & 4th Railway Line Project,494,494.0,376.99,76,31/03/2026,26/03/2026,01/04/2019,0.0,76.31376518218623,March_2026
391,Railways,Ministry of Railways,CAO/C/NR,705583,Anand Vihar-Tilak Bridge 3rd & 4th line,667,667.0,303.54,23,31/03/2023,31/12/2027,31/03/2013,0.0,45.50824587706147,March_2026
392,Railways,Ministry of Railways,Construction NER,617252,Anandnagar - Ghugli via Maharajganj New line 52.7 km,958,0.0,623.94,24,21/03/2028,,25/10/2023,-100.0,65.1294363256785,March_2026
393,Railways,Ministry of Railways,East Central Railway [ECR] - I,705368,Araria Supaul New BG Line,1605,2514.0,1704.33,46,31/03/2024,31/01/2027,29/06/2018,56.63551401869159,106.18878504672897,March_2026
394,Railways,Ministry of Railways,South Central Railway [SCR] - II,611751,AURANGABAD-ANKAI - DOUBLING PROJECT 98.25 Km,961,0.0,1281.74,2,31/03/2027,,25/05/2023,-100.0,133.37565036420395,March_2026
395,Railways,Ministry of Railways,CentralRailway,617361,Babupeth - Sasti New Rail Line [13.114 KMs],363,362.81,0.48,0,31/03/2028,,25/10/2024,-0.05234159779614262,0.13223140495867766,March_2026
396,Railways,Ministry of Railways,CAO/C/SER,616587,Badampahar-Kendujhargarh new line [82.06 km],1876,0.0,1.96,0,31/12/2029,,19/08/2024,-100.0,0.1044776119402985,March_2026
397,Railways,Ministry of Railways,South Western Railway [SWR] - II,705495,Bagalkot-Kudachi New Railway Line [142 km],1378,1649.0,783.19,36,31/03/2027,31/01/2027,04/10/2013,19.666182873730044,56.835268505079824,March_2026
398,Railways,Ministry of Railways,North Eastern Railway [NER],400204,Bahraich-Shravasti-Balrampur-Siddharthnagar -Santkabir nagar,4940,4939.78,971.79,9,30/10/2030,31/10/2030,03/10/2018,-0.004453441295551714,19.671862348178138,March_2026
399,Railways,Ministry of Railways,Karnataka Rail Infrastructure Development Company Limited [K-RIDE],703586,Baiyyappanahalli - Hosur Doubling Project [48 km],499,748.7,694.91,88,31/03/2024,31/01/2026,01/04/2019,50.040080160320656,139.26052104208415,March_2026
400,Railways,Ministry of Railways,Karnataka Rail Infrastructure Development Company Limited [K-RIDE],705941,Bangalore Suburban Railway Project,15767,0.0,3182.59,20,31/12/2026,31/03/2030,21/10/2020,-100.0,20.18513350669119,March_2026
401,Railways,Ministry of Railways,South Western Railway [SWR] - II,705663,Bangalore-Whitefield-Bangalore City-Krishnarajapuram [23.08 km] - Quadrupling,493,493.0,297.52,85,28/02/2026,28/02/2026,20/02/2018,0.0,60.34888438133874,March_2026
402,Railways,Ministry of Railways,CAO/C/SER,616586,Bangriposi-Gorumahisani new line [ 85.60 km ],2269,0.0,6.06,0,31/12/2029,,19/08/2024,-100.0,0.2670780079330101,March_2026
403,Railways,Ministry of Railways,Ministry of Railways,705782,Barabanki-Malhaur 3rd & 4th Railway Line Project,407,407.0,392.94,77,31/03/2025,31/08/2026,01/01/2019,0.0,96.54545454545455,March_2026
404,Railways,Ministry of Railways,Central Railway,705357,Baramati Lonand New Line Project,138,1843.9,951.07,60,31/03/2027,31/03/2027,31/03/2016,1236.1594202898552,689.1811594202899,March_2026
405,Railways,Ministry of Railways,RVNL - II,706777,Baranagar-Barrackpore and Dakshineshwar- Construction of Metro Railway,2298,2734.0,393.02,17,31/12/2026,31/12/2030,15/03/2010,18.97302001740644,17.102697998259355,March_2026
406,Railways,Ministry of Railways,East Central Railway [ECR] - I,706860,Barauni-Bachwara [16 km] - 3rd & 4th line incl. Barauni yard remodelling [32 km],645,0.0,44.51,56,01/08/2025,31/10/2026,07/10/2022,-100.0,6.900775193798449,March_2026
407,Railways,Ministry of Railways,South Western Railway [SWR] - II,706835,Belgaum-Dharwad via Kittur [73.10Km],1591,0.0,0.38,0,31/12/2027,31/03/2029,07/09/2020,-100.0,0.023884349465744813,March_2026
408,Railways,Ministry of Railways,East Coast Railway [ECoR] - II,705510,Bhadrak-Nergundi Third Line,1284,1284.0,1334.31,93,30/11/2024,31/01/2026,05/10/2015,0.0,103.91822429906541,March_2026
409,Railways,Ministry of Railways,North Central Railway [NCR] - II,705777,Bhandai - Flyover for Etawah bound down train- 10 Km,250,250.18,115.71,8,28/02/2026,28/02/2027,11/07/2020,0.07200000000000273,46.284,March_2026
410,Railways,Ministry of Railways,RVNL - II,705428,Bhanupalli-Bilaspur-Beri New Railway Line Project,13447,13447.0,7556.6,63,31/12/2026,30/12/2027,31/03/2009,0.0,56.1954339257827,March_2026
411,Railways,Ministry of Railways,RVNL - I,705780,Bhatni-Aurnihar with electrification excluding Indara-Mau,2529,2529.46,2138.39,96,31/12/2024,30/06/2026,01/03/2018,0.01818900751285237,84.55476472914195,March_2026
412,Railways,Ministry of Railways,North Western Railway [NWR],611884,Bhiwani - Dobh Bahali Doubling Project [42.30 Km],471,471.0,250.47,72,29/02/2028,28/02/2028,01/02/2023,0.0,53.17834394904458,March_2026
413,Railways,Ministry of Railways,South East Central Railway [SECR] - II,706854,Boridand - Ambikapur Doubling Line Project,1376,1576.72,224.23,26,30/06/2030,30/06/2030,01/06/2022,14.587209302325583,16.29578488372093,March_2026
414,Railways,Ministry of Railways,East Coast Railway [ECoR] - II,400232,Brundamal-Jharsuguda- flyover connection for joining downline,297,297.0,224.43,52,26/12/2026,26/12/2026,30/01/2014,0.0,75.56565656565657,March_2026
415,Railways,Ministry of Railways,South Eastern Railway [SER] - I,616588,Buramara-Chakulia new line [59.96 km],1459,0.0,6.97,0,31/12/2029,,19/08/2024,-100.0,0.4777244688142563,March_2026
416,Railways,Ministry of Railways,North Eastern Railway [NER],705567,Burhwal Gonda 3rd line,1016,1118.0,1014.1,88,25/03/2025,30/05/2026,10/11/2017,10.039370078740157,99.81299212598425,March_2026
417,Railways,Ministry of Railways,Northen Railway [NR],705424,Chandigarh-Baddi New Rail Line- 36 km,1540,1540.13,578.99,42,31/12/2026,31/12/2026,15/02/2018,0.008441558441565529,37.596753246753245,March_2026
418,Railways,Ministry of Railways,CAO/C/SER,616227,Chandil - Anara - Damodar - 3rd line [121.26 km],1932,0.0,1.97,0,30/09/2029,,09/09/2024,-100.0,0.10196687370600413,March_2026
419,Railways,Ministry of Railways,North Eastern Railway [NER],705562,Chhapra-Ballia Patch Doubling,963,1046.0,914.38,96,25/02/2025,30/05/2026,31/03/2013,8.618899273104882,94.95119418483905,March_2026
420,Railways,Ministry of Railways,Western Railway [WR] - II,705454,Chhota Udaipur - Dhar New Line Project [157 km],1794,1794.0,1816.87,80,27/12/2025,27/12/2025,19/11/2008,0.0,101.27480490523968,March_2026
421,Railways,Ministry of Railways,North Central Railway,617284,Chunar-Chopan doubling project,1424,0.0,102.43,15,31/03/2028,,25/08/2023,-100.0,7.1931179775280905,March_2026
422,Railways,Ministry of Railways,CPM/ICF,705244,Coach Production Factory Upgradation Project,520,0.0,192.25,0,31/12/2021,,05/12/2017,-100.0,36.97115384615385,March_2026
423,Railways,Ministry of Railways,Northeast Frontier Railway [NFR],612096,Construction of Balurghat-Hilli new BG Line,1209,1181.57,449.29,16,31/03/2027,31/03/2027,29/12/2010,-2.268817204301081,37.162117452440036,March_2026
424,Railways,Ministry of Railways,East Central Railway [ECR] - I,617231,Construction of Bulb line at Nabinagar Ankorah of East Central Railway,612,0.0,0.0,0,30/06/2028,,07/06/2024,-100.0,0.0,March_2026
425,Railways,Ministry of Railways,South Western Railway [SWR] - II,400023,Construction of New BG line between Hassan to Belur [27 Km],749,0.0,0.94,0,30/04/2028,30/04/2027,01/03/2019,-100.0,0.1255006675567423,March_2026
426,Railways,Ministry of Railways,PCE/WR,611977,Dahod Creation of Infrastructure facilities for 9000 HP Electric locomotives Manufacturing at,487,0.0,222.88,53,28/02/2025,,31/05/2022,-100.0,45.765913757700204,March_2026
427,Railways,Ministry of Railways,PCE/WR,611978,Dahod Rolling Stock Workshop Provision of Infrastructure for CBS at,158,0.0,51.87,10,31/03/2025,,11/11/2022,-100.0,32.82911392405063,March_2026
428,Railways,Ministry of Railways,Rail Vikas Nigam Limited,617374,"Dallirajhara - Rowghat New Rail Line Project, Phase-I",1516,1881.26,2119.82,98,31/03/2025,28/02/2026,15/07/2009,24.093667546174142,139.82981530343008,March_2026
429,Railways,Ministry of Railways,Rail Vikas Nigam Limited,705433,Dallirajhra- Rowghat New Railway Line - Phase I [95 km],1628,1628.0,1440.85,82,30/09/2025,31/12/2025,15/07/2009,0.0,88.50429975429975,March_2026
430,Railways,Ministry of Railways,Western Railway [WR] - II,618972,Devbhumi Dwarka [Okha] - Kanalus Doubling,1457,0.0,0.0,0,04/12/2028,,05/12/2025,-100.0,0.0,March_2026
431,Railways,Ministry of Railways,Northern Railways,617379,Development of New Bijwasan Railway Terminal,446,0.0,532.83,80,31/03/2020,31/12/2026,28/02/2008,-100.0,119.46860986547085,March_2026
432,Railways,Ministry of Railways,North Western Railway [NWR],611849,Devgarh Madariya - Nathdwara Gauge Conversion [82.54 Km] part of Marwar - Mavli Gauge Conversion [152 Km],969,0.0,275.74,56,01/06/2028,28/06/2028,24/01/2023,-100.0,28.456140350877195,March_2026
433,Railways,Ministry of Railways,North Western Railway [NWR],611855,Devgarh Madariya - Nathdwara Gauge Conversion [82.54 Km] part of Marwar - Mavli Gauge Conversion [152 Km],969,0.0,656.32,65,31/01/2027,,,-100.0,67.73168214654284,March_2026
434,Railways,Ministry of Railways,North Central Railway,705482,Dholpur - Sirmuttra Gauge Conversion,747,747.0,467.2,49,28/02/2019,28/02/2027,31/03/2022,0.0,62.54350736278447,March_2026
435,Railways,Ministry of Railways,Central Railway,400019,DHULE [BORVIHIR] - NARDANA NEW LINE [50.60 KMS],493,1170.83,480.92,25,31/12/2026,30/09/2027,31/01/2019,137.49087221095334,97.54969574036511,March_2026
436,Railways,Ministry of Railways,Northeast Frontier Railway [NFR] - II,705392,Dimapur [Dhansiri]-Sukhobi Kohima [Zubza] NL [82.5 Km],6663,6663.0,6111.34,42,26/03/2025,31/12/2029,26/08/2015,0.0,91.72054630046526,March_2026
437,Railways,Ministry of Railways,CentralRailway,617364,Double Chord line Between Nilaje-Kopar,338,205.0,14.83,24,26/07/2028,,30/01/2025,-39.349112426035504,4.387573964497041,March_2026
438,Railways,Ministry of Railways,South Central Railway [SCR] - II,616856,Doubling between Bhadrachalam Road and Dornakal,770,0.0,80.85,0,13/04/2029,,28/08/2023,-100.0,10.5,March_2026
439,Railways,Ministry of Railways,M/S SRC company Infra Private Limited,617370,Doubling between Jaunpur Jn - Zaffarabad 6.28 km,181,0.0,43.65,10,30/01/2027,,29/03/2023,-100.0,24.116022099447513,March_2026
440,Railways,Ministry of Railways,South Central Railway [SCR] - II,616857,Doubling between Motumari Vishnupuram - 88.81 Km and Rail over Rail - RoR at Motumari - 10.877 Km,1596,0.0,171.46,2,31/03/2029,,19/02/2024,-100.0,10.74310776942356,March_2026
441,Railways,Ministry of Railways,South Central Railway [SCR] - II,617212,Doubling between Mudkhed Medchal & Mahbubnagar Dhone section 417.88 Km,4686,0.0,1811.8,2,31/03/2029,,25/08/2023,-100.0,38.66410584720444,March_2026
442,Railways,Ministry of Railways,South Central Railway [SCR] - II,617215,Doubling between Parbhani Parli Vaijanath stations 64.71 Km,770,0.0,120.3,0,31/03/2028,,06/12/2023,-100.0,15.623376623376622,March_2026
443,Railways,Ministry of Railways,East Central Railway [ECR] - I,617372,Doubling between Pradhankunta-Patherih-Bhojudih of East Central Railway,349,0.0,119.69,71,31/12/2025,31/03/2026,21/11/2022,-100.0,34.29512893982808,March_2026
444,Railways,Ministry of Railways,Central Railway,705504,Doubling of Daund Manmad Line [247.6 km],2081,3267.06,3030.48,92,01/12/2025,31/03/2026,04/10/2017,56.99471407976934,145.62614127823161,March_2026
445,Railways,Ministry of Railways,South Central Railway [SCR] - II,617211,Doubling of Guntur Bibinagar 239 Km,2853,0.0,300.63,2,31/03/2029,,25/08/2023,-100.0,10.537329127234491,March_2026
446,Railways,Ministry of Railways,South Eastern Railway - JH,705628,Doubling of Hatia [Ranchi]-Bondamunda Rail Line - 159 km,3029,3029.04,2589.94,90,30/06/2025,30/06/2026,31/03/2016,0.0013205678441717934,85.50478705843513,March_2026
447,Railways,Ministry of Railways,Indian Railway Construction International Limited [IRCON],705660,Doubling of Katni - Singrauli Railway Line [261 km],2445,4377.0,3306.78,81,26/12/2025,27/12/2025,31/03/2016,79.01840490797547,135.24662576687118,March_2026
448,Railways,Ministry of Railways,East Coast Railway [ECoR] - II,400291,Doubling of Kirandul-Jagdalpur Line [150 km],1589,1798.0,1637.5,98,31/03/2020,31/05/2026,20/02/2013,13.152926368785401,103.05223410950283,March_2026
449,Railways,Ministry of Railways,East Coast Railway [ECoR] - II,705512,Doubling of Kottavalasa-Koraput Rail Line [189 KM],2500,2500.0,2129.81,73,31/03/2022,31/03/2028,08/12/2015,0.0,85.1924,March_2026
450,Railways,Ministry of Railways,East Coast Railway [ECoR] - II,400048,Doubling of lines connecting the loading spurs in Talcher Yard.,186,0.0,96.77,88,31/12/2024,30/04/2026,12/09/2022,-100.0,52.026881720430104,March_2026
451,Railways,Ministry of Railways,East Coast Railway [ECoR] - II,400047,Doubling of Lingaraj SILO connectivity of NTPC line and augmentation of NTPC exchange yard and NTPC Block Cabin.,210,0.0,38.26,50,31/12/2024,31/12/2026,19/08/2022,-100.0,18.21904761904762,March_2026
452,Railways,Ministry of Railways,Northeast Frontier Railway [NFR],705572,Doubling of New Bonggigaon to Kamakhya via Goalpara - 176 km,4060,4961.0,3803.16,93,31/03/2026,31/03/2026,02/09/2016,22.192118226600986,93.67389162561575,March_2026
453,Railways,Ministry of Railways,RVNL - II,400277,Dum Dum Airport-New Garia via Rajarhat-Construction of Metro Railway,8964,8964.0,8617.5,87,31/12/2025,31/12/2027,15/03/2010,0.0,96.13453815261043,March_2026
454,Railways,Ministry of Railways,SR-ERS,705639,Ernakulam-Kumbalam doubling project [7.71 Km],601,595.39,300.61,24,31/03/2028,28/02/2027,03/04/2023,-0.93344425956739,50.018302828618964,March_2026
455,Railways,Ministry of Railways,East Central Railway [ECR] - I,705373,"Fatuha-Islampur incl. MM for extn.of NL from Neora to Daniawan , Daniawan to Biharsharif, Biharsharif to Barbigha , Barbigha to Shekhpura",1473,2882.0,2641.14,98,31/03/2023,31/08/2025,19/08/2002,95.6551255940258,179.30346232179227,March_2026
456,Railways,Ministry of Railways,East Coast Railway [ECoR] - II,612827,Flyover between Pendurthi and Simhachalam North to avoid surface crossing at Simhachalam 7.135 km PB 73 of 2023 24 NR,184,0.0,11.87,13,30/04/2027,,11/04/2023,-100.0,6.451086956521738,March_2026
457,Railways,Ministry of Railways,East Coast Railway [ECoR] - II,616694,Flyover between Siju and Paradeep coaching Yard to avoid Surface crossing of trains,201,0.0,30.86,5,31/07/2028,,19/04/2023,-100.0,15.353233830845772,March_2026
458,Railways,Ministry of Railways,Northeast Frontier Railway [NFR],618986,Furkating-New Tinsukia[194 Km],3634,0.0,0.0,0,30/06/2029,,02/09/2025,-100.0,0.0,March_2026
459,Railways,Ministry of Railways,South Western Railway [SWR] - II,705490,Gadag-Wadi New Railway Line [257 km],2842,6700.0,1513.54,34,31/03/2027,31/12/2027,01/04/2013,135.74947220267418,53.256157635467986,March_2026
460,Railways,Ministry of Railways,East Coast Railway [ECoR] - II,709811,GANDHAMARDAN IRON ORE MINES TO GOALDIH STATION/12.76kms,190,189.93,0.0,0,30/09/2027,27/09/2027,09/09/2022,-0.036842105263154304,0.0,March_2026
461,Railways,Ministry of Railways,SECR,602792,Gauge Conversion of Kendri-Dhamtari including Abhanpur - Rajim Branch line 67.20 Kms - 2nd Material Modification to Raipur Titlagarh doubling.,1171,1171.0,391.2,100,28/02/2025,30/06/2026,01/07/2011,0.0,33.40734415029889,March_2026
462,Railways,Ministry of Railways,Indian Railway Construction International Limited [IRCON],705444,Gevra Road-Pendra Road New Railway Line [135 km],4970,7448.52,5097.72,81,31/03/2022,31/12/2025,05/04/2014,49.869617706237435,102.56981891348089,March_2026
463,Railways,Ministry of Railways,East Central Railway [ECR] - I,705765,Gomoh - Flyover for DN trains,686,686.0,621.98,66,26/03/2026,26/03/2026,29/01/2018,0.0,90.66763848396502,March_2026
464,Railways,Ministry of Railways,South Eastern Central Railway,618978,Gondia - Dongargarh 4th line [84 Km],2223,0.0,0.0,0,13/10/2030,,14/10/2025,-100.0,0.0,March_2026
465,Railways,Ministry of Railways,South East Central Railway,617201,Gondia-Balharshah [Chanda Fort] Doubling [240 Km],4373,0.0,0.76,1,31/03/2031,,09/04/2025,-100.0,0.017379373427852732,March_2026
466,Railways,Ministry of Railways,South Central Railway [SCR] - II,611752,GOOTY-PENDEKALLU DOUBLING 29.225 Km,352,351.83,320.5,3,31/03/2027,27/03/2027,01/03/2023,-0.04829545454545907,91.05113636363636,March_2026
467,Railways,Ministry of Railways,NER,617224,Gorakhpur-Valmikinagar Doubling project,1120,0.0,352.79,26,30/12/2027,,25/08/2023,-100.0,31.499107142857145,March_2026
468,Railways,Ministry of Railways,North Western Railway [NWR],705752,Gudha-Thatha Mithri Construction of Railway Track Project,819,967.06,397.28,100,30/11/2026,30/11/2026,01/04/2019,18.07814407814407,48.507936507936506,March_2026
469,Railways,Ministry of Railways,South Central Railway [SCR] - II,611754,GUNTAKAL WEST-MALLAPPA GATE RAIL OVER RAIL - ROR TRACK,293,0.0,259.11,0,31/07/2026,,27/07/2023,-100.0,88.43344709897612,March_2026
470,Railways,Ministry of Railways,South Central Railway [SCR] - II,705633,Guntur-Guntakal Doubling Project,3733,4295.0,5463.71,94,31/12/2025,31/12/2026,31/03/2017,15.054915617465845,146.36244307527457,March_2026
471,Railways,Ministry of Railways,Central Organisation for Railway Electrification [CORE],706922,Guwahati-Dibrugarh via Tinsukia & Simaluguri-Dibrugarh,890,889.36,391.73,89,03/09/2020,30/06/2024,30/09/2020,-0.07191011235954903,44.01460674157304,March_2026
472,Railways,Ministry of Railways,North Central Railway,705419,Gwalior - Seopurkala with extension to Kota [Gauge Conversion],2913,2913.0,2144.59,89,31/03/2025,28/02/2026,31/03/2011,0.0,73.62135255750087,March_2026
473,Railways,Ministry of Railways,East Central Railway [ECR] - I,705366,Hajipur-Sagauli New line,2067,2087.0,2043.33,75,31/03/2020,31/12/2026,05/10/2007,0.9675858732462507,98.85486211901305,March_2026
474,Railways,Ministry of Railways,GM/C/ NFR,706942,Harmuty-Murkongselek Branch Line Electrification Project,238,0.0,0.0,0,31/05/2024,,13/09/2018,-100.0,0.0,March_2026
475,Railways,Ministry of Railways,RVNL - II,705650,Hospet - Tinaighat - Vasco Rail Doubling Project,5060,5060.0,5299.33,86,31/03/2027,30/12/2027,31/03/2010,0.0,104.7298418972332,March_2026
476,Railways,Ministry of Railways,RVNL,706950,Hospet-Hubli-Vasco da Gama Line Electrification Project,744,1122.62,1161.7,100,31/03/2023,30/06/2026,20/07/2015,50.889784946236546,156.14247311827958,March_2026
477,Railways,Ministry of Railways,RVNL - II,705763,Indore - Budni New Railway Line [198 kms],7474,7474.0,2529.03,35,30/09/2030,30/09/2030,21/08/2019,0.0,33.83770404067434,March_2026
478,Railways,Ministry of Railways,Central Railway [CR] - II,705507,Itarsi - Nagpur Third Railway Line [280 km],2450,2506.68,2086.49,55,31/03/2027,31/12/2027,02/09/2016,2.313469387755095,85.16285714285713,March_2026
479,Railways,Ministry of Railways,East Coast Railway [ECoR] - II,705511,Jagdalpur-Koraput,1547,1547.0,1369.95,94,31/03/2024,31/12/2026,08/12/2015,0.0,88.55526826115062,March_2026
480,Railways,Ministry of Railways,CAO/C/II/NR,705588,Janghai-Pratapgarh- Amethi,722,1194.0,1670.58,80,31/03/2025,31/03/2026,10/11/2017,65.37396121883657,231.38227146814404,March_2026
481,Railways,Ministry of Railways,East Coast Railway [ECoR] - II,705514,Jarapada- Budhapank with flyover at Talcher road 3rd and 4th Line,1000,810.02,447.56,59,13/11/2018,31/03/2027,18/11/2015,-18.998,44.756,March_2026
482,Railways,Ministry of Railways,East Central Railway [ECR] - I,705362,"Jaynagar-Bijalpura, incl. extn. Bet, Bijalpura-Bardibas [Nepal]",819,819.0,580.51,75,31/03/2022,31/03/2026,21/08/2015,0.0,70.88034188034187,March_2026
483,Railways,Ministry of Railways,East Coast Railway [ECoR] - II,705742,Jeypore-Malkanagiri New Railway Line Project,2344,0.0,549.72,23,31/07/2033,31/07/2033,18/02/2018,-100.0,23.45221843003413,March_2026
484,Railways,Ministry of Railways,East Coast Railway [ECoR] - II,705741,Jeypore-Navarangpur New Rail Line Project,748,748.0,14.43,2,31/07/2028,31/12/2029,04/07/2017,0.0,1.929144385026738,March_2026
485,Railways,Ministry of Railways,East Central Railway [ECR] - I,900874,JHAJHA - BATIA,588,0.0,2.01,0,31/03/2028,30/01/2030,14/03/2023,-100.0,0.34183673469387754,March_2026
486,Railways,Ministry of Railways,CAO/C/NCR,705598,Jhansi - Bina Third Railway Line [153 Km],2002,2002.0,1912.33,96,31/03/2022,31/03/2026,30/09/2016,0.0,95.52097902097901,March_2026
487,Railways,Ministry of Railways,North Central Railway,705608,Jhansi-Khairar-Manikpur & Khirar-Bhimsen,4330,4330.0,2760.45,67,31/03/2026,31/03/2026,01/03/2018,0.0,63.75173210161662,March_2026
488,Railways,Ministry of Railways,South Eastern Railway [SER] - I,400006,Jharsuguda-Barpali-Sardega Ph II Works- Rail Connectivity for Coal Loading Bulb at Barpali.,809,0.0,596.45,36,31/10/2025,31/12/2026,05/10/2021,-100.0,73.72682323856614,March_2026
489,Railways,Ministry of Railways,SECR,705616,Jharsuguda-Bilaspur Fourth Railway Line [206 km],2140,2979.0,2237.23,96,31/10/2024,31/03/2026,08/09/2016,39.205607476635514,104.54345794392523,March_2026
490,Railways,Ministry of Railways,Northeast Frontier Railway [NFR],705391,Jiribam-Imphal new line project,14323,21885.9,16020.8,72,31/12/2026,30/06/2029,31/03/2013,52.80248551281157,111.8536619423305,March_2026
491,Railways,Ministry of Railways,Indian Railway Construction International Limited [IRCON],705450,Jogbani-Biratnagar New Rail Line project,402,486.0,369.18,86,31/03/2022,31/12/2026,28/06/2010,20.8955223880597,91.83582089552239,March_2026
492,Railways,Ministry of Railways,RVNL - II,705730,Joka-BBD Bag new metro project,4835,10362.0,4931.47,51,31/12/2026,31/12/2029,05/03/2010,114.31230610134438,101.9952430196484,March_2026
493,Railways,Ministry of Railways,South Western Railway [SWR] - II,705492,Kadur - Chickamagalur - Sakleshpur [93km],825,825.0,760.05,84,30/06/2025,31/12/2025,27/01/2014,0.0,92.12727272727273,March_2026
494,Railways,Ministry of Railways,Eastern Railway [ER] - I,400247,Kalinarayanpur-Krishnanagar Doubling Alongwith Krishnanagar - Chapra New Line And Naihati-Ranaghat 3rd Line.,1000,1000.0,1060.84,70,28/02/2027,31/03/2028,28/07/2015,0.0,106.084,March_2026
495,Railways,Ministry of Railways,Northeast Frontier Railway [NFR],617245,Katihar Kumedpur & Katihar Mukuria BG Doubling Project,943,0.0,536.69,64,31/08/2026,28/02/2027,26/08/2022,-100.0,56.913043478260875,March_2026
496,Railways,Ministry of Railways,Indian Railway Construction International Limited [IRCON],705661,Katni Grade Separator/Bye Pass,1248,1248.0,1810.01,95,30/09/2024,30/09/2026,31/03/2016,0.0,145.03285256410257,March_2026
497,Railways,Ministry of Railways,RVNL,705252,Kazipet Wagon Overhauling Project,385,0.0,0.0,0,01/12/2023,,19/09/2017,-100.0,0.0,March_2026
498,Railways,Ministry of Railways,South Central Railway [SCR] - II,705612,Kazipet-Vijayawada 3rd line with electrification [220 km],1953,3363.0,5132.1,95,28/02/2025,31/12/2025,31/03/2013,72.19662058371735,262.7803379416283,March_2026
499,Railways,Ministry of Railways,East Central Railway [ECR] - I,705364,Khagaria-Kusheshwar Asthan [42Km] new line project,614,1384.16,490.46,56,31/12/2024,31/03/2027,20/04/2019,125.43322475570034,79.87947882736157,March_2026
500,Railways,Ministry of Railways,RVNL - I,705668,KHARAGPUR-ADITYAPUR THIRD RAIL LINE- 132 KM,3250,3250.0,3286.92,98,31/03/2025,30/06/2026,05/09/2016,0.0,101.13600000000001,March_2026
501,Railways,Ministry of Railways,CAO/C/SECR,617200,KHARSIA- NAYA RAIPUR-PARMALKASA 5th and 6th Line [278KM],7854,0.0,0.6,0,31/03/2031,,11/04/2025,-100.0,0.007639419404125286,March_2026
502,Railways,Ministry of Railways,Indian Railway Construction International Limited [IRCON],400220,Kharsia-Dharamjaygarh with Spur line [East Corridor-Phase 1],3055,3407.09,2688.26,95,30/09/2018,31/03/2026,05/03/2016,11.525040916530283,87.99541734860884,March_2026
503,Railways,Ministry of Railways,Ministry of Railways,706898,Khurda Road - Balangir Electrification of Railway Track Project,268,0.0,0.0,0,31/03/2021,,13/09/2018,-100.0,0.0,March_2026
504,Railways,Ministry of Railways,East Coast Railway [ECoR] - II,705358,Khurda-Bolangir New Broad Gauge Rail Link [301km],3792,5089.0,5585.85,92,31/12/2026,31/12/2026,31/03/1994,34.20358649789029,147.30617088607596,March_2026
505,Railways,Ministry of Railways,East Central Railway [ECR] - I,617832,Koderma-Arigada Doubling 133.38 Km of East Central Railway,2887,0.0,0.0,0,31/12/2029,,24/06/2025,-100.0,0.0,March_2026
506,Railways,Ministry of Railways,East Central Railway [ECR] - I,705375,Koderma-Tilaiya New Line,1626,2486.62,2184.16,95,28/02/2025,28/02/2026,04/11/2004,52.92865928659286,134.3271832718327,March_2026
507,Railways,Ministry of Railways,East Coast Railway [ECoR] - II,705513,Koraput - Singapur Railway Doubling,2362,2362.0,1932.52,73,01/12/2027,30/03/2028,08/12/2015,0.0,81.81710414902625,March_2026
508,Railways,Ministry of Railways,PCE/WR,611918,Kosamba Umarpada 70 Km,468,0.0,20.28,8,30/03/2027,,14/07/2023,-100.0,4.333333333333334,March_2026
509,Railways,Ministry of Railways,South Central Railway [SCR] - II,705436,Kotapalli - Narasapur New Line,2501,2501.0,1417.27,30,31/03/2028,31/03/2028,31/03/2009,0.0,56.668132746901236,March_2026
510,Railways,Ministry of Railways,Ministry of Railways,705638,Kumbalam-Turavur doubling project [15.59 Km],813,802.8,101.22,30,31/03/2027,31/03/2027,03/04/2023,-1.254612546125467,12.450184501845019,March_2026
511,Railways,Ministry of Railways,WPO/Patna,611927,Kurnool - Setting up facilities for coach midlife rehabilitation workshop,561,0.0,276.66,65,31/12/2023,,01/01/2014,-100.0,49.31550802139038,March_2026
512,Railways,Ministry of Railways,WPO/Patna,705253,Kurnool Coach Midlife Rehabilitation Project,563,0.0,120.0,0,01/12/2020,,16/05/2016,-100.0,21.314387211367674,March_2026
513,Railways,Ministry of Railways,North Central Railway,705766,Lalitpur-Birari with flyover at Lalitpur- 16 Km,304,356.0,248.55,85,31/12/2024,31/01/2026,22/03/2017,17.105263157894736,81.75986842105264,March_2026
514,Railways,Ministry of Railways,North Central Railway,705480,"Lalitpur-Satna, Rewa-Singrauli & Mahoba-Khajuraho",8914,8914.0,6777.67,74,31/03/2027,31/12/2027,24/01/2007,0.0,76.03399147408571,March_2026
515,Railways,Ministry of Railways,South Eastern Railway [SER] - I,705785,Lodhma - Piska - Link Line bypassing Hatia/Ranchi with Y connection,473,473.0,302.69,5,30/06/2026,31/05/2027,27/08/2021,0.0,63.99365750528542,March_2026
516,Railways,Ministry of Railways,Railway,705783,Ludhiana- Killa Raipur Railway Doubling Project,238,238.0,137.07,57,31/03/2025,28/02/2027,01/03/2019,0.0,57.59243697478992,March_2026
517,Railways,Ministry of Railways,Northeast Frontier Railway [NFR],616701,Lumding Furkating Doubling Project 140 km,2124,0.0,95.64,2,29/02/2028,,19/02/2024,-100.0,4.502824858757062,March_2026
518,Railways,Ministry of Railways,North Western Railway [NWR],616842,LUNI- SAMDARI- BHILDI DOUBLING,3086,0.0,661.67,18,31/07/2027,,19/02/2024,-100.0,21.44102397926118,March_2026
519,Railways,Ministry of Railways,WPO/Patna,611929,Maintenance cum workshop depot for Vande Bharat Sleeper Trains as per conditions under WTA 527,167,0.0,0.0,0,29/12/2024,,12/09/2022,-100.0,0.0,March_2026
520,Railways,Ministry of Railways,South Central Railway [SCR] - II,705437,Manoharabad-Kothapalli New Rail Line [151 km],1160,2781.0,2964.82,72,31/03/2027,31/12/2027,16/07/2016,139.74137931034483,255.58793103448275,March_2026
521,Railways,Ministry of Railways,GM/C/ NFR,706940,"Mariani-Jorhat, Tinsukia-Dangri and Makum -TirapTrack Electrification Project",184,0.0,0.0,0,31/05/2024,,13/09/2018,-100.0,0.0,March_2026
522,Railways,Ministry of Railways,South Western Railway [SWR] - II,705491,Marikuppam - Kuppam New Line Project [23.70 Km],297,297.0,145.78,21,30/06/2026,30/06/2026,01/04/2012,0.0,49.08417508417509,March_2026
523,Railways,Ministry of Railways,RVNL - II,705667,Mathura-Jhansi Third Railway Line [274 Km],5961,5961.0,5097.69,95,31/12/2024,31/12/2026,11/12/2015,0.0,85.51736285858077,March_2026
524,Railways,Ministry of Railways,Western Railway [WR] - II,705458,Miyagam-Karjan-Dabhoi-Samlaya [GC],484,1039.13,654.38,42,31/03/2021,31/12/2026,17/01/2017,114.69628099173556,135.20247933884298,March_2026
525,Railways,Ministry of Railways,Western Railway WR - II,706757,Modasa-Shamlaji Road Railway Line Project,262,262.0,365.22,64,31/03/2025,31/03/2026,01/09/2012,0.0,139.3969465648855,March_2026
526,Railways,Ministry of Railways,North Central Railway,705772,"Mughalsarai-Allahabad, 3rd line",2649,2649.44,1836.67,69,31/12/2026,31/03/2027,08/12/2015,0.01661004152510587,69.3344658361646,March_2026
527,Railways,Ministry of Railways,East Central Railway [ECR] - I,616699,Multi tracking of Son Nagar-Andal 374.53 rkm & 814.38 tkm,12334,0.0,759.62,17,31/03/2028,,25/08/2023,-100.0,6.158748175774282,March_2026
528,Railways,Ministry of Railways,Western Railway,611452,MUMBAI CENTRAL VIRAR VADODARA AHMEDABAAD TRAIN PROTECTION SYSTEM 500 RKM,311,311.0,263.42,93,31/12/2025,31/12/2026,25/09/2019,0.0,84.70096463022509,March_2026
529,Railways,Ministry of Railways,Mumbai Rail Vikas Corporation Ltd.[MRVC],706780,Mumbai Urban Transport Project [MUTP] Phase-IIIA,33690,33690.0,3485.59,22,31/12/2027,31/12/2027,01/04/2019,0.0,10.346067082220243,March_2026
530,Railways,Ministry of Railways,Mumbai Rail Vikas Corporation Ltd.[MRVC],706779,Mumbai Urban Transport Project [MUTP] - PHASE II,8087,8087.0,7505.83,90,31/03/2014,31/12/2027,09/05/2008,0.0,92.81352788425869,March_2026
531,Railways,Ministry of Railways,Mumbai Rail Vikas Corporation Ltd.[MRVC],706781,Mumbai Urban Transport Project Phase-III,10947,10947.0,6519.14,75,31/03/2022,31/12/2026,30/11/2016,0.0,59.5518406869462,March_2026
532,Railways,Ministry of Railways,National High Speed Rail Corporation [NHSRC],705728,Mumbai-Ahmedabad High Speed Rail Project- 508 km,108000,108000.0,90395.9,59,31/08/2027,31/12/2029,31/03/2015,0.0,83.69990740740741,March_2026
533,Railways,Ministry of Railways,Northeast Frontier Railway [NFR] - II,705401,Murkongselek-Pasighat,435,1250.0,843.65,67,31/03/2025,31/12/2026,09/02/2011,187.35632183908046,193.94252873563218,March_2026
534,Railways,Ministry of Railways,East Central Railway [ECR] - I,705528,Muzaffarpur-Sugauli,1586,1586.0,1489.51,99,30/06/2024,30/06/2026,01/03/2018,0.0,93.91614123581337,March_2026
535,Railways,Ministry of Railways,Railway,709812,NADIAD-PETLAD [37.26 KM],462,0.0,178.78,8,30/06/2030,30/06/2030,17/05/2022,-100.0,38.696969696969695,March_2026
536,Railways,Ministry of Railways,South Central Railway [SCR] - II,400298,Nadikudi - Srikalahasti New Line,2312,5932.0,3016.32,55,31/05/2027,31/03/2028,31/03/2012,156.5743944636678,130.46366782006922,March_2026
537,Railways,Ministry of Railways,Ministry of Railways,400223,Nagapattinam-Tiruturaipundi and Karaikal-Peralam New Line,713,981.0,633.24,80,26/03/2027,31/03/2028,24/07/2008,37.58765778401122,88.81346423562412,March_2026
538,Railways,Ministry of Railways,MRIDC,705799,Nagpur- Nagbhir Railway Line Gauge Conversion Project,1400,1400.0,1472.0,80,31/12/2025,25/12/2025,01/10/2019,0.0,105.14285714285714,March_2026
539,Railways,Ministry of Railways,South Eastern Railway [SER] - I,705629,Narayangarh-Bhadrak 3rd line,2400,3425.32,2542.79,75,31/12/2025,31/01/2027,07/03/2019,42.72166666666667,105.94958333333334,March_2026
540,Railways,Ministry of Railways,North Western Railway [NWR],617408,NATHDWARA- NATHDWARA TOWN NL,166,0.0,101.55,14,31/03/2027,,10/03/2019,-100.0,61.174698795180724,March_2026
541,Railways,Ministry of Railways,North Eastern Railway [NER],611669,NER Provision of Automatic Block Signalling on Gorakhpur Cantt[Excl] Chhapra Gramin & Burhwal Jn [Excl] Sitapur Jn section of high density routes,380,0.0,248.51,20,31/03/2027,31/03/2028,20/05/2022,-100.0,65.39736842105263,March_2026
542,Railways,Ministry of Railways,Western Railway [WR] - II,709813,NEW BG LINE INTERSECTION [5 NOS] BETWEEN GERATPUR-SANAND & BOTAD-AHMEDABAD [16.51 KM],437,0.0,116.06,21,30/06/2028,27/10/2027,17/10/2022,-100.0,26.558352402745992,March_2026
543,Railways,Ministry of Railways,Western Railway [WR] - II,611943,New Broad Gauge line between Naliya to Jakhau Port,410,410.26,10.04,5,31/01/2028,30/06/2027,01/02/2023,0.06341463414633924,2.448780487804878,March_2026
544,Railways,Ministry of Railways,PCE/NCR,705794,New Delhi- Howrah Speed Booster[160Kmph] Project,6685,0.0,127.03,0,31/03/2024,,01/09/2019,-100.0,1.900224382946896,March_2026
545,Railways,Ministry of Railways,Indian Railway,618995,New Line between Junagarh - Nabarangpur [116.21 Km],2865,0.0,0.0,0,18/08/2030,,19/08/2024,-100.0,0.0,March_2026
546,Railways,Ministry of Railways,Western Railway [WR] - II,705453,"New line Dahod-Indore via Sardarpur, Jabuwa and Dhar",456,3516.77,4006.93,53,28/02/2027,28/02/2027,19/06/2012,671.2214912280702,878.7127192982457,March_2026
547,Railways,Ministry of Railways,South Western Railway [SWR] - II,705434,New Railway Line between Ginigera and Raichur [165.57 km],2565,3034.98,2247.23,70,31/03/2019,31/03/2027,31/03/2008,18.32280701754386,87.61130604288499,March_2026
548,Railways,Ministry of Railways,Western Railway [WR] - II,705764,Nimach-Badi Sadri New Rail Line Project,495,825.0,238.2,61,31/03/2026,30/06/2026,01/04/2017,66.66666666666666,48.12121212121212,March_2026
549,Railways,Ministry of Railways,Western Railway [WR] - II,705933,Nimach-Ratlam Doubling [133 Km],1096,1095.88,1284.91,94,31/10/2027,31/10/2027,07/10/2021,-0.010948905109479094,117.23631386861315,March_2026
550,Railways,Ministry of Railways,"Metro Railway, Kolkata",706776,Noapara-Barasat via Bimanbandar - Construction of Metro railway [18 km],4830,4830.0,3258.95,32,31/08/2026,31/03/2029,02/11/2010,0.0,67.47308488612836,March_2026
551,Railways,Ministry of Railways,RCIL,705298,North Region Video Surveillance Project,274,0.0,0.0,48,31/03/2024,,01/06/2020,-100.0,0.0,March_2026
552,Railways,Ministry of Railways,East Coast Railway [ECoR] - II,616695,Paradeep - Badabandha 3rd & 4th Line / 18.51kms,300,0.0,0.1,10,30/11/2028,,31/08/2023,-100.0,0.03333333333333334,March_2026
553,Railways,Ministry of Railways,Western Railway,611945,Petlad Bhadran 23 Kms,307,307.11,14.2,17,31/05/2030,30/05/2030,01/05/2022,0.035830618892512586,4.625407166123778,March_2026
554,Railways,Ministry of Railways,Ministry of Railways,400280,Phase II extension of MRTS from Velachery to St Thomas Mount,734,734.01,484.91,100,24/07/2025,30/09/2025,15/11/2007,0.0013623978201622487,66.06403269754769,March_2026
555,Railways,Ministry of Railways,Eastern Railway [ER] - I,705385,Pirpainti - Jasidih [100.52 Km] New BG line,2555,2555.0,1108.34,62,31/03/2028,31/03/2028,31/03/2014,0.0,43.37925636007827,March_2026
556,Railways,Ministry of Railways,North Western Railway [NWR],617404,POKHRAN - RAMDEVRA New Line,189,0.0,0.0,0,31/03/2028,,08/04/2025,-100.0,0.0,March_2026
557,Railways,Ministry of Railways,East Central Railway [ECR] - I,706837,Pradhan Kuntha Jn Line Doubling Project,349,349.22,119.69,71,30/11/2027,27/11/2027,21/11/2022,0.06303724928367543,34.29512893982808,March_2026
558,Railways,Ministry of Railways,East Coast Railway [ECoR] - II,400045,Proposed 6 nos Road Over Bridge [ROB] at different locations under MCL Talcher Under Deposit Scheme.,168,0.0,69.85,82,31/03/2025,31/01/2025,08/08/2022,-100.0,41.57738095238095,March_2026
559,Railways,Ministry of Railways,Central Railway,705503,Pune - Miraj-Londa [467 Kilometres],4028,4872.52,5248.72,100,28/02/2025,31/08/2025,10/06/2016,20.966236345580942,130.30585898709037,March_2026
560,Railways,Ministry of Railways,North Western Railway [NWR],616841,PUSHKAR- MERTA CITY NEW LINE,800,0.0,76.63,7,31/12/2026,,13/02/2024,-100.0,9.57875,March_2026
561,Railways,Ministry of Railways,South Central Railway [SCR] - II,617214,Rail Connectivity to Errupalem Amravati Namburu 57 Km,2047,0.0,75.45,0,31/03/2027,,24/11/2024,-100.0,3.6858817782120177,March_2026
562,Railways,Ministry of Railways,RVNL - II,617409,Railway Manufacturing Unit,521,0.0,491.37,87,31/12/2026,31/03/2026,01/07/2016,-100.0,94.31285988483685,March_2026
563,Railways,Ministry of Railways,PCE/WR,705793,Raising of speed to 160 kmph/200 kmph on existing New Delhi-Mumbai route incl. Vadodara-Ahmedabad,6806,8095.12,9478.55,66,31/03/2024,31/03/2026,01/09/2019,18.940934469585656,139.26755803702616,March_2026
564,Railways,Ministry of Railways,Western Railway WR - II,706763,Rajkot - Kanalus Doubling Project [111.2 Kms],1081,1080.58,916.33,81,31/10/2026,30/06/2026,07/10/2021,-0.03885291396855437,84.76688251618872,March_2026
565,Railways,Ministry of Railways,South East Central Railway [SECR] - II,705617,Rajnandgaon - Nagpur [Kalumna] Third Railway Line [228.30 km],3545,3545.0,3623.47,96,31/12/2024,30/06/2026,08/09/2016,0.0,102.2135401974612,March_2026
566,Railways,Ministry of Railways,West Central Railway [WCR] - II,705481,Ramganjmandi-Bhopal New Line Project [276.50 km],3032,5073.0,4039.87,81,25/12/2025,31/12/2027,31/03/2001,67.31530343007915,133.24109498680738,March_2026
567,Railways,Ministry of Railways,Indian Railway Construction International Limited [IRCON],706759,Rampur Dumra-Tal-Rajendrapul Additional Bridge and Railway Line Doubling,2374,1700.24,1582.44,98,01/12/2024,31/12/2025,31/03/2016,-28.38079191238416,66.65711878685762,March_2026
568,Railways,Ministry of Railways,North Western Railway [NWR],617406,RATLAM- DUNGARPUR VIA BANSWARA NEW LINE PROJECT,2417,0.0,7.19,8,31/03/2028,,19/10/2015,-100.0,0.2974762101779065,March_2026
569,Railways,Ministry of Railways,Western Railway [WR] - II,705457,Ratlam-Mhow-Khandwa-Akola Gauge Conversion,1656,6499.86,4606.71,83,31/03/2027,30/09/2028,01/04/2008,292.50362318840575,278.18297101449275,March_2026
570,Railways,Ministry of Railways,South Western Railway [SWR] - II,705494,Rayadurg-Tumkur via Kalyandurg New Line [207 km],2496,2496.0,1888.77,72,30/09/2015,29/02/2028,31/03/2008,0.0,75.671875,March_2026
571,Railways,Ministry of Railways,Rail Land Development Authority,613786,"Redevelopment of Ahmedabad railway station and associated infrastructure on engineering, procurement and construction mode",2379,0.0,913.54,30,31/03/2028,,24/01/2023,-100.0,38.40016813787305,March_2026
572,Railways,Ministry of Railways,Ministry of Railways,613002,Redevelopment of Chennai Egmore Station,842,0.0,340.0,0,31/03/2026,,25/05/2022,-100.0,40.38004750593824,March_2026
573,Railways,Ministry of Railways,Rail Land Development Authority,613015,Redevelopment of Chhatrapati Shivaji Maharaj Terminus [CSMT] and construction of associated infrastructure,1813,0.0,809.23,21,31/03/2027,,28/04/2023,-100.0,44.63485934914506,March_2026
574,Railways,Ministry of Railways,Rail Land Development Authority,613785,Redevelopment of New Delhi Railway Station and construction of associated infrastructure,4744,0.0,176.88,3,31/12/2028,,24/01/2023,-100.0,3.7284991568296797,March_2026
575,Railways,Ministry of Railways,South Central Railway [SCR] - II,705610,"Renigunta, Wadi & Gooty Bypass Railway Project",302,543.0,633.71,89,31/12/2025,31/03/2026,01/04/2016,79.80132450331125,209.83774834437088,March_2026
576,Railways,Ministry of Railways,North Western Railway [NWR],611861,Rewari - Kathuwas Doubling Project [27.72 Km],352,352.0,306.87,75,30/06/2027,27/06/2027,01/02/2023,0.0,87.17897727272728,March_2026
577,Railways,Ministry of Railways,RVNL - II,705429,Rishikesh-Karnaprayag New Rail Line- 125 km,38953,38953.0,28269.2,74,31/12/2025,31/12/2028,10/11/2016,0.0,72.57258747721613,March_2026
578,Railways,Ministry of Railways,Western Railway [WR] - II,611979,Sabarmati Setting up of Maintenance Facilities for Train Sets Phase ii,250,0.0,134.97,88,30/06/2025,31/05/2026,19/01/2023,-100.0,53.988,March_2026
579,Railways,Ministry of Railways,North Western Railway [NWR],617403,SADULPUR - CHURU DOUBLING PROJECT,469,0.0,167.03,71,30/06/2026,,24/01/2024,-100.0,35.61407249466951,March_2026
580,Railways,Ministry of Railways,East Central Railway [ECR] - I,705527,Sagauli-Valmiknagar,1216,2222.0,2095.73,93,24/12/2025,25/12/2025,01/03/2018,82.73026315789474,172.34621710526318,March_2026
581,Railways,Ministry of Railways,North Eastern Railway [NER],400205,Sahjanwa-Dohrighat,1320,1319.75,482.55,4,31/03/2029,31/03/2029,02/08/2019,-0.01893939393939394,36.55681818181819,March_2026
582,Railways,Ministry of Railways,Eastern Railway [ER] - I,602797,"Sainthia, Sitarampur, Mughalsarai, Allahabad & Etawah - Bypass Line Project",462,461.64,238.93,20,31/03/2027,27/03/2027,10/08/2017,-0.07792207792208088,51.71645021645021,March_2026
583,Railways,Ministry of Railways,East Central Railway [ECR] - I,400254,Sakri -Hasanpur [via Harnagar - Kusheshwar Asthan] New Railway line,735,0.0,589.37,84,31/12/2024,31/03/2027,15/12/2023,-100.0,80.18639455782312,March_2026
584,Railways,Ministry of Railways,East Central Railway [ECR] - I,705526,Samastipur-Darbhanga Doubling Railway Project,519,519.0,400.14,96,31/03/2025,31/10/2025,18/11/2015,0.0,77.09826589595376,March_2026
585,Railways,Ministry of Railways,PCE/WR,611970,Samlaya Timba Road 54 km,670,670.17,45.21,12,31/03/2030,30/03/2030,03/02/2023,0.0253731343283521,6.747761194029851,March_2026
586,Railways,Ministry of Railways,PCE/WR,611971,Samni Jambusar 24 km,350,349.93,71.05,31,31/03/2030,30/03/2030,01/05/2022,-0.01999999999999805,20.299999999999997,March_2026
587,Railways,Ministry of Railways,SECR,617390,Sardega -Bhalumuda New Double line [37.24 Km],1282,0.0,128.07,3,31/03/2028,,11/09/2024,-100.0,9.989859594383775,March_2026
588,Railways,Ministry of Railways,West Central Railway [WCR] - II,705659,Satna-Rewa Railway Line Doubling Project,500,584.0,563.03,86,31/03/2026,31/03/2026,01/11/2015,16.8,112.60599999999998,March_2026
589,Railways,Ministry of Railways,North Western Railway [NWR],705912,Sawai Madhopur-Jaipur Railway Line Project,1204,0.0,171.05,14,31/03/2027,,19/02/2024,-100.0,14.206810631229235,March_2026
590,Railways,Ministry of Railways,North Western Railway [NWR],706866,Sawaimadhopur Bye Pass Line Project,304,304.0,69.33,72,31/03/2026,27/05/2027,01/12/2022,0.0,22.80592105263158,March_2026
591,Railways,Ministry of Railways,South Eastern Railway - JH,617345,SER Upgradation of maintenance infrastructure at Shalimar into Vande Bharat Chair Car maintenance cum workshop depot.,227,0.0,43.64,50,22/10/2026,,04/03/2024,-100.0,19.22466960352423,March_2026
592,Railways,Ministry of Railways,South Western Railway [SWR] - II,705761,SHIMOGA - SHIKARIPURA - RANEBENNUR [96 Km],1454,1454.0,87.13,13,01/12/2027,30/06/2028,19/09/2019,0.0,5.992434662998624,March_2026
593,Railways,Ministry of Railways,Indian Railway Construction International Limited [IRCON],705432,Sivok-Rangpo New Rail Line,7877,11775.0,10618.6,92,31/05/2015,31/12/2027,30/10/2009,49.48584486479624,134.80512885616352,March_2026
594,Railways,Ministry of Railways,Central Railway,705735,Solapur-tuljapur-Osmanabad,905,3295.74,1214.94,12,31/03/2027,28/03/2028,29/08/2018,264.17016574585637,134.2475138121547,March_2026
595,Railways,Ministry of Railways,East Central Railway [ECR] - I,617333,Surface triangle line bet. Bhadura stn and new crossing stn Karma,200,0.0,4.17,0,28/02/2027,,06/10/2022,-100.0,2.085,March_2026
596,Railways,Ministry of Railways,East Coast Railway [ECoR] - II,705359,Talcher-Bimlagarh New Railway Line,1928,1928.0,2079.48,54,31/03/2025,31/03/2029,31/03/2004,0.0,107.85684647302904,March_2026
597,Railways,Ministry of Railways,Eastern Railway [ER] - I,400273,Tarakeshwar-Bishnupur New Line [82.47 km],1189,1542.0,1367.58,97,31/03/2019,28/02/2026,31/03/2001,29.68881412952061,115.0193439865433,March_2026
598,Railways,Ministry of Railways,North Western Railway [NWR],400022,Taranga Hill-Abu Road via Ambaji,2798,2798.0,2321.81,30,31/07/2030,31/07/2030,21/07/2022,0.0,82.98105789849892,March_2026
599,Railways,Ministry of Railways,South Central Railway [SCR] - II,705613,Third Line [new] between Kazipet - Balharshah with electrification [201.04 Km],2595,3071.0,4108.55,95,31/01/2025,30/11/2025,16/09/2016,18.34296724470135,158.32562620423894,March_2026
600,Railways,Ministry of Railways,Ministry of Railways,400275,Tindivanam-Nagari New Line Project [184.5 km],3631,3631.0,1222.79,16,16/09/2025,31/03/2028,21/07/2008,0.0,33.67639768658772,March_2026
601,Railways,Ministry of Railways,South Central Railway [SCR] - II,617210,Tiupati Katpadi 104.39 kms,1216,0.0,0.15,0,31/03/2029,,17/04/2025,-100.0,0.012335526315789474,March_2026
602,Railways,Ministry of Railways,Southern Railway [SR] - I,705635,Trivandrum- Kanyakumari,1432,3785.45,2874.14,55,24/03/2025,30/06/2028,28/08/2017,164.34706703910612,200.7081005586592,March_2026
603,Railways,Ministry of Railways,South Western Railway [SWR] - II,705496,Tumkur-Chitradurga-Davangere New Rail Line Project [191 km],1876,1876.0,543.22,15,31/03/2019,31/12/2027,29/10/2013,0.0,28.95628997867804,March_2026
604,Railways,Ministry of Railways,Northern Railways,617213,Varanasi-Pt. Deen Dayal Upadhyaya multitracking 15km including construction of new Rail-cum-Road Bridge across Ganga River.,2464,0.0,42.29,0,30/10/2029,,24/10/2024,-100.0,1.716314935064935,March_2026
605,Railways,Ministry of Railways,South Central Railway [SCR] - II,705632,Vijayawada - Kazipet Byepass line,647,904.0,1229.06,95,12/01/2025,31/12/2025,22/04/2016,39.721792890262755,189.96290571870168,March_2026
606,Railways,Ministry of Railways,RVNL - II,705648,Vijaywada-Gudur 3rd Line,6654,6654.0,6170.32,96,30/11/2024,31/03/2026,24/08/2016,0.0,92.73098887886985,March_2026
607,Railways,Ministry of Railways,RVNL - II,400253,Vizianagaram - Titlagarh 3rd line [272 Km including By - pass line of 7.68 KM],4803,6669.91,6194.54,96,26/12/2025,31/12/2026,10/06/2016,38.8696647928378,128.9723089735582,March_2026
608,Railways,Ministry of Railways,South East Central Railway,705479,Wadsa-Gadchiroli,1886,1886.0,776.21,65,31/03/2027,31/03/2027,17/05/2017,0.0,41.15641569459173,March_2026
609,Railways,Ministry of Railways,Central Railway [CR] - II,400271,Wardha-Nanded Via Yavatmal New BG Line,3445,3445.0,3002.93,50,28/03/2025,31/12/2026,20/12/2017,0.0,87.16777939042089,March_2026
610,Railways,Ministry of Railways,DFCCIL,705237,Western Dedicated Freight Corridor,51101,124005.0,124623.0,96,31/03/2022,31/12/2025,28/02/2008,142.6664840218391,243.87585370149313,March_2026
611,Railways,Ministry of Railways,Western Railway [WR] - II,611974,Western Railway Samakhiali Gandhidham Quadrupiling 53 Kms,1430,0.0,407.94,35,30/12/2026,31/12/2027,25/08/2023,-100.0,28.527272727272727,March_2026
612,Railways,Ministry of Railways,Karnataka Rail Infrastructure Development Company Limited [K-RIDE],703585,Yeshvanthpur - Channasandra Doubling Project [21.70 Km],314,683.57,169.1,56,31/03/2024,31/03/2026,01/04/2019,117.69745222929937,53.85350318471337,March_2026
613,Real Estate,Department for Promotion of Industry & Internal Trade,National Industrial Corridor Development Corporation,701658,Krishnapatnam Node - Phase 1 - Roads and Services Development,2139,0.0,754.36,36,15/02/2028,,30/12/2020,-100.0,35.2669471715755,March_2026
614,Real Estate,Department for Promotion of Industry & Internal Trade,National Highways & Infrastructure Development Corporation Ltd. [NHIDCL],701657,Tumakuru Node - Phase 1 - Roads and Services Development,1702,0.0,278.35,22,21/09/2026,,30/12/2020,-100.0,16.354289071680377,March_2026
615,Real Estate,Ministry of Housing & Urban Affairs,ministry of housing and urban affairs,701766,Green Building Development Project,151,0.0,18.95,31,23/11/2023,,07/11/2019,-100.0,12.549668874172184,March_2026
616,Real Estate,Ministry of Housing & Urban Affairs,ministry of housing and urban affairs,707229,"Integrated Command control Center [ICCC] - Construction and Development of Integrated Command Control Center with Security, Surveillance, ITMS, Connecting Port, Ship Service, Smart Solid Waste Management, Smart Public Transport System",210,0.0,0.0,70,31/05/2023,,19/07/2021,-100.0,0.0,March_2026
617,Real Estate,Ministry of Housing & Urban Affairs,National Buildings Construction Corporation [NBCC],400188,Redevelopment of Seven General Pool Residential Accommodation [GPRA] Colonies in Delhi,32850,32841.0,13885.7,46,31/12/2025,31/12/2025,05/07/2016,-0.0273972602739726,42.27001522070015,March_2026
618,Real Estate,Ministry of Housing & Urban Affairs,ministry of housing and urban affairs,701719,Rehablitation in Junavadaj Area Smart City Project,539,0.0,39.63,50,07/07/2022,,29/02/2016,-100.0,7.3525046382189245,March_2026
619,Roads & Highways,Ministry of Road Transport & Highways,National Highways Authority of India [NHAI],618788,4L Greenfield Jalbhera Shahbad section from km. 0.000 to km. 22.850 of NH-152G,927,1173.66,354.55,87,31/05/2025,30/04/2026,31/03/2022,26.608414239482208,38.2470334412082,March_2026
620,Roads & Highways,Ministry of Road Transport & Highways,National Highways Authority of India [NHAI],619095,Balance works of 4L Panvel Indapur section of NH66 old NH17 from km 42.300 kasu to km 84.600 Indapur,546,472.1,380.82,82,17/05/2024,30/06/2026,15/06/2022,-13.534798534798531,69.74725274725274,March_2026
621,Roads & Highways,Ministry of Road Transport & Highways,NHIDCL,618452,"2-laning of Zorinpui - Longmasu section of NH-502A from km 0.000 to km 28.244 in the State of Mizoram on EPC mode under NHO-NE, stretch of IMBR",782,0.0,20.64,5,06/12/2026,03/07/2027,16/02/2023,-100.0,2.639386189258312,March_2026
622,Roads & Highways,Ministry of Road Transport & Highways,National Highways Authority of India [NHAI],618547,2L NH-1 from km 8.660 to km 33.775 Sumbal to Wayul to 4L dual carriageway NH standard as part of Srinagar Ring Road PhaseII [Design Ch. 41.907 to Ch. 66.609],961,643.64,388.13,46,25/06/2026,12/12/2026,07/11/2022,-33.02393340270552,40.38813735691987,March_2026
623,Roads & Highways,Ministry of Road Transport & Highways,National Highways Authority of India [NHAI],618890,2L PS of Hamirpur Bypass from Km 121.175 to Km.138.295 of NH-103&3,739,754.82,233.24,92,28/10/2025,30/06/2026,25/08/2022,2.1407307171853924,31.56156968876861,March_2026
624,Roads & Highways,Ministry of Road Transport & Highways,National Highways Authority of India [NHAI],618751,2L PS of Hinotiya-Mehulwa section of NH-346 from Km. 27.000 to Km 75.700 Vidisha Mehulwa-Talbehat Pkg-II Section of NH- 346,582,592.71,230.36,69,12/09/2025,15/04/2026,12/10/2022,1.8402061855670164,39.580756013745706,March_2026
625,Roads & Highways,Ministry of Road Transport & Highways,National Highways Authority of India [NHAI],618909,2L PS of JH / WB Border km. 70.524 - Purulia km.84.400 & Purulia km. 94.30 - Chandil Junction with NH-33 km. 153.705 of Old NH-32,1652,1771.88,742.45,97,06/08/2022,30/06/2026,13/03/2018,7.256658595641653,44.94249394673124,March_2026
626,Roads & Highways,Ministry of Road Transport & Highways,NHAI,618955,2L PS of Majhauli to Charout section from km. 0.00 to km. 63.655,638,1067.51,559.21,100,04/11/2021,30/04/2026,23/01/2018,67.32131661442006,87.65047021943573,March_2026
627,Roads & Highways,Ministry of Road Transport & Highways,National Highways Authority of India [NHAI],618924,2L PS of Najibabad Kotdwar section from 112.575 to Km. 138.635 of NH 119,189,99.2,25.55,50,07/09/2025,30/06/2026,05/10/2021,-47.51322751322751,13.518518518518519,March_2026
628,Roads & Highways,Ministry of Road Transport & Highways,National Highways Authority of India [NHAI],618854,2L PS of Raebareli - Jagdishpur with 4L Jagdishpur Bypass Spur,706,752.52,515.53,97,06/01/2024,10/06/2025,15/02/2021,6.5892351274787515,73.0212464589235,March_2026
629,Roads & Highways,Ministry of Road Transport & Highways,National Highways Authority of India [NHAI],618655,2L PS of Roshni to Ashapur Section of NH-347B from Design KM Ch. 89.900 to 114.000 KM Package III of Betul Khandwa,201,120.75,89.69,84,21/08/2026,21/08/2026,09/03/2024,-39.92537313432835,44.62189054726368,March_2026
630,Roads & Highways,Ministry of Road Transport & Highways,National Highways Authority of India [NHAI],618958,2L with ES of Yagyi - Kalewa section from Milepost 40/0 to Milepost 115/5 in Myanmar,1200,1200.14,0.0,52,01/06/2023,31/07/2027,09/12/2017,0.011666666666675004,0.0,March_2026
631,Roads & Highways,Ministry of Road Transport & Highways,National Highways Authority of India [NHAI],618907,2L/4L of Hoshiarpur to Una section including Hoshiarpur Bypass of NH 503A,571,481.88,37.09,22,20/05/2027,20/05/2027,20/03/2023,-15.607705779334502,6.495621716287216,March_2026
632,Roads & Highways,Ministry of Road Transport & Highways,National Highways Authority of India [NHAI],618908,3L Major Bridge over River Brahmani at Km. 401.250 Duburi - Chandikhole Section of NH-200 New NH -53,154,103.68,61.82,38,31/01/2025,31/12/2026,17/04/2022,-32.67532467532467,40.14285714285714,March_2026
633,Roads & Highways,Ministry of Road Transport & Highways,National Highways Authority of India [NHAI],618669,4 -Laning of MP/UP Border to Kabarai section of NH-34&35 from km 197.000 to km 242.991 Length 45.991 Km Sagar-Kabrai Package-5 under Bharat Mala Pariyojana EC in MP & UP on HAM,1633,1425.43,273.96,46,14/02/2027,31/01/2027,20/10/2022,-12.710961420698098,16.776484996938148,March_2026
634,Roads & Highways,Ministry of Road Transport & Highways,National Highways Authority of India [NHAI],618961,4 Lane Inner Ring Road around Allahabad City Pkg-1 Prayagraj Southern Bypass 34.400 43.200,776,498.97,0.14,4,18/12/2027,18/12/2027,19/02/2025,-35.699742268041234,0.018041237113402064,March_2026
635,Roads & Highways,Ministry of Road Transport & Highways,National Highways Authority of India [NHAI],618960,4 Lane Inner Ring Road around Allahabad City Pkg-2 Prayagraj Southern Bypass 43.200 - 50.860,1378,1007.62,349.12,42,15/06/2026,18/06/2026,24/08/2023,-26.878084179970973,25.335268505079828,March_2026
636,Roads & Highways,Ministry of Road Transport & Highways,National Highways Authority of India [NHAI],618641,4 Lane of CG/JH Border-Gumla from km 0.000 to km 32.370 of NH-43 in the State of Jhrkhand,1326,0.0,12.69,0,17/02/2028,17/02/2028,02/08/2024,-100.0,0.9570135746606334,March_2026
637,Roads & Highways,Ministry of Road Transport & Highways,National Highways Authority of India [NHAI],618649,4 Lane with PS from Des. Ch 228.500 to Des. Ch. 273.400 of Belgaum-Hungund-Raichur Section of NH 748 A Package-6,1246,1012.78,197.97,44,20/11/2026,20/11/2026,29/03/2023,-18.717495987158912,15.8884430176565,March_2026
638,Roads & Highways,Ministry of Road Transport & Highways,National Highways Authority of India [NHAI],619108,4 Lane with PS from Des. Ch 0.000 to Des. Ch. 43.800 of Belgaum-Hungund-Raichur Section of NH-748A Package-1,1452,1256.55,126.2,28,17/06/2027,17/06/2027,12/02/2024,-13.460743801652896,8.69146005509642,March_2026
639,Roads & Highways,Ministry of Road Transport & Highways,National Highways Authority of India [NHAI],619107,4 Lane with PS from Des. Ch 136.100 to Des. Ch. 182.300 of Belgaum-Hungund-Raichur Section of NH-748A Package-4,1311,1123.35,4.66,8,28/09/2027,28/09/2027,07/02/2024,-14.313501144164768,0.35545385202135776,March_2026
640,Roads & Highways,Ministry of Road Transport & Highways,National Highways Authority of India [NHAI],619106,4 Lane with PS from Des. Ch 182.300 to Des. Ch. 228.500 of Belgaum-Hungund-Raichur Section of NH 748 A Package-5,1142,868.65,176.76,31,20/11/2026,20/11/2026,27/03/2023,-23.936077057793348,15.478108581436075,March_2026
641,Roads & Highways,Ministry of Road Transport & Highways,National Highways Authority of India [NHAI],618651,4 Lane with PS from Des. Ch 43.800 to Des. Ch. 89.900 of Belgaum-Hungund-Raichur Section of NH-748A Package-2,1428,1293.94,400.24,41,28/02/2027,28/02/2027,20/02/2024,-9.387955182072826,28.028011204481796,March_2026
642,Roads & Highways,Ministry of Road Transport & Highways,National Highways Authority of India [NHAI],618650,4 Lane with PS from Des. Ch 89.900 to Des. Ch. 136.100 of Belgaum-Hungund-Raichur Section of NH-748A Package-3,1364,1219.62,72.94,18,03/04/2027,03/04/2027,11/01/2024,-10.585043988269803,5.347507331378299,March_2026
643,Roads & Highways,Ministry of Road Transport & Highways,National Highways Authority of India [NHAI],618691,4 laning of Aligarh-Palwal Section from Km. 46.390 Design Chainage to Km. 69.110 Terminating at junction EPE Package-II from Kurana- Eastern Peripheral Expressway of NH-334D,939,903.94,95.33,6,26/08/2027,27/08/2027,15/03/2024,-3.7337593184238496,10.152289669861554,March_2026
644,Roads & Highways,Ministry of Road Transport & Highways,National Highways Authority of India [NHAI],618823,4 laning of Barasat - Barajaguli Section of NH-12 from Km. 31.000 to Km. 48.679 in the district of North 24 - Parganas,352,346.39,54.34,35,11/02/2026,11/12/2026,08/02/2024,-1.5937500000000038,15.437500000000002,March_2026
645,Roads & Highways,Ministry of Road Transport & Highways,National Highways Authority of India [NHAI],618957,4 laning of Champa - Korba from km 0.00 to km 38.2,1002,1304.47,718.32,99,05/01/2024,30/04/2026,08/02/2021,30.186626746506988,71.68862275449102,March_2026
646,Roads & Highways,Ministry of Road Transport & Highways,National Highways Authority of India [NHAI],619158,4 Laning of Duburi Chandikhole from km 388.376 to km 428.074 Pkg-III,789,907.61,518.91,86,09/08/2022,30/06/2026,19/01/2018,15.032953105196453,65.7680608365019,March_2026
647,Roads & Highways,Ministry of Road Transport & Highways,National Highways Authority of India [NHAI],618826,4 Laning of NH-544D from Km 0.000 to km 37.000 of Anantapur- Muchukota section Pkg-1,908,905.98,440.84,91,21/07/2025,29/05/2026,11/10/2022,-0.22246696035242092,48.55066079295154,March_2026
648,Roads & Highways,Ministry of Road Transport & Highways,National Highways Authority of India [NHAI],618827,4 Laning of NH-544D from Km 37.000 to km 69.000 of Muchukota- Bugga section Pkg-2,1098,1055.23,320.17,71,15/08/2025,24/07/2026,14/10/2022,-3.8952641165755906,29.15938069216758,March_2026
649,Roads & Highways,Ministry of Road Transport & Highways,National Highways Authority of India [NHAI],618964,4 Laning of Sandalpur to Nasrullaganj Pkg-1 section of NH-146B Length 43.2 Km.,1426,0.0,11.29,5,09/01/2028,09/01/2028,30/03/2025,-100.0,0.7917251051893408,March_2026
650,Roads & Highways,Ministry of Road Transport & Highways,National Highways Authority of India [NHAI],619157,4 Laning of Talcher to end of Kamakhyanagar Bypass km 8.844 - km 15.725 of NH-149 and km 301.875 - km 335.946 of NH-53 Pkg-I,795,810.71,397.12,99,19/08/2021,15/04/2026,14/01/2018,1.976100628930822,49.95220125786163,March_2026
651,Roads & Highways,Ministry of Road Transport & Highways,National Highways Authority of India [NHAI],619167,4 Laning with PS of Pathrapalli-Katghora km 53.3 to km 92.6 Pkg-II of Bilaspur Kathghora,865,1275.26,592.3,93,03/12/2022,30/06/2026,17/12/2019,47.428901734104045,68.47398843930635,March_2026
652,Roads & Highways,Ministry of Road Transport & Highways,National Highways Authority of India [NHAI],618690,"4 lanning of Aligarh Palwal section from km 0.00 to km 46.39 package -1 from khereshwar junction-kurana of NH33D , including khair & jattari bypass in the state of UP on HAM mode",1663,1685.69,460.89,13,26/03/2027,26/03/2027,11/03/2024,1.3644016837041524,27.71437161755863,March_2026
653,Roads & Highways,Ministry of Road Transport & Highways,National Highways Authority of India [NHAI],618666,4- Laning of Mohari to Satai Ghat section NH-934 from Km 50300 to Km 89875 Total length 39.575 km Package-2 in the State of Madhya Pradesh on EPC Mode,711,539.08,388.63,83,27/08/2026,31/08/2026,08/08/2022,-24.18002812939521,54.65963431786216,March_2026
654,Roads & Highways,Ministry of Road Transport & Highways,NHIDCL,618282,4-L Bilasipara-Guwahati Package-10,1265,0.0,469.24,57,18/06/2026,31/03/2027,31/03/2023,-100.0,37.094071146245064,March_2026
655,Roads & Highways,Ministry of Road Transport & Highways,NHIDCL,618283,4-L Bilasipara-Guwahati Package-9,1000,0.0,416.11,50,11/06/2026,31/03/2027,07/03/2023,-100.0,41.611000000000004,March_2026
656,Roads & Highways,Ministry of Road Transport & Highways,National Highways Authority of India [NHAI],618913,4-L of Rajamunda to Barkote Section of NH-23 from km. 287.200 to km. 337.185,610,630.97,114.77,97,13/06/2021,31/12/2024,26/10/2017,3.437704918032791,18.814754098360655,March_2026
657,Roads & Highways,Ministry of Road Transport & Highways,NHIDCL,618316,4-Laning of Vairengte - Chhimluang section Package-3 of NH-306 from Existing Chainage km 43000 to Km 59700 Design Chainage km 46000 to km 60850 on Silchar - Vairengte- Sairang road in the State of Mizoram under Bharatmala Pariyojna under NHO-NE. Package-1&2 in Assam state,491,0.0,32.46,18,07/01/2027,30/12/2026,03/12/2021,-100.0,6.610997963340122,March_2026
658,Roads & Highways,Ministry of Road Transport & Highways,MoRTH,617941,4-Laning from End of Zuari approaches to Start of Margao Bypass section of NH-66 from Km 536.800 to Km 543.450,398,0.0,0.0,0,15/02/2028,,16/07/2024,-100.0,0.0,March_2026
659,Roads & Highways,Ministry of Road Transport & Highways,NHIDCL,618435,4-Laning from Rangagara to Kaliabor Tiniali from km 297.00 to km 315.315 of NH-37 on EPC basis under SARDP-NE in state of Assam,387,0.0,352.16,97,21/04/2020,31/05/2026,12/01/2016,-100.0,90.99741602067184,March_2026
660,Roads & Highways,Ministry of Road Transport & Highways,MoRTH,618013,4-laning of Puttaparthi-Koduru Section of NH-342,1319,909.19,341.52,80,06/11/2025,30/04/2026,17/10/2022,-31.069749810462465,25.8923426838514,March_2026
661,Roads & Highways,Ministry of Road Transport & Highways,NHIDCL,618328,4-Laning of Balance work of Dimapur-Kohima Road from design km 152.490 to km 166.700 Existing km 156.000 to km 172.900 Excluding Dimapur & Kohima Bypass under SARDP-NE Package-III,563,794.75,119.71,83,28/09/2025,,31/03/2016,41.16341030195382,21.262877442273535,March_2026
662,Roads & Highways,Ministry of Road Transport & Highways,NHIDCL,618317,4-Laning of chhimluang-Kolasib from section pkg-4 of NH-306 & NH-6 existing chainage km 59700 to km 86000 design chainage km 61000 to km 77500 on Silchar-vairengte-sairang road in the state of Mizoram under Bharatmala Pariyojna on EPC mode Vairengte - Sairang Pkg-4,562,0.0,0.0,17,07/01/2027,30/12/2026,20/12/2021,-100.0,0.0,March_2026
663,Roads & Highways,Ministry of Road Transport & Highways,NHIDCL,618314,4-Laning of Dhanehari Lailapur / Vairengte section from Existing Chainage km 12920 to km 43000 of NH 306 Design Chainage km 20000 to km 49360 on Silchar - Vairengte Sairang road in the State of Assam under Bharatmala Pariyojna on EPC mode. Project Length 29.360 km under NHO-NE Package-2,1716,0.0,918.32,79,14/08/2026,14/08/2026,31/03/2023,-100.0,53.515151515151516,March_2026
664,Roads & Highways,Ministry of Road Transport & Highways,MoRTH,618033,4-Laning of Itanagar to Bandardewa section of NH-415from km 40430 to km 51735 Package-Bon EPC Mode in the state of Arunachal Pradesh Job NO. 415/Ar. P/2020-21/031,496,0.0,156.97,51,07/12/2024,31/07/2026,24/06/2020,-100.0,31.64717741935484,March_2026
665,Roads & Highways,Ministry of Road Transport & Highways,NHIDCL,618436,4-Laning of Jamugurihat to end of Biswanath Chariali By-Pass from Km 182.000 to Km 208.000 of NH-52 on EPC mode in state of Assam under SARDP-NE,599,0.0,405.02,100,19/06/2019,30/07/2025,31/03/2015,-100.0,67.61602671118531,March_2026
666,Roads & Highways,Ministry of Road Transport & Highways,NHIDCL,618318,4-Laning of Kolasib - Sethawn section Package-5 of NH-6 from Existing Chainage km 86000 to km 107850 Design Chainage km 77500 to km 95500 on silchar - vairengte - sairang road under Bharatmala Pariyojna on EPC mode under NHO-NE Vairengte - Sairang Pkg-5,720,0.0,40.29,12,07/07/2027,28/06/2027,17/11/2021,-100.0,5.595833333333333,March_2026
667,Roads & Highways,Ministry of Road Transport & Highways,NHIDCL,618438,"4-Laning of NH-37 Section between Demow to End of Moran Bypass From Km. 534.800 to Km. 561.700 including Emergency Landing Facility ELF under SARDP-NE, Phase 'A' in the State of Assam on EPC mode",386,0.0,145.89,100,20/07/2024,14/08/2025,14/01/2016,-100.0,37.795336787564764,March_2026
668,Roads & Highways,Ministry of Road Transport & Highways,National Highways Authority of India [NHAI],618783,4-laning of Pilibhit - Sitarganj from Km. 32.500 to Km. 70.800 Pkg-2 of NH-30,1471,1471.19,407.69,33,13/03/2026,25/01/2027,16/01/2023,0.012916383412648167,27.715159755268527,March_2026
669,Roads & Highways,Ministry of Road Transport & Highways,NHIDCL,618319,"4-Laning of Sethawn - N. Kawnpui section Package-6 of NH-6 from Existing Chainage km 107850 to km 126315 Design Chainage km 95500 to km 111850 on Silchar-Vairengte- Sairang road, Vairengte - Sairang Pkg-6",596,0.0,21.02,7,07/01/2027,30/12/2026,20/12/2021,-100.0,3.5268456375838926,March_2026
670,Roads & Highways,Ministry of Road Transport & Highways,NHIDCL,618315,4-Laning of Silchar - Dhanehari section from Existing Chainage km 263800 of NH 37 to km 12920 of NH 306 Design Chainage km 0000 to km 20000 on Silchar - Vairengte - Sairang road in the State of Assam under Bharatmala Pariyojna on EPC mode Package-1,1257,0.0,550.91,55,23/07/2026,22/07/2026,28/02/2023,-100.0,43.82736674622116,March_2026
671,Roads & Highways,Ministry of Road Transport & Highways,National Highways Authority of India [NHAI],618672,4-lanning of Gyaraspur to Rahatgarh section of NH-146 from Design Ch. 88361 to Ch 124470 in the state of MP on HAM mode,903,592.44,76.95,18,05/11/2027,05/11/2027,28/10/2024,-34.39202657807308,8.521594684385382,March_2026
672,Roads & Highways,Ministry of Road Transport & Highways,National Highways Authority of India [NHAI],618671,4-lanning of Rahatgarh to Berkhedi section of NH-146 from Design Ch 124470 to Ch. 134.549,618,342.69,3.77,4,20/12/2027,20/12/2027,30/03/2025,-44.54854368932039,0.610032362459547,March_2026
673,Roads & Highways,Ministry of Road Transport & Highways,National Highways Authority of India [NHAI],619103,4/6 Laning of Raipur-Simga Pkg-I from km. 0.00 to km. 48.58,1097,1172.36,106.47,100,20/04/2018,30/04/2026,10/10/2015,6.86964448495897,9.70556061987238,March_2026
674,Roads & Highways,Ministry of Road Transport & Highways,National Highways Authority of India [NHAI],618495,4/6L Access Control Expressway from Design Chainage Km 515.000 to 528.300 Kunjwani to Sidhra Section of NH-44 and from Design Chainage Km 550.900 to Km 566.520 Domel to Katra Section Phase II-Package XVII,2895,2894.74,781.47,61,13/06/2025,31/03/2027,29/06/2022,-0.008981001727123256,26.99378238341969,March_2026
675,Roads & Highways,Ministry of Road Transport & Highways,National Highways Authority of India [NHAI],618785,4/6L Greenfield LudhianaRupnagar highway from Jn. with NE-5 village near to ManewalLudhiana to Jn. with NH-205 near Bheora Village Rupnagar from Km 66.0 to Km 91.0 i/c spur to Kharar from Km 0.0 to Km 19.5 with Ludhiana bypass of NH-205K Pkg-3,1501,1815.13,992.79,78,15/02/2025,31/05/2026,30/07/2021,20.92804796802133,66.14190539640241,March_2026
676,Roads & Highways,Ministry of Road Transport & Highways,National Highways Authority of India [NHAI],618969,4/6L of Spur to Haridwar Greenfield from Km. 0.000 to Km. 50.70,2156,2612.3,1450.4,91,19/02/2025,30/06/2026,15/11/2021,21.164192949907243,67.27272727272727,March_2026
677,Roads & Highways,Ministry of Road Transport & Highways,National Highways Authority of India [NHAI],618517,4/6L of Bangalore - Pune Section of bypass connecting Dharwad - Hubli from km. 403.80 to km. 433.20,1135,763.36,698.19,82,21/09/2025,30/11/2026,27/12/2021,-32.74361233480176,61.51453744493393,March_2026
678,Roads & Highways,Ministry of Road Transport & Highways,National Highways Authority of India [NHAI],619132,4/6L of Gurgaon - Pataudi - Rewari from km. 0.00 to km.43.87 of NH-352W,1810,1917.5,496.01,72,23/11/2023,30/06/2026,11/05/2020,5.939226519337017,27.40386740331492,March_2026
679,Roads & Highways,Ministry of Road Transport & Highways,NHAI,618567,4/6L of Northern Ayodhya Bypass starting Km. 112.540 and ending Km. 139.928 north of existing NH-27 part-1 and part-2 south of NH-27 from km 0.000 to km 5.000.,2289,1834.25,132.07,25,06/01/2028,07/01/2028,02/08/2024,-19.866754041065967,5.769768457841852,March_2026
680,Roads & Highways,Ministry of Road Transport & Highways,NHAI,618568,4/6L Southern Ayodhya Bypass from Km 5.000 to Km 37.172 starting near Km. 112.540 and ending at Km. 153.281 of NH-27,2541,1983.05,198.69,33,27/09/2027,27/09/2027,02/08/2024,-21.95789059425423,7.819362455726092,March_2026
681,Roads & Highways,Ministry of Road Transport & Highways,National Highways Authority of India [NHAI],618935,4L Ambala - Kalaamb from Km. -0.800 to Km. 33.015 of old NH-72,1184,1190.34,452.14,100,08/06/2025,30/04/2026,11/10/2022,0.535472972972966,38.1875,March_2026
682,Roads & Highways,Ministry of Road Transport & Highways,NHAI,618741,4L Greenfield Alignment from Kalyanapur to Tal Dashraha of NH-119D Pkg-III,1858,1969.3,416.49,31,15/02/2025,23/06/2027,04/03/2022,5.99031216361679,22.416038751345532,March_2026
683,Roads & Highways,Ministry of Road Transport & Highways,National Highways Authority of India [NHAI],618852,4L Sundar Nagar Bypass from Km.173.900 to Km.179.600 of NH-21,191,192.11,181.41,100,14/06/2024,30/04/2026,22/02/2022,0.5811518324607402,94.97905759162305,March_2026
684,Roads & Highways,Ministry of Road Transport & Highways,National Highways Authority of India [NHAI],618811,4L Access Controlled Greenfield Highway Section Mancherial Warangal from Pangidipalle village at Design Ch. 72.350 Km to Oorugonda village at Design Ch. 112.240 KmPackage-III,1184,1170.64,83.68,0,13/06/2027,30/06/2027,27/03/2023,-1.12837837837837,7.0675675675675675,March_2026
685,Roads & Highways,Ministry of Road Transport & Highways,National Highways Authority of India [NHAI],619143,4L Access Controlled Greenfield Highway section on NH-163G Khammam Vijayawada from BrahmanapalliK village at Design Ch. 250.400 Km to Remidicherla village at Design Ch. 280.200 KmPackage-II,826,862.58,68.8,17,26/03/2027,26/03/2027,24/03/2023,4.428571428571434,8.329297820823244,March_2026
686,Roads & Highways,Ministry of Road Transport & Highways,National Highways Authority of India [NHAI],618818,4L Access Controlled Greenfield Highway section on NH-163G Khammam Vijayawada from Remidicherla village at Design Ch. 280.200 Km to Jakkampudi village on NH-16 at Design Ch. 309.909 Km Package-III,1183,1225.14,0.91,2,07/05/2027,07/05/2027,20/03/2023,3.5621301775148018,0.07692307692307693,March_2026
687,Roads & Highways,Ministry of Road Transport & Highways,National Highways Authority of India [NHAI],618817,4L Access Controlled Greenfield Highway section on NH-163G Khammam Vijayawada from V. Venkatayapalem village at Design Ch. 220.480 Km to BrahmanapalliK village at Design Ch. 250.400 Km Package-I.,973,1021.96,189.17,40,18/03/2027,18/03/2027,16/03/2023,5.031860226104834,19.44193216855087,March_2026
688,Roads & Highways,Ministry of Road Transport & Highways,National Highways Authority of India [NHAI],618816,4L Access Controlled Greenfield Highway section on NH-163G Warangal-Khammam from Thallasenkesa village at Design Ch. 189.650 km to V.Vekatayapalem village in Khammam District at Design Ch. 220.480 KmPackage-III,1105,1098.05,72.08,5,03/07/2027,03/07/2027,28/03/2023,-0.6289592760181036,6.523076923076923,March_2026
689,Roads & Highways,Ministry of Road Transport & Highways,National Highways Authority of India [NHAI],618815,4L Access Controlled Greenfield Highway section on NH-163G Warangal-Khammam from Venkatpur village in Warangal District at Design Ch. 150.240 Km to Thallasenkesa village in Mahabubabed District at Design Ch. 189.650 kmPackage-II,1093,1083.11,261.74,63,18/04/2026,31/10/2026,28/03/2023,-0.9048490393412717,23.946935041171088,March_2026
690,Roads & Highways,Ministry of Road Transport & Highways,National Highways Authority of India [NHAI],618814,4L Access Controlled Greenfield Highway section on NH163G Warangal-Khammam from Oorugonda village in Hanamkonda District at Design Ch. 112.240 Km to Venkatpur village in Warangal District at Design Ch. 150.240 KmPackage-I,1143,1140.82,64.38,0,12/06/2027,30/06/2027,29/03/2023,-0.1907261592301018,5.63254593175853,March_2026
691,Roads & Highways,Ministry of Road Transport & Highways,National Highways Authority of India [NHAI],618813,4L Access Controlled Greenfield Section Mancherial Warangal from Narva village at Design Ch. 3.834 Km to Puttapaka village at Design Ch. 35.300 Km Package-I,1128,1104.27,66.79,6,22/12/2026,30/06/2027,01/03/2023,-2.103723404255321,5.921099290780142,March_2026
692,Roads & Highways,Ministry of Road Transport & Highways,National Highways Authority of India [NHAI],618812,4L Access Controlled Greenfield Section Mancherial Warangal from Puttapaka village at Design Ch. 35.300 Km to Pangidipalle village at Design Ch. 72.350 KmPackage-II,1129,1145.41,31.41,5,13/06/2027,30/06/2027,20/01/2023,1.4534986713906184,2.7821080602302923,March_2026
693,Roads & Highways,Ministry of Road Transport & Highways,National Highways Authority of India [NHAI],618481,4L Bangalore-Chennai Expressway from Km. 230.000 to Km. 261.705 of Kanchepuram to Sriperumbudur Section Phase-III/Package-IV,3606,3605.73,883.27,83,09/07/2024,31/07/2026,25/02/2021,-0.00748752079866838,24.494453688297284,March_2026
694,Roads & Highways,Ministry of Road Transport & Highways,National Highways Authority of India [NHAI],618923,4L Behsuma at Km 39.250 Ex. Km 39240 To Bijnor at Km 78.810 Ex. Km 86590 Design Length 39.560 Km of NH-119 Pkg-II,2158,2553.12,565.63,61,19/05/2026,19/05/2026,13/03/2023,18.309545875810933,26.210843373493976,March_2026
695,Roads & Highways,Ministry of Road Transport & Highways,National Highways Authority of India [NHAI],618792,4L Bhiwani-Hansi road section of NH-148B,1330,1144.21,437.49,100,17/12/2025,15/04/2026,04/11/2022,-13.969172932330826,32.893984962406016,March_2026
696,Roads & Highways,Ministry of Road Transport & Highways,National Highways Authority of India [NHAI],618623,4L Boregaon Buzurg to Shahpur Pkg I of Boregaon Buzurg to Muktainagar of NH 753L,1504,1132.34,431.27,84,31/01/2026,27/05/2026,04/11/2022,-24.71143617021277,28.674867021276597,March_2026
697,Roads & Highways,Ministry of Road Transport & Highways,National Highways Authority of India [NHAI],618914,"4L Elevated Corridor and at-grade improvements from Design Ch0000 to Design Ch 19870 of Danapur Bihta Section, Design Ch0000 to Design Ch0231 connecting the existing RoB near Danapur station ,1.35 Km ramps and at-grade improvements to 4-lane section on Danapur side and Upgradation of existing Two lane carriageway to Four Lane carriageway from Design Ch19870 to Design Ch23500 of Bihta - Koilwar section",4433,2625.4,1227.02,52,08/09/2026,31/08/2027,06/10/2022,-40.77599819535303,27.67922400180465,March_2026
698,Roads & Highways,Ministry of Road Transport & Highways,National Highways Authority of India [NHAI],618736,4L Elevated corridor of Kalimandir-Dimna Chowk-Baliguma Jamshedpur Section of NH-33 New NH-18 from km 241940 to km 251961 Length 10.021 km,936,832.2,210.52,41,15/03/2027,15/03/2027,07/03/2024,-11.089743589743586,22.49145299145299,March_2026
699,Roads & Highways,Ministry of Road Transport & Highways,National Highways Authority of India [NHAI],618570,4L Elevated Highway and at grade improvements at Gopalganj Town from Km. 384.000 to Km. 386.750 on NH-27,326,248.92,225.44,100,31/08/2024,15/04/2026,20/10/2021,-23.644171779141107,69.15337423312883,March_2026
700,Roads & Highways,Ministry of Road Transport & Highways,National Highways Authority of India [NHAI],618841,4L Elevated Section and at-grade improvements at Begusarai town Simaria - Khagaria section from Km. 221.047 to Km. 225.302 of NH-31,491,348.38,333.67,94,23/12/2024,20/06/2026,15/10/2021,-29.04684317718941,67.95723014256619,March_2026
701,Roads & Highways,Ministry of Road Transport & Highways,National Highways Authority of India [NHAI],618868,4L from Devinagar Bypass End Existing Km. 208.000 of NH 530B/Design Km. 66.000 to Kasganj Bypass End Existing Km.150.100 of NH 530B/ Design Km. 123.100 of NH 530B,2290,2223.71,405.32,60,05/06/2026,05/06/2026,20/03/2023,-2.8947598253275095,17.699563318777294,March_2026
702,Roads & Highways,Ministry of Road Transport & Highways,National Highways Authority of India [NHAI],618865,4L from Gaju Village at Km. 32.982 to Devinagar Bypass End at Km. 208.000 of NH-530B Pkg-1C.,1385,1496.44,823.04,100,01/01/2025,,25/12/2021,8.046209386281593,59.425270758122736,March_2026
703,Roads & Highways,Ministry of Road Transport & Highways,National Highways Authority of India [NHAI],618661,4L from km 0.000 to 42.040 Bhopal Ratnaigiri Tiraha to Vidisha Morikodi,1032,1038.18,5.99,10,12/11/2027,12/11/2027,18/10/2024,0.5988372093023318,0.5804263565891473,March_2026
704,Roads & Highways,Ministry of Road Transport & Highways,National Highways Authority of India [NHAI],618830,4L from Km 147.450 Bhogu to Km 196.870 Sankha on NH-75 Sec-III,1518,1652.09,949.61,77,08/11/2025,30/06/2026,03/10/2022,8.833333333333329,62.5566534914361,March_2026
705,Roads & Highways,Ministry of Road Transport & Highways,National Highways Authority of India [NHAI],618829,4L from km 196.87 Sankha to km 219.6 Khajuri on NH-75 [Rehla / Garhwa Bypass],1129,1129.48,527.11,93,06/10/2023,,29/09/2020,0.04251550044287141,46.688219663418955,March_2026
706,Roads & Highways,Ministry of Road Transport & Highways,National Highways Authority of India [NHAI],618828,4L from Km 219.600 Khajuri to Km 260.483 Wyndhamganj on NH-75 Sec-V,1436,1465.55,826.67,92,14/09/2025,30/04/2026,30/03/2022,2.0577994428969326,57.567548746518106,March_2026
707,Roads & Highways,Ministry of Road Transport & Highways,National Highways Authority of India [NHAI],618832,4L from Km 55.00 Kuru to Km 95.400 Udaipura on NH-75 Sec-I,1275,0.0,1.69,0,10/01/2028,10/01/2028,14/02/2024,-100.0,0.13254901960784313,March_2026
708,Roads & Highways,Ministry of Road Transport & Highways,National Highways Authority of India [NHAI],618831,4L from Km 95.400 Udaipura to Km 147.450 Bhogu on NH-75 Sec-II,1437,1301.54,177.44,26,09/10/2026,31/03/2027,24/03/2023,-9.42658315935978,12.34794711203897,March_2026
709,Roads & Highways,Ministry of Road Transport & Highways,National Highways Authority of India [NHAI],618864,4L from Mathura Bypass Start at Existing Km. 154.20 of NH-44 to Gaju Village at Km 32.982 of NH-530B Pkg-IB,1722,1820.77,1049.84,100,19/03/2025,15/04/2026,07/01/2022,5.735772357723576,60.96631823461092,March_2026
710,Roads & Highways,Ministry of Road Transport & Highways,National Highways Authority of India [NHAI],618566,4L Green Field Northern East side Gorakhpur Bypass 26.616 Kms starting from NH-29E Chainage 83.308 and end at NH-28 Chainage 285.100,1974,1244.44,902.97,69,02/01/2026,07/09/2026,28/02/2023,-36.958459979736574,45.743161094224924,March_2026
711,Roads & Highways,Ministry of Road Transport & Highways,National Highways Authority of India [NHAI],618760,4L Greenfield a Malout bypass from ch. Km 44.500 to ch. Km 35.500 on NH-07 and Ch. Km 0.000 to Km 6.984 on NH-09 bMandi Dabwali Bypass from Ch. 38.450 Km to Km 27.910 Pkg-02,646,556.09,549.2,98,01/07/2024,30/04/2026,12/11/2021,-13.917956656346744,85.015479876161,March_2026
712,Roads & Highways,Ministry of Road Transport & Highways,National Highways Authority of India [NHAI],618739,4L Greenfield Alignment of Amas to Shivrampur from 0.000 Km. to 55.002 Km. of NH 119 D Pkg-I,1391,1427.43,342.13,44,29/03/2025,30/06/2027,01/02/2022,2.618979151689437,24.595974119338603,March_2026
713,Roads & Highways,Ministry of Road Transport & Highways,National Highways Authority of India [NHAI],618740,4L Greenfield Alignment of Shivrampur to Ramnagar from Km. 55.002 to Km. 109.300 of NH 119 D Pkg-II,1494,1546.07,258.16,43,03/07/2025,30/06/2027,02/02/2022,3.485274431057559,17.279785809906294,March_2026
714,Roads & Highways,Ministry of Road Transport & Highways,National Highways Authority of India [NHAI],618807,"4L Greenfield Road connecting North and South industrial cluster of Khandaleru Creek near Krishnapatnam port at Thamminapatnam to Mollur from Km 0.0 to Km 16.046, Part I & 6L extension of dedicated port road of NH-67 Km 18.0 to Km 19.3, Part II",609,559.98,446.52,79,24/09/2025,30/06/2026,24/08/2022,-8.049261083743838,73.32019704433496,March_2026
715,Roads & Highways,Ministry of Road Transport & Highways,National Highways Authority of India [NHAI],618654,4L Greenfield Rudhi to Deshgaon Pkg V of Betul-Khandwa/Deshgaon,521,469.68,174.87,61,05/10/2025,30/04/2026,04/11/2022,-9.85028790786948,33.56429942418426,March_2026
716,Roads & Highways,Ministry of Road Transport & Highways,National Highways Authority of India [NHAI],619063,4L Greenfield spur from Delhi-Vadodara Greenfield expressway near Bandikui to Jaipur,1636,2170.39,1204.89,100,10/11/2024,30/04/2026,09/03/2022,32.66442542787285,73.64853300733498,March_2026
717,Roads & Highways,Ministry of Road Transport & Highways,National Highways Authority of India [NHAI],618917,4L Greenfield starting from NH-30 near Saristabad Patna to Nathupur Project end point of Patna-Gaya-Dobhi Section of NH-83,488,419.66,82.68,81,27/08/2025,23/04/2026,17/07/2023,-14.004098360655732,16.942622950819676,March_2026
718,Roads & Highways,Ministry of Road Transport & Highways,National Highways Authority of India [NHAI],618911,4L Greenfield Western Side spur of Rampur-Rudrapur Section from Km 0.000 to Km 13.700 connecting NH-24 to NH-87 bypassing rampur town,646,637.83,146.15,64,02/11/2024,31/05/2026,05/12/2021,-1.264705882352935,22.623839009287927,March_2026
719,Roads & Highways,Ministry of Road Transport & Highways,National Highways Authority of India [NHAI],619093,4L Ismailabad to Ambala Section of NH-152 Lot-4/Package-1,609,454.34,160.81,71,06/12/2025,31/12/2026,28/02/2023,-25.395730706075536,26.4055829228243,March_2026
720,Roads & Highways,Ministry of Road Transport & Highways,National Highways Authority of India [NHAI],618867,4L Kasganj-Badaun Section from Km. 123.100 to Km. 179.500 Pkg-III of NH530B,2009,1936.61,135.52,24,29/05/2027,30/04/2027,28/03/2023,-3.6032852165256397,6.745644599303137,March_2026
721,Roads & Highways,Ministry of Road Transport & Highways,National Highways Authority of India [NHAI],618834,4L Kodinar - Veraval Package VI from km. 222.400 to km. 230.00 Kodinar Bypass of NH-8E NH 51 new,163,192.01,174.82,100,20/09/2023,30/04/2025,31/03/2022,17.797546012269933,107.25153374233128,March_2026
722,Roads & Highways,Ministry of Road Transport & Highways,NHAI,619292,4L Medinipur to Ballupur from Km. 458.65 to Km. 487.65 of NH-07Pkg-2,1093,1072.5,712.04,94,17/02/2025,30/04/2026,30/03/2022,-1.8755718206770355,65.14547118023788,March_2026
723,Roads & Highways,Ministry of Road Transport & Highways,National Highways Authority of India [NHAI],618588,4L Mitigation Measure structures on CH/MH Border to Wainganga Bridge Section of NH-6 New NH-53,540,468.92,464.25,100,07/11/2023,15/04/2026,06/02/2021,-13.16296296296296,85.97222222222223,March_2026
724,Roads & Highways,Ministry of Road Transport & Highways,National Highways Authority of India [NHAI],618735,4L of Chandesara to Khedakhajuriya from Km. 0.000 to - 750 & Km 0.000 to km 41.400 of NH-148NG Pkg-I,910,976.55,399.37,99,31/05/2024,15/05/2026,27/12/2021,7.3131868131868085,43.88681318681319,March_2026
725,Roads & Highways,Ministry of Road Transport & Highways,National Highways Authority of India [NHAI],619073,4L of 42.000 to km 80.00 of Dodaballapur Bypass to Hoskote section of NH-648 Old NH-207 [Bangalore Ring Road Pkg 2],1318,1846.52,1015.48,99,21/02/2023,30/04/2026,28/02/2020,40.10015174506829,77.04704097116843,March_2026
726,Roads & Highways,Ministry of Road Transport & Highways,National Highways Authority of India [NHAI],618702,4L of Addahole Near Gundya to Bantwal Cross section Pkg-02 from Design Km 270.270 to Design km 318.55 including flyover at Kalladka Town including approaches from Km. 311.57 to Km. 313.67 of NH-75 Old NH-48,1660,1318.24,1264.16,94,22/11/2023,30/04/2026,23/12/2020,-20.587951807228915,76.15421686746988,March_2026
727,Roads & Highways,Ministry of Road Transport & Highways,National Highways Authority of India [NHAI],618906,4L of Amritsar-Ghoman - Tanda - Una Section from Km 8.270 to Km 54.000 of NH-503A Package-I,858,1443.47,468.69,64,19/06/2024,30/06/2026,23/12/2020,68.23659673659674,54.62587412587413,March_2026
728,Roads & Highways,Ministry of Road Transport & Highways,NHAI,618779,4L of Aurangabad-Paithan,1505,349.96,305.23,96,23/07/2024,30/04/2026,19/09/2022,-76.74684385382061,20.28106312292359,March_2026
729,Roads & Highways,Ministry of Road Transport & Highways,National Highways Authority of India [NHAI],618583,4L of Bahadurganj Araria section from Km 49.000 to Km 94.000 Package-II of NH-327E,1359,1358.77,713.95,100,09/01/2024,12/05/2024,13/01/2021,-0.01692420897719045,52.534952170713765,March_2026
730,Roads & Highways,Ministry of Road Transport & Highways,National Highways Authority of India [NHAI],619147,4L of Bal Works of Mahuva to Kagvadar from 100.450 Km. to 140.470 Km. of NH-8E Pkg- III,603,628.49,624.32,100,23/09/2022,17/01/2026,19/08/2020,4.227197346600333,103.53565505804312,March_2026
731,Roads & Highways,Ministry of Road Transport & Highways,National Highways Authority of India [NHAI],618835,4L of Bal Works of Talaja - Mahuva from 54.990 km. to 100.450 km. of Old NH-8E Package-II,698,735.51,418.41,100,24/09/2022,,19/08/2020,5.373925501432664,59.94412607449857,March_2026
732,Roads & Highways,Ministry of Road Transport & Highways,National Highways Authority of India [NHAI],618915,4L of Bal. works of Patna - Gaya -Dobhi Pkg-II from km. 39.00 to km. 83.00 of Old NH-83,1637,777.2,728.91,89,08/11/2022,30/05/2025,18/09/2019,-52.52290775809407,44.527183872938295,March_2026
733,Roads & Highways,Ministry of Road Transport & Highways,National Highways Authority of India [NHAI],618916,4L of Bal. works of Patna - Gaya -Dobhi Pkg-III from km. 83.00 to km. 127.217 of Old NH-83,1077,799.7,774.78,92,23/11/2022,15/05/2025,18/09/2019,-25.747446610956352,71.93871866295264,March_2026
734,Roads & Highways,Ministry of Road Transport & Highways,National Highways Authority of India [NHAI],618941,4L of Bamni - Rajura - Warur - Devada upto M.S. Border of NH - 930D from km 19.000 to km 51.985,968,1187.19,398.73,66,27/03/2026,26/08/2026,30/03/2022,22.64359504132232,41.191115702479344,March_2026
735,Roads & Highways,Ministry of Road Transport & Highways,National Highways Authority of India [NHAI],619163,4L of Baramati to Indapur Pkg-II from km. 41.400 to km. 84.550 of NH-965G Saint Tukaram Marg,1471,1297.48,910.9,86,08/09/2023,30/06/2026,15/01/2021,-11.796057104010876,61.92386131883073,March_2026
736,Roads & Highways,Ministry of Road Transport & Highways,National Highways Authority of India [NHAI],618782,4L of Bareilly-Pilibhit-Sitarganj from Km. 0.000 to Km. 32.500 of NH-30 Pkg-1,1394,1394.14,559.19,55,13/03/2026,17/08/2026,03/02/2023,0.010043041606893833,40.114060258249644,March_2026
737,Roads & Highways,Ministry of Road Transport & Highways,National Highways Authority of India [NHAI],618949,4L of Basukinath- Deoghar Section of NH-114A,1445,1553.76,643.68,86,11/12/2025,27/07/2026,06/09/2022,7.526643598615916,44.54532871972318,March_2026
738,Roads & Highways,Ministry of Road Transport & Highways,National Highways Authority of India [NHAI],618809,4L of Beas-Mehta-Batala-Dera Baba Nanak from intersection with Jalandhar-Amritsar Highway NH-3 near Beas till start of Batala Bypass near Village Acchhal from Km. 0.000 to Km. 31.300 Pkg-1,810,966.99,498.68,65,21/06/2025,31/12/2026,16/08/2021,19.381481481481483,61.56543209876544,March_2026
739,Roads & Highways,Ministry of Road Transport & Highways,National Highways Authority of India [NHAI],618887,4L of Bettadahalli- Shivamogga section from Km.170.415 to km. 226.750 of NH-206 Tumkur- Shivamogga Pkg-IV,2083,2545.11,864.0,82,19/10/2023,31/03/2027,22/01/2019,22.184829572731644,41.478636581853095,March_2026
740,Roads & Highways,Ministry of Road Transport & Highways,National Highways Authority of India [NHAI],618889,"4L of Bhangbar Near Ranital to Kangra Bypass Section of Old NH-88 New NH-303,503 up to Intersection with NH-154 from Km 175.270 to Km 193.400 Pkg-VB",1323,1829.49,739.38,97,27/12/2024,30/06/2026,18/03/2021,38.28344671201814,55.88662131519274,March_2026
741,Roads & Highways,Ministry of Road Transport & Highways,National Highways Authority of India [NHAI],619148,4L of Bhavnagar - Talaja Package-I from Km. 6.945 to Km. 54.990 of Old NH-8E,1186,1343.16,53.18,100,06/08/2019,,,13.251264755480612,4.48397976391231,March_2026
742,Roads & Highways,Ministry of Road Transport & Highways,National Highways Authority of India [NHAI],618639,4L of Bilaspur to Urga km 0.00 to 70.2 of NH-130A,1856,2523.86,1258.98,95,24/03/2024,31/07/2026,27/04/2020,35.983836206896555,67.83297413793103,March_2026
743,Roads & Highways,Ministry of Road Transport & Highways,National Highways Authority of India [NHAI],618962,4L of Budhni to Shahganj Bypass End Package-III of NH-146B from Km. 73.750 to Km. 102.000,1103,770.21,36.75,12,17/08/2027,08/05/2027,07/03/2024,-30.171350861287394,3.3318223028105165,March_2026
744,Roads & Highways,Ministry of Road Transport & Highways,National Highways Authority of India [NHAI],619214,4L of Channarayapatna Bypass and Hassan Bypass with structures in Devihalli - Hassan section,688,684.54,569.97,82,18/01/2023,30/06/2026,29/04/2020,-0.5029069767441914,82.84447674418604,March_2026
745,Roads & Highways,Ministry of Road Transport & Highways,National Highways Authority of India [NHAI],618668,4L of Chowka to Kaimaha near MP/UP Border section NH-34 from D. Ch. 145.000 to D. Ch. 197.266 excluding existing Chhatarpur bypass from D. Ch. 160.307 to D. Ch. 168.630 Package-4,996,846.68,129.42,31,21/09/2027,21/09/2027,18/10/2024,-14.991967871485947,12.993975903614457,March_2026
746,Roads & Highways,Ministry of Road Transport & Highways,National Highways Authority of India [NHAI],618616,4L of Dhrol bypass section of NH-151A Approx. length 5.7 Km & widening upto 4 laning of missing link of Amran section of NH-151A Approx. length 6.55 Km from existing Ch. 42000 to 48500 of ongoing Dhrol-Bhadra-Pipaliya section of NH-151A,626,455.54,76.16,22,02/02/2027,02/02/2027,06/03/2024,-27.230031948881784,12.166134185303514,March_2026
747,Roads & Highways,Ministry of Road Transport & Highways,National Highways Authority of India [NHAI],619137,4L of Dwarka-Khambaliya-Devariya section from km 203.500 to km 176.500 and from km 171.800 to km 125.000 of NH-151A,1025,1753.95,882.0,100,07/08/2022,30/04/2026,24/01/2019,71.11707317073171,86.04878048780488,March_2026
748,Roads & Highways,Ministry of Road Transport & Highways,National Highways Authority of India [NHAI],619209,4L of existing 2/4L stretch from Lonand to Dive Ghat Km 166.400 to Km 220.900 of Mohol Alandi section of NH-965 Pkg - V,1710,2049.51,1125.89,99,02/05/2024,30/04/2026,29/10/2021,19.854385964912293,65.84152046783626,March_2026
749,Roads & Highways,Ministry of Road Transport & Highways,National Highways Authority of India [NHAI],618810,4L of existing Beas Baba Bakala - Dera Baba Nanak Section from start of Batala Bypass till intersection with Ajnala Gurdaspur Highway NH 354 near Dera Baba Nanak from Km. 31.300 to Km. 69.100 with Additional batala Bypass Pkg-II,1003,993.6,586.56,79,21/06/2025,15/11/2026,21/10/2021,-0.9371884346959101,58.48055832502492,March_2026
750,Roads & Highways,Ministry of Road Transport & Highways,National Highways Authority of India [NHAI],618793,4L of Fazilka to Abohar section of NH-07 including construction of Greenfield Abohar & Fazilka Bypasses,1410,1674.04,506.87,60,14/04/2026,13/04/2026,13/03/2023,18.72624113475177,35.94822695035461,March_2026
751,Roads & Highways,Ministry of Road Transport & Highways,National Highways Authority of India [NHAI],618582,4L of Galgalia - Bahadurganj section from Km 0.000 to Km 49.000 Package-I of NH327E,1283,1282.97,599.36,100,09/01/2024,,20/01/2021,-0.0023382696804343504,46.71551052221356,March_2026
752,Roads & Highways,Ministry of Road Transport & Highways,National Highways Authority of India [NHAI],618645,4L of Gola-BokaroJaina More section from Km 53.600 to Km 21.110 of NH-320PKG-1,1008,1030.64,366.88,78,25/06/2025,10/05/2026,25/02/2022,2.246031746031756,36.39682539682539,March_2026
753,Roads & Highways,Ministry of Road Transport & Highways,NHAI,619127,4L of Greenfield Alignment from Km. 47.000 to Km. 89.210 of Balbhadarpur to Bela Nawda Section of NH-119D,2186,2118.46,373.6,25,10/03/2026,27/08/2027,30/03/2022,-3.0896614821591935,17.09057639524245,March_2026
754,Roads & Highways,Ministry of Road Transport & Highways,National Highways Authority of India [NHAI],618776,4L of Greenfield section from Sirhind to Mohali,1238,1301.15,906.97,85,07/05/2025,30/06/2026,24/03/2022,5.100969305331186,73.26090468497577,March_2026
755,Roads & Highways,Ministry of Road Transport & Highways,National Highways Authority of India [NHAI],618875,4L of Haridwar Nagina section Design Ch. LME from km 13.829 to km 17.110 & km 26.077 to km 27.508 and Design Ch. RME from km 13.839 to km 17.120 & km 26.078 to km 27.509 of EUP mitigation measures on NH74,184,142.11,96.31,70,27/02/2024,30/06/2026,17/11/2021,-22.76630434782608,52.34239130434782,March_2026
756,Roads & Highways,Ministry of Road Transport & Highways,National Highways Authority of India [NHAI],619217,4L of Haridwar-Nagina section from km. 0.00 to km. 71.614 of NH-74,1659,1622.49,806.95,98,22/07/2020,15/04/2026,01/12/2015,-2.2007233273056053,48.6407474382158,March_2026
757,Roads & Highways,Ministry of Road Transport & Highways,National Highways Authority of India [NHAI],619153,4L of HP/Punjab Border - Mo from km. 11.00 to km. 42.00 of Old NH-20 New NH-154 Package-IA,1002,1363.04,491.3,58,17/05/2024,30/06/2026,26/03/2021,36.03193612774451,49.031936127744515,March_2026
758,Roads & Highways,Ministry of Road Transport & Highways,National Highways Authority of India [NHAI],619121,4L of Hubli - Hospet Section of NH-63 from Km 128.850 to Km 272.571,2532,3619.32,1275.33,100,13/03/2020,31/05/2026,01/07/2016,42.94312796208531,50.36848341232228,March_2026
759,Roads & Highways,Ministry of Road Transport & Highways,National Highways Authority of India [NHAI],618557,4L of Indora Chowk to Pachpaoli and Agrasen Chowk - Ashoka Chowk,1039,918.53,603.39,80,30/06/2026,30/06/2026,20/03/2023,-11.594802694898943,58.07410972088547,March_2026
760,Roads & Highways,Ministry of Road Transport & Highways,National Highways Authority of India [NHAI],618622,4L of Indore - Boregaon Pkg-III [Balwara to Dhangaon] from km. 42.260 to km. 82.660 of NH347BG & 753L,1002,888.81,687.71,89,21/04/2024,31/05/2026,21/01/2021,-11.296407185628748,68.63373253493015,March_2026
761,Roads & Highways,Ministry of Road Transport & Highways,National Highways Authority of India [NHAI],619092,4L of Jind-Gohana road Package-1 from km. 0.00 to km. 40.601 of NH-352 A under NHO,994,1606.82,619.52,100,23/07/2022,30/04/2026,25/01/2019,61.65191146881287,62.325955734406435,March_2026
762,Roads & Highways,Ministry of Road Transport & Highways,National Highways Authority of India [NHAI],618765,4L of Karimnagar-Warangal section from km 49.500 to km 117.820 of NH-563,2147,2486.51,857.65,91,16/07/2025,31/07/2026,09/03/2022,15.813227759664658,39.94643688868188,March_2026
763,Roads & Highways,Ministry of Road Transport & Highways,National Highways Authority of India [NHAI],618838,4L of Karwar Km. 281.980 of NH-62 Nagaur road to Dangiyavas of Jodhpur Ring Road Pkg-II,737,512.77,399.95,99,28/08/2024,30/04/2026,26/11/2021,-30.4246947082768,54.267299864314786,March_2026
764,Roads & Highways,Ministry of Road Transport & Highways,National Highways Authority of India [NHAI],618921,4L of Kathlighat to Shakral Village from Km 128.835 to Km 146.300 of NH- 5 Shimla Bypass - Pkg I,1703,2648.8,924.82,53,21/04/2026,21/04/2026,21/03/2022,55.53728714034059,54.30534351145039,March_2026
765,Roads & Highways,Ministry of Road Transport & Highways,National Highways Authority of India [NHAI],618584,4L of Kishanganj - Bahadurganj section from Km. 0.000 to Km. 23.649 & interchange at Start Point Length - 1.200 Km of NH-27,963,855.56,9.31,7,19/12/2027,19/12/2027,27/01/2025,-11.156801661474566,0.9667705088265836,March_2026
766,Roads & Highways,Ministry of Road Transport & Highways,National Highways Authority of India [NHAI],618520,4L of km 0.00 to km 42.00 of Dobbaspet to Doddaballapura Bypass section of NH-648 old NH-207] [Bangalore Ring Road Pkg 1],1439,1786.57,926.25,99,18/04/2023,30/04/2026,11/08/2020,24.153578874218205,64.36761640027797,March_2026
767,Roads & Highways,Ministry of Road Transport & Highways,National Highways Authority of India [NHAI],618545,"4L of Km.165.092 to Km.171.855 North Bound and from Km.166.895 to Km.173.638 South Bound, excl. certain reaches of North Bound and South Bound of Ramban to Banihal Pkg-III of Old NH-1A New NH-44",614,444.76,240.81,43,03/08/2024,31/12/2026,19/07/2021,-27.56351791530945,39.21986970684039,March_2026
768,Roads & Highways,Ministry of Road Transport & Highways,National Highways Authority of India [NHAI],618945,4L of Kodad Design Km 0.00/Existing Km 185.00 of NH-65 to Khammam Design Km 31.800/Existing Km 29.400 of NH-365A,1149,1606.99,751.33,100,31/05/2024,31/05/2026,22/01/2021,39.859878154917325,65.38990426457791,March_2026
769,Roads & Highways,Ministry of Road Transport & Highways,National Highways Authority of India [NHAI],618755,4L of left out existing road section from Lalgopalganj Km 161.450 to Nawabganj Km 180.200 in Prayagraj,160,100.74,62.01,99,31/03/2026,31/05/2026,11/03/2024,-37.0375,38.756249999999994,March_2026
770,Roads & Highways,Ministry of Road Transport & Highways,National Highways Authority of India [NHAI],618608,4L of left-over works including additional structures from Kerala/Tamil Nadu border to Kanyakumari Section from Km 43.0 to Km 96.174 of NH66,1564,1263.42,880.69,75,01/08/2025,31/05/2026,09/11/2022,-19.218670076726337,56.31010230179029,March_2026
771,Roads & Highways,Ministry of Road Transport & Highways,National Highways Authority of India [NHAI],618709,4L of Left-Over Works of Hospet-Bellary -Karnataka/AP border from Km.280.080 Dec.Ch. to Km.375450Des.Ch. of NH-63 New-67,1340,992.6,843.55,90,14/05/2025,28/02/2027,06/03/2023,-25.925373134328357,62.95149253731343,March_2026
772,Roads & Highways,Ministry of Road Transport & Highways,National Highways Authority of India [NHAI],618778,4L of Madanapalle to Pileru Section from Km 0.000 to Km 55.900 of NH-71Package-I,1877,1994.1,1105.01,95,12/01/2025,30/06/2026,23/02/2022,6.238678742674476,58.871070857751725,March_2026
773,Roads & Highways,Ministry of Road Transport & Highways,National Highways Authority of India [NHAI],618894,4L of Madathukulam - Pollachi from km. 74.38 to km. 116.95 of old NH-209 New NH-83,1772,1772.13,461.42,92,03/12/2022,30/04/2026,22/01/2019,0.007336343115130313,26.039503386004515,March_2026
774,Roads & Highways,Ministry of Road Transport & Highways,National Highways Authority of India [NHAI],618563,4L of Madurai Ring Road Phase 1 [Vadipatti-Thamrapatti] from km 0.00 - km 29.960,900,900.05,607.63,96,15/03/2022,30/06/2026,06/12/2018,0.0055555555555505025,67.51444444444445,March_2026
775,Roads & Highways,Ministry of Road Transport & Highways,National Highways Authority of India [NHAI],618946,4L of Mehgama - Hansdiha from km. 41.900 to km. 93.000 of NH -133A Pkg-II,1480,1568.18,866.62,100,07/05/2025,30/04/2026,31/03/2022,5.958108108108112,58.5554054054054,March_2026
776,Roads & Highways,Ministry of Road Transport & Highways,National Highways Authority of India [NHAI],618929,4L of Moradabad western side spur connecting NH-734 & NH-24 from Km. 0.000 to Km. 33.200 Pkg-I,1842,1843.54,934.13,77,17/09/2025,30/06/2026,02/11/2022,0.08360477741585036,50.712812160694895,March_2026
777,Roads & Highways,Ministry of Road Transport & Highways,National Highways Authority of India [NHAI],618927,4L of Moradabad-Thakurdwara-Kashipur Section from Km. 0.000 to Km. 38.77 of NH-734 Pkg-II,2007,1890.05,832.92,45,14/03/2026,07/12/2026,07/10/2022,-5.82710513203787,41.50074738415546,March_2026
778,Roads & Highways,Ministry of Road Transport & Highways,NHAI,619307,4L of Munger Mirzachauki section from Km 157350 to Km 193931 Pkg-4,1377,1481.58,428.1,91,15/08/2024,30/04/2026,03/02/2021,7.594771241830061,31.089324618736384,March_2026
779,Roads & Highways,Ministry of Road Transport & Highways,NHAI,619306,4L of Munger Mirzachauki section from Km 95580 to Km 125000 Pkg-2,1021,1235.65,452.21,93,10/03/2024,30/04/2026,10/02/2021,21.02350636630755,44.29089128305583,March_2026
780,Roads & Highways,Ministry of Road Transport & Highways,NHAI,619289,4L of Munger Mirzachauki section from Munger to Kharia village junction from Km 69520 to Km 95580 Pkg-1,1660,1696.66,445.37,75,30/03/2024,30/06/2026,28/01/2021,2.208433734939764,26.829518072289154,March_2026
781,Roads & Highways,Ministry of Road Transport & Highways,NHAI,619305,4L of Munger Mirzachauki section from start of existing Bhagalpur bypass to Rasulpur from Km 125000 to Km 157350 Pkg-3,1770,2024.59,504.17,72,12/04/2024,30/06/2026,28/01/2021,14.383615819209034,28.48418079096045,March_2026
782,Roads & Highways,Ministry of Road Transport & Highways,National Highways Authority of India [NHAI],618937,4L of Nagpur-Katol Section from Km. 13.00 to Km. 62.900 of NH-353J,1167,1432.82,958.33,82,28/10/2023,30/06/2026,11/02/2021,22.77806341045415,82.1191088260497,March_2026
783,Roads & Highways,Ministry of Road Transport & Highways,National Highways Authority of India [NHAI],619162,4L of Najibabad Bypass from Km. 105.423 to Km. 118.373 excluding 2.45 Km. of NH-74 Bypass of NH-119,578,566.9,438.51,100,20/06/2024,15/04/2026,10/01/2022,-1.920415224913499,75.86678200692042,March_2026
784,Roads & Highways,Ministry of Road Transport & Highways,National Highways Authority of India [NHAI],618667,4L of near Satai Ghat to Chowka section of NH-34 from D. Ch. 89.875 to D. Ch. 145.000 Package-3,1006,882.21,44.1,15,27/10/2027,27/10/2026,18/10/2024,-12.305168986083496,4.383697813121272,March_2026
785,Roads & Highways,Ministry of Road Transport & Highways,National Highways Authority of India [NHAI],618947,4L of NH-80 from km 215.00 to km 260.00 Mirza Chauki to Farkka Pkg-I,1505,1508.21,785.08,92,04/07/2023,31/07/2026,24/03/2018,0.21328903654485293,52.16478405315614,March_2026
786,Roads & Highways,Ministry of Road Transport & Highways,National Highways Authority of India [NHAI],618948,4L of NH-80 section of Mirza Chauki to Farakka section from existing km 190.00 to design km 200.75 junction at km 3.100 of NH 133 B and from existing km 260.00 to existing km 283.00 design km 274.133 in the state of Jharkhand package - II,782,0.0,1.75,0,31/01/2028,31/01/2028,27/02/2025,-100.0,0.2237851662404092,March_2026
787,Roads & Highways,Ministry of Road Transport & Highways,National Highways Authority of India [NHAI],618644,4L of Ormanjhi-Gola section from Km 81.450 to Km 53.600 of NH- 320BPKG-II,1215,1462.19,769.08,87,20/06/2025,31/07/2026,28/02/2022,20.344855967078193,63.29876543209877,March_2026
788,Roads & Highways,Ministry of Road Transport & Highways,National Highways Authority of India [NHAI],618642,4L of Palma to Gumla from km. 26.00 to km. 89.170 of NH-23,1883,1895.75,836.02,99,31/03/2024,20/04/2026,04/03/2020,0.6771109930961232,44.39830058417419,March_2026
789,Roads & Highways,Ministry of Road Transport & Highways,National Highways Authority of India [NHAI],618786,4L of Phagwara - Hoshiarpur,1196,1503.79,159.94,12,30/03/2027,31/03/2027,09/11/2022,25.734949832775918,13.372909698996654,March_2026
790,Roads & Highways,Ministry of Road Transport & Highways,National Highways Authority of India [NHAI],618777,4L of Pileru to Kalur Section from Km 55.900 to Km 92.800 & Km 94.500 to Km 95.717 of NH-71Package-II,1877,592.85,246.05,99,18/11/2025,30/06/2026,11/03/2022,-68.41502397442729,13.108684070324989,March_2026
791,Roads & Highways,Ministry of Road Transport & Highways,National Highways Authority of India [NHAI],618910,4L of Purulia Bypass section from Km 84.030 to Km 94.345 of NH-32,558,562.57,463.78,94,08/08/2023,30/04/2026,21/01/2021,0.8189964157706182,83.11469534050178,March_2026
792,Roads & Highways,Ministry of Road Transport & Highways,National Highways Authority of India [NHAI],618938,4L of Rajura-Korpana-Adilabad Road upto M.S. Border from km 32.910 to km 89.090 of NH-353B,1013,1274.63,554.08,100,15/10/2024,30/04/2026,30/03/2022,25.827245804540976,54.69693978282331,March_2026
793,Roads & Highways,Ministry of Road Transport & Highways,National Highways Authority of India [NHAI],618837,4L of Ratnagiri - Kolhapur section from km 112.340 to km 145.300 of NH-166 PkgIII,1939,1910.41,443.49,66,24/05/2025,30/05/2026,08/02/2022,-1.4744713769984485,22.872099020113463,March_2026
794,Roads & Highways,Ministry of Road Transport & Highways,National Highways Authority of India [NHAI],618836,4L of Ratnagiri - Kolhapur section from km 67.140 to km 112.340 of NH-166 Pkg II,1985,1798.0,347.25,78,24/05/2025,30/05/2026,11/02/2022,-9.420654911838792,17.493702770780857,March_2026
795,Roads & Highways,Ministry of Road Transport & Highways,National Highways Authority of India [NHAI],619149,4L of Ratnagiri - Kolhapur section of NH-166 from km 0.000 to km 19.769 and km 31.000 to km 67.140 Pkg I,1774,2108.41,685.28,94,21/11/2024,29/06/2026,14/02/2022,18.850620067643735,38.62908680947012,March_2026
796,Roads & Highways,Ministry of Road Transport & Highways,National Highways Authority of India [NHAI],618665,4L of Sagar - Mohari from Km.8 to Km.50 Pkg-I,791,660.38,437.15,94,05/04/2024,30/04/2026,05/03/2021,-16.51327433628319,55.26548672566371,March_2026
797,Roads & Highways,Ministry of Road Transport & Highways,National Highways Authority of India [NHAI],618952,4L of Sahibganj - Manihari Ganga Bridge including Manihari Bypass,1955,1978.01,1716.98,84,31/10/2024,31/12/2026,13/10/2016,1.1769820971867004,87.82506393861892,March_2026
798,Roads & Highways,Ministry of Road Transport & Highways,National Highways Authority of India [NHAI],618896,4L of Sannur to Bikarnakatte section from Km 691.350 to Km 736.362 of NH-169 Karkala - Mangalore Package-III,1386,2038.71,915.67,68,08/10/2024,30/06/2026,24/03/2021,47.0930735930736,66.06565656565657,March_2026
799,Roads & Highways,Ministry of Road Transport & Highways,National Highways Authority of India [NHAI],618897,4L of Sethiyathope -Cholapuram section from Km. 65.960 to Km. 116.440 section of NH45 C Pkg-II,2356,2356.9,1011.39,100,14/08/2020,30/04/2026,23/03/2017,0.03820033955857771,42.928268251273344,March_2026
800,Roads & Highways,Ministry of Road Transport & Highways,National Highways Authority of India [NHAI],618922,4L of Shakral Village to Dhalli Section from Km 146.300 to Km 156.560 Shimla Bypass - Pkg II and Shimla connectivity from Km 0.000 to Km 0.725 of NH-5,1956,2880.72,1155.67,62,03/03/2027,03/03/2027,07/04/2022,47.276073619631894,59.08333333333333,March_2026
801,Roads & Highways,Ministry of Road Transport & Highways,National Highways Authority of India [NHAI],618926,4L of Siwan- Masrakh section of Ram Janki Marg from Km 230.385 to Km 281.391 of NH-227A,1431,1927.04,98.48,10,19/11/2026,19/11/2028,23/08/2022,34.6638714185884,6.881900768693222,March_2026
802,Roads & Highways,Ministry of Road Transport & Highways,National Highways Authority of India [NHAI],618798,4L of Sonauli - Gorakhpur,2556,2275.43,1245.26,84,05/03/2025,30/05/2026,24/12/2021,-10.97691705790298,48.71909233176839,March_2026
803,Roads & Highways,Ministry of Road Transport & Highways,National Highways Authority of India [NHAI],618744,4L of Thirumangalam to Vadugapatti section from km 0.000 to km 36.000 of NH-744,1077,791.6,673.36,95,21/02/2025,31/05/2026,04/03/2022,-26.499535747446608,62.52181987000929,March_2026
804,Roads & Highways,Ministry of Road Transport & Highways,National Highways Authority of India [NHAI],619219,4L of Tumkur-Shimoga Pkg-II from Km 65.195 Karadi to Km 121.900 Banawara of NH-206,1506,1989.89,586.41,100,14/10/2021,30/04/2026,27/02/2018,32.13081009296149,38.938247011952186,March_2026
805,Roads & Highways,Ministry of Road Transport & Highways,National Highways Authority of India [NHAI],618543,4L of twin tube tunnel configuration including approaches from Marog to Digdol from Km.154.210 to Km.158.650 North Bound and from Km.155.940 to Km.160.260 South Bound of Ramban to Banihal Pkg-I of Old NH-1A New NH-44,1912,1034.3,328.3,27,12/08/2025,30/06/2027,13/07/2021,-45.90481171548117,17.17050209205021,March_2026
806,Roads & Highways,Ministry of Road Transport & Highways,National Highways Authority of India [NHAI],618640,4L of Urga - Pathalgaon from Km. 70.200 to km. 157.745 of NH-130A,2261,2860.36,830.23,70,08/08/2026,08/08/2026,30/03/2022,26.50862450243256,36.71959310039806,March_2026
807,Roads & Highways,Ministry of Road Transport & Highways,National Highways Authority of India [NHAI],618745,4L of Vadugapatti to Therkuvenganallur Rajapalyam section from km 36.000 to km 71.600 of NH-744,1318,1137.16,919.66,100,10/04/2025,15/04/2026,25/02/2022,-13.720789074355078,69.77693474962064,March_2026
808,Roads & Highways,Ministry of Road Transport & Highways,NHAI,619291,4L Poanta SahebMednipur from Km. 435.65 to km. 458.65 of NH-07Pkg-1,525,657.32,232.75,94,01/05/2025,15/04/2026,31/03/2022,25.203809523809532,44.333333333333336,March_2026
809,Roads & Highways,Ministry of Road Transport & Highways,National Highways Authority of India [NHAI],618959,4L Prayagraj Greenfield By-pass from design Km 50860 near Nibi Kala Uperhar to design Km 64763 on NH-19 near Khodaypur Kasgaon including Interchange loop at NH-19,1018,427.54,406.6,100,26/03/2025,,24/08/2023,-58.00196463654225,39.94106090373281,March_2026
810,Roads & Highways,Ministry of Road Transport & Highways,National Highways Authority of India [NHAI],618881,4L PS bijni to mandi section from Km 202.815 to Km 208.000 of NH-20 New NH-154 of Pathankot-Mandi Package-VB,1113,1112.39,308.94,26,13/09/2027,13/09/2027,21/02/2023,-0.05480682839172507,27.757412398921833,March_2026
811,Roads & Highways,Ministry of Road Transport & Highways,National Highways Authority of India [NHAI],618901,4L PS Divided Carriageway from Patan Near Rajpur to Gojariya From Km 52.000 to Km 128.940 of NH-68,1181,1098.23,847.01,84,07/03/2025,31/08/2026,03/12/2021,-7.008467400508042,71.71972904318375,March_2026
812,Roads & Highways,Ministry of Road Transport & Highways,National Highways Authority of India [NHAI],618931,4L PS from Ch. 179.780 in Bitada/Movi Village to Ch. 208.900 in Nasarpore Village of NH-56 Pkg-V,764,566.96,7.28,1,26/11/2027,26/11/2027,03/03/2023,-25.790575916230363,0.9528795811518325,March_2026
813,Roads & Highways,Ministry of Road Transport & Highways,National Highways Authority of India [NHAI],618891,4L PS from Kalar Bala Village to Nauni Chowk of NH 205 from Km 41.000 to Km 58.450,1244,786.91,59.37,17,12/05/2027,09/09/2027,18/01/2024,-36.7435691318328,4.772508038585209,March_2026
814,Roads & Highways,Ministry of Road Transport & Highways,National Highways Authority of India [NHAI],618919,4L PS from Mandlem Existing Km. 38.000/Design Km.30.600 to Atmakur Existing Km.73.000/Design Km 66.115 of NH340C Package2,887,913.03,374.39,100,22/11/2025,,29/03/2023,2.9346110484780126,42.20856820744081,March_2026
815,Roads & Highways,Ministry of Road Transport & Highways,National Highways Authority of India [NHAI],618871,4L PS from Near Guddehosur to Start of Kushalnagara Bypass to near Hemmige Village Periyapatna - Hassan Road Jn from Km. 122.200 to Km. 144.900 of NH-275 Pkg. II,910,896.42,2.9,4,07/12/2027,07/12/2027,01/02/2023,-1.4923076923076968,0.31868131868131866,March_2026
816,Roads & Highways,Ministry of Road Transport & Highways,National Highways Authority of India [NHAI],618870,4L PS from near Hemmige Village Periyapatna - Hassan Road Jn. to near Hunsur - KR Nagar Jn section from Km. 144.900 to Km. 169.000 of NH-275 Pkg. III,884,1726.65,60.91,17,02/04/2027,02/04/2027,07/02/2023,95.32239819004525,6.89027149321267,March_2026
817,Roads & Highways,Ministry of Road Transport & Highways,National Highways Authority of India [NHAI],618872,4L PS from near Hunsur - KR Nagar Junction to near Yalachahalli village KR Nagara - Yelawala Road Junction fcrom Km 169.000 to Km 195.550 of NH-275 Pkg-IV,1063,952.03,92.49,13,29/04/2027,29/04/2027,09/02/2023,-10.439322671683916,8.700846660395108,March_2026
818,Roads & Highways,Ministry of Road Transport & Highways,National Highways Authority of India [NHAI],618873,4L PS from near Yalachahalli village KR Nagara - Yelawala Road junction to Srirangapatna Bypass Near Paschima Vahini from km 195.550 to Km 214.535 of NH-275 Pkg-V,1273,1203.2,97.25,12,06/04/2027,06/04/2027,30/01/2023,-5.483110761979573,7.6394344069128035,March_2026
819,Roads & Highways,Ministry of Road Transport & Highways,National Highways Authority of India [NHAI],618759,4L PS Mydukur - Badvel from Km 585.820 to Km 630.960 of NH-67,1064,1103.87,467.8,90,19/09/2025,30/04/2026,25/05/2022,3.7471804511278095,43.96616541353384,March_2026
820,Roads & Highways,Ministry of Road Transport & Highways,National Highways Authority of India [NHAI],619080,4L PS of Ambala Ring Road of New NH-44,1093,1225.41,394.35,74,10/10/2025,13/09/2026,27/02/2023,12.114364135407143,36.07959743824337,March_2026
821,Roads & Highways,Ministry of Road Transport & Highways,National Highways Authority of India [NHAI],618791,4L PS under NH configuration of Manikpur-Sahebganj of NH-139W,1539,0.0,47.53,14,31/12/2027,31/12/2027,18/10/2024,-100.0,3.088369070825211,March_2026
822,Roads & Highways,Ministry of Road Transport & Highways,National Highways Authority of India [NHAI],618541,4L Ring road/bypass around Srinagar city from km 0.000 to km 42.100 Phase-I,2920,2604.76,1752.78,86,02/02/2024,07/07/2026,02/03/2021,-10.795890410958897,60.02671232876712,March_2026
823,Roads & Highways,Ministry of Road Transport & Highways,National Highways Authority of India [NHAI],619101,4L Shahpur to Muktainagar from Km. 186.000 to km 216.278 of NH 753L Pkg II of Boregaon Buzurg to Muktainagar,784,659.52,285.24,64,14/03/2026,30/09/2026,01/12/2022,-15.877551020408164,36.38265306122449,March_2026
824,Roads & Highways,Ministry of Road Transport & Highways,National Highways Authority of India [NHAI],618761,4L Spur of Meerut-Garh-Mukteshwar section connecting NH-119 and NH-58 bypassing Meerut Town of NH 709 A,992,977.73,815.91,95,16/02/2025,12/07/2026,07/10/2021,-1.4385080645161272,82.24899193548387,March_2026
825,Roads & Highways,Ministry of Road Transport & Highways,National Highways Authority of India [NHAI],618770,4L Spur of Panipat - Shamli connecting NH-709AD Panipat Shamli Muzaffarnagar and NH-709A Karnal Meerut bypassing Shamli district UP,516,273.42,232.93,74,13/10/2024,17/03/2025,05/10/2021,-47.01162790697674,45.14147286821705,March_2026
826,Roads & Highways,Ministry of Road Transport & Highways,National Highways Authority of India [NHAI],619218,4L Tumkur-Shimoga Pkg-I from Mallasandra to Karadi village of NH-206 from Km. 12.300 to Km. 65.195,1364,1692.12,551.42,100,14/10/2021,29/04/2026,27/02/2018,24.055718475073306,40.42668621700879,March_2026
827,Roads & Highways,Ministry of Road Transport & Highways,National Highways Authority of India [NHAI],618544,"4L twin tube tunnel including approaches from Digdol to Khuni Nallah North Bound connecting with existing major bridge on NB and South Bound connecting with Tunnel T4 ,Single tube tunnel of Ramban to Banihal Pkg-II of Old NH-1A New NH-44",1402,1020.99,965.59,87,07/06/2024,15/06/2026,13/07/2021,-27.176176890156917,68.87232524964337,March_2026
828,Roads & Highways,Ministry of Road Transport & Highways,National Highways Authority of India [NHAI],619104,4L/2L PS of Govindpur Raiganj - Chas - WB border section of from km. 0.00 to km. 56.889 of Old NH-32,1140,1154.8,6.64,100,09/12/2019,,,1.2982456140350838,0.5824561403508771,March_2026
829,Roads & Highways,Ministry of Road Transport & Highways,National Highways Authority of India [NHAI],618697,4LPS Access Controlled Highway of Bellary Bypass Balance work from Ch. 254750 to Ch. 266837 and construction of 4LPS from Ch. 277.690 to Ch. 278.690 at D. Hirehal Village Balance work of NH 150A of Bellary Byrapura Section,626,284.05,42.5,24,31/07/2026,31/07/2027,07/02/2024,-54.62460063897764,6.7891373801916926,March_2026
830,Roads & Highways,Ministry of Road Transport & Highways,National Highways Authority of India [NHAI],619077,6 laning of Balance Work of Chennai - Tada from km. 21.40 to km. 54.40,465,472.37,182.72,100,27/03/2020,30/04/2026,06/12/2017,1.5849462365591407,39.29462365591398,March_2026
831,Roads & Highways,Ministry of Road Transport & Highways,MoRTH,617913,6-laning of km 9.900 to km 19/948 Aramgarh to Shamshabad Section of Hyderabad-Bangalore section of NH-44 Under NHO EPC basis in the state of Telangana,283,300.7,480.38,93,09/05/2020,31/12/2025,18/01/2018,6.254416961130738,169.74558303886926,March_2026
832,Roads & Highways,Ministry of Road Transport & Highways,National Highways Authority of India [NHAI],619074,6-laning of Krishnagiri Km.0.000 to Walajahpet Km.148.300 section on NH-46 under NHDP-V,1673,781.74,266.14,100,04/12/2013,30/06/2026,27/12/2009,-53.27316198445905,15.907949790794978,March_2026
833,Roads & Highways,Ministry of Road Transport & Highways,MoRTH,617939,6-Laning of Pune-Hyderabad Section of NH-65 from Km 493/0 to Km 524/0 from Sangareddy X Roads to Madinaguda in the State of Telangana,1298,0.0,0.0,34,03/07/2026,03/07/2026,27/03/2023,-100.0,0.0,March_2026
834,Roads & Highways,Ministry of Road Transport & Highways,National Highways Authority of India [NHAI],618720,6L Access Controlled Greenfield Highway from Audireddipalle Ch. 160000 to Mallapalle Ch. 176000Package-07,987,848.06,296.63,64,06/03/2026,31/12/2026,21/02/2023,-14.07700101317123,30.053698074974672,March_2026
835,Roads & Highways,Ministry of Road Transport & Highways,National Highways Authority of India [NHAI],618721,6L Access Controlled Greenfield Highway from Chandrasekharapuram Ch. 228000 to Polavaram Ch. 260000of [NH-544G] Package-11,1293,1110.33,298.63,54,10/02/2026,11/11/2026,15/02/2023,-14.12761020881671,23.095901005413765,March_2026
836,Roads & Highways,Ministry of Road Transport & Highways,National Highways Authority of India [NHAI],618718,6L Access Controlled Greenfield Highway from Kavulakuntla Ch. 196000 to Narayanmpet Ch. 203500Package-09,1092,956.4,118.58,33,07/02/2027,06/02/2027,21/02/2023,-12.41758241758242,10.85897435897436,March_2026
837,Roads & Highways,Ministry of Road Transport & Highways,National Highways Authority of India [NHAI],618719,6L Access Controlled Greenfield Highway from Mallapalle Ch. 176000 to Kavulakuntla Ch. 196000 Package-08,909,751.81,226.03,52,10/02/2026,11/11/2026,24/02/2023,-17.292629262926297,24.86578657865787,March_2026
838,Roads & Highways,Ministry of Road Transport & Highways,National Highways Authority of India [NHAI],619126,6L Access Controlled Greenfield Highway from Marripudi Ch. 285500 to Somavarappadu Ch. 314600 of [NH-544G] Package-13,976,798.71,259.73,73,09/02/2026,10/07/2026,18/02/2023,-18.16495901639344,26.611680327868854,March_2026
839,Roads & Highways,Ministry of Road Transport & Highways,National Highways Authority of India [NHAI],619123,6L Access Controlled Greenfield Highway from Narayanmpet Ch. 203500 to Chandrasekharpuram Ch. 228000Package-10,814,678.21,167.91,60,10/02/2026,15/10/2026,24/02/2023,-16.68181818181818,20.627764127764127,March_2026
840,Roads & Highways,Ministry of Road Transport & Highways,National Highways Authority of India [NHAI],619125,6L Access Controlled Greenfield Highway from Somavarappadu Ch.314.600 to Muppavaram Ch.343240 of [NH-544G] Package-14,1104,943.66,161.75,42,11/02/2026,15/01/2027,18/02/2023,-14.523550724637685,14.65126811594203,March_2026
841,Roads & Highways,Ministry of Road Transport & Highways,National Highways Authority of India [NHAI],618968,6L access control Greenfield highway of Vill-Khyawari to Vill-Latifpur at Saharanpur Bypass from Km. 82.000 to Km. 119.790 Pkg-4,1428,1439.35,1193.3,98,02/09/2024,14/04/2026,18/03/2021,0.7948179271708621,83.56442577030812,March_2026
842,Roads & Highways,Ministry of Road Transport & Highways,National Highways Authority of India [NHAI],618970,6L access control Greenfield highway of Vill-Lohadda to Vill-Karaunda Mahajan from Km. 27.000 to Km. 56.500 Pkg-2,1335,1335.38,984.58,93,02/09/2024,14/04/2026,11/03/2021,0.028464419475663607,73.75131086142322,March_2026
843,Roads & Highways,Ministry of Road Transport & Highways,National Highways Authority of India [NHAI],619216,6L access Controlled Greenfield Highway from Adhoya Musalmana to Sadopur section of Shamli -Ambala Package-III Design Ch. Form km 84.400 to km 121.786,1492,1122.86,644.11,71,01/05/2025,31/12/2026,30/05/2022,-24.741286863270783,43.170911528150135,March_2026
844,Roads & Highways,Ministry of Road Transport & Highways,National Highways Authority of India [NHAI],618722,6L access Controlled Greenfield Highway from Gogwan Jalalpur Shamli to Ranipur Barsi Saharanpur of Shamli -Ambala section Package-I Design Ch. Form km 00.600 to km 45.500,1844,1247.55,636.74,59,15/05/2025,25/07/2026,23/06/2022,-32.345444685466376,34.53036876355748,March_2026
845,Roads & Highways,Ministry of Road Transport & Highways,National Highways Authority of India [NHAI],618712,6L Access Controlled Greenfield Highway from Kodur Ch. 0000 to Vanavolu Ch. 24300 of [NH-544G] Package-1,913,798.25,331.07,84,03/02/2026,31/07/2026,03/01/2023,-12.568455640744796,36.26177437020811,March_2026
846,Roads & Highways,Ministry of Road Transport & Highways,National Highways Authority of India [NHAI],618714,6L Access Controlled Greenfield Highway from Nallacheruvu palli Ch. 96300 to Yerragudipadu Ch. 129000 of [NH-544G] Package-5,1253,1095.78,297.2,58,10/02/2026,11/11/2026,18/02/2022,-12.547486033519556,23.719074221867515,March_2026
847,Roads & Highways,Ministry of Road Transport & Highways,National Highways Authority of India [NHAI],618715,6L Access Controlled Greenfield Highway from Odulapalle Ch. 72000 to Nallacheruvu-palli Ch. 96300 of [NH-544G]Package-4,1059,946.1,367.65,72,03/02/2026,30/08/2026,03/01/2023,-10.66100094428706,34.71671388101983,March_2026
848,Roads & Highways,Ministry of Road Transport & Highways,National Highways Authority of India [NHAI],619124,6L Access Controlled Greenfield Highway from Polavaram Ch. 260000 to Marripudi Ch. 285500 of [NH-544G]Package-12,747,626.83,204.06,66,10/02/2026,13/08/2026,18/02/2023,-16.087014725568938,27.317269076305223,March_2026
849,Roads & Highways,Ministry of Road Transport & Highways,National Highways Authority of India [NHAI],618723,6L access Controlled Greenfield Highway from Ranipur Barsi to Adhoya Musalmana section of Shamli -Ambala Package-II Design Ch. Form km 45.500 to km 84.400,1554,1241.89,721.32,74,16/05/2025,31/12/2026,22/06/2022,-20.084298584298576,46.41698841698842,March_2026
850,Roads & Highways,Ministry of Road Transport & Highways,National Highways Authority of India [NHAI],618717,6L Access Controlled Greenfield Highway from Vanavolu Ch. 24300 to Vankarakunta Ch. 45700 of [NH-544G] Package-2,751,626.91,203.15,81,01/03/2026,31/07/2026,03/01/2023,-16.523302263648475,27.050599201065246,March_2026
851,Roads & Highways,Ministry of Road Transport & Highways,National Highways Authority of India [NHAI],618716,6L Access Controlled Greenfield Highway from Vankarakunta Ch. 45700 to Odulapalle Ch. 72000 of [NH-544G]Package-3,993,888.07,279.56,71,01/03/2026,31/07/2026,12/12/2022,-10.566968781470287,28.153071500503522,March_2026
852,Roads & Highways,Ministry of Road Transport & Highways,National Highways Authority of India [NHAI],618713,6L Access Controlled Greenfield Highway from Yerragudipadu Ch. 129000 to Audireddipalle Ch. 160000 of [NH 544G] Package-6,1200,1019.69,178.35,31,10/02/2026,28/02/2027,15/02/2023,-15.02583333333333,14.8625,March_2026
853,Roads & Highways,Ministry of Road Transport & Highways,National Highways Authority of India [NHAI],619212,6L Access Controlled Greenfield Highway of Julekal village to Dinnedevarapadu village from Km 242.200 to Km 280.400 Pkg-2,1228,1315.87,489.45,65,03/01/2025,30/09/2026,27/01/2022,7.155537459283378,39.85749185667753,March_2026
854,Roads & Highways,Ministry of Road Transport & Highways,National Highways Authority of India [NHAI],619168,6L access controlled Greenfield highway of Junction of EPE Vill.-Mavikalan to Vill.-Lohadda from Km. 0.000 to Km. 27.000 Pkg-1,1602,1497.94,1198.22,99,02/09/2024,14/04/2026,18/03/2021,-6.495630461922593,74.7952559300874,March_2026
855,Roads & Highways,Ministry of Road Transport & Highways,National Highways Authority of India [NHAI],618632,6L Access Controlled Greenfield Highway of Nandinne village to Julekal village from Km 202.900 to Km 242.200 Pkg-1,972,1044.06,406.31,90,03/01/2025,30/06/2026,04/02/2022,7.4135802469135745,41.80144032921811,March_2026
856,Roads & Highways,Ministry of Road Transport & Highways,National Highways Authority of India [NHAI],618578,6L Access Controlled Highway from DND Maharani Bagh - Jn. with Jaitpur - Pushta Road of NH-148NA from km. 0.00 to km. 9.00 in NCR,1467,2510.34,1373.75,98,08/07/2024,30/04/2026,30/07/2020,71.12065439672803,93.64349011588276,March_2026
857,Roads & Highways,Ministry of Road Transport & Highways,National Highways Authority of India [NHAI],618757,6L access controlled Highway from Km 40080 to Km 86513 Mator to Barodameo Section,2010,1565.88,664.82,37,14/03/2026,17/05/2026,27/09/2022,-22.095522388059695,33.07562189054727,March_2026
858,Roads & Highways,Ministry of Road Transport & Highways,National Highways Authority of India [NHAI],618647,6L Access Controlled Ludhiana-Bathinda Greenfield highway from Jn. with Amritsar-Bathanda Greenfield Road NH-754A near Rampura Phul to Jn. with Moga-Barnala Road NH-703 near village Tallewal from Km 0.0 to Km 30.3 of NH-754AD Pkg-1,907,1020.52,445.16,82,13/09/2025,14/07/2026,24/06/2021,12.51598676957001,49.080485115766265,March_2026
859,Roads & Highways,Ministry of Road Transport & Highways,National Highways Authority of India [NHAI],619105,6L Access Controlled Ludhiana-Bathinda Greenfield highway from Jn. with Moga-Barnala Road NH-703 near village Tallewal to Jn. with Delhi-Katra Expressway NE-5 near Ludhiana village Ballowal from Km 30.300 to Km 75.543 of NH-754AD Pkg-2,1555,1564.66,138.54,20,29/09/2027,29/09/2027,05/07/2021,0.6212218649517738,8.909324758842443,March_2026
860,Roads & Highways,Ministry of Road Transport & Highways,NHAI,619308,6L access-controlled highway from Ganeshpur tonear Mohand of Ganeshpur Dehradun section from Km.0 to Km.8.3 of NH-72A Package-1,836,835.74,807.97,99,07/10/2023,15/04/2026,26/11/2020,-0.031100478468898435,96.64712918660288,March_2026
861,Roads & Highways,Ministry of Road Transport & Highways,National Highways Authority of India [NHAI],618758,6L accesscontrolled highway from km 0000 to km 40080 Paniyala to Mator Section of Paniyala-Barodameo ICR,1765,1239.24,272.55,35,15/09/2026,15/09/2026,27/09/2022,-29.788101983002836,15.441926345609067,March_2026
862,Roads & Highways,Ministry of Road Transport & Highways,National Highways Authority of India [NHAI],618681,6L Aluru - Jakkuva Section of NH-130CD Road from km 365.033 to km 396.800 Pkg. 1,1216,1241.66,630.41,95,29/03/2024,30/06/2026,10/02/2021,2.1101973684210593,51.84292763157895,March_2026
863,Roads & Highways,Ministry of Road Transport & Highways,National Highways Authority of India [NHAI],619099,6L Amritsar-Bathinda Greenfield section from Jn. with Moga Jalandhar road NH-703 near Dharamkot to Jn. with Bhagta Bhai Ka-Bhadaur Road near Dyalpura Bhai Ka from km 39.000 to km 93.000 of NH-754A Pkg-2,1801,2172.71,580.27,64,26/06/2026,31/12/2026,30/03/2021,20.63908939478068,32.21932259855635,March_2026
864,Roads & Highways,Ministry of Road Transport & Highways,National Highways Authority of India [NHAI],618618,6L Amritsar-Bathinda Greenfield section from Jn. with Bhagta Bhai Ka-Bhadaur Road near Dyalpura Bhai Ka to Jn. with Mandi Dabwali Bathinda Road on NH-54 near Sangat Kalan from km 93.000 to km 154.866 of NH-754A Pkg-3,2029,2677.23,509.27,70,16/06/2026,15/06/2026,31/03/2021,31.94825036964022,25.09955643173977,March_2026
865,Roads & Highways,Ministry of Road Transport & Highways,National Highways Authority of India [NHAI],618617,6L Amritsar-Bathinda Greenfield section from village Tiba on NE-5A to Jn. with Moga Jalandhar road NH-703 near Dharamkot from km 0.000 to km 39.000 of NH-754A Pkg-1,1229,1549.32,771.63,70,13/11/2024,30/06/2027,30/03/2021,26.063466232709516,62.78519121236778,March_2026
866,Roads & Highways,Ministry of Road Transport & Highways,National Highways Authority of India [NHAI],618738,6L Bridge and its approaches across River Ganga as Part of Patna Ring Road NH-131G starting from Km 8.480 near Sherpur to Km 23.000 near Dighwara,6292,3351.62,501.89,17,05/09/2027,04/09/2028,27/09/2022,-46.73204068658614,7.976636999364271,March_2026
867,Roads & Highways,Ministry of Road Transport & Highways,National Highways Authority of India [NHAI],618805,6L Connectivity to Port Road from Sabbavaram Sheelanagar-NH516C,977,0.0,0.0,0,13/02/2028,12/02/2028,31/12/2024,-100.0,0.0,March_2026
868,Roads & Highways,Ministry of Road Transport & Highways,National Highways Authority of India [NHAI],618499,6L Elevated Kanpur - Lucknow Exeressway Pkg-1 from Km. 10980 to Km. 28500,1973,1943.27,766.05,94,30/07/2025,10/04/2026,29/12/2021,-1.5068423720223019,38.82665990876837,March_2026
869,Roads & Highways,Ministry of Road Transport & Highways,National Highways Authority of India [NHAI],618808,6L Elevated Kona Expressway from Km. 0.145 to Km. 7.337 of NH-117,1213,1203.11,283.87,37,03/12/2026,31/12/2027,24/03/2023,-0.8153338829348804,23.402308326463313,March_2026
870,Roads & Highways,Ministry of Road Transport & Highways,National Highways Authority of India [NHAI],618704,6L Flyover including RE Wall approaches with Flexible Pavement in the Elephant Corridor of Angul Sambalpur Section of NH-42 New NH-55 Km.202.533,151,106.32,102.13,100,20/01/2027,20/06/2026,19/09/2023,-29.58940397350994,67.63576158940397,March_2026
871,Roads & Highways,Ministry of Road Transport & Highways,National Highways Authority of India [NHAI],618515,6L from Belgaum to Sankeshwar Bypass from Km. 515.000 to Km. 555.017 of NH-48 Pkg-I,1479,1237.04,1136.31,100,23/04/2025,15/04/2026,12/11/2021,-16.359702501690336,76.82961460446248,March_2026
872,Roads & Highways,Ministry of Road Transport & Highways,National Highways Authority of India [NHAI],618516,6L from Sankeshwar Bypass to MH-KNT Border from Km. 555.017 to Km. 592.853 of NH-48 Pkg-II,1389,1066.86,1045.3,81,23/04/2025,30/11/2026,20/01/2022,-23.192224622030245,75.25557955363571,March_2026
873,Roads & Highways,Ministry of Road Transport & Highways,National Highways Authority of India [NHAI],618680,6L Greenfield Kandili - Aluru Section of NH-130-CD Road from km 342500 to km 365033 Package-OD-8,1493,1912.84,988.5,97,17/10/2024,30/06/2026,20/12/2021,28.120562625586064,66.20897521768252,March_2026
874,Roads & Highways,Ministry of Road Transport & Highways,National Highways Authority of India [NHAI],618678,6L Greenfield Baunsaguar - Baraja Section of NH-130-CD Road from km 293000 to km 338500 Package OD-6,1266,1635.44,843.72,99,31/05/2024,15/05/2026,26/08/2021,29.18167456556083,66.64454976303318,March_2026
875,Roads & Highways,Ministry of Road Transport & Highways,National Highways Authority of India [NHAI],618677,6L Greenfield Kaliagura Baunsaguar Section of NH-130-CD Road from km 249000 to km 293000 Package OD-5,1540,1918.49,952.14,94,29/05/2024,30/06/2026,03/09/2021,24.577272727272728,61.82727272727273,March_2026
876,Roads & Highways,Ministry of Road Transport & Highways,National Highways Authority of India [NHAI],618498,6L Greenfield Kanpur - Lucknow Expressway Pkg II from km. 28.500 to km. 73.744,2472,2489.0,1178.84,100,08/05/2025,10/04/2026,29/12/2021,0.6877022653721683,47.68770226537217,March_2026
877,Roads & Highways,Ministry of Road Transport & Highways,National Highways Authority of India [NHAI],618734,6L Greenfield Varanasi- Ranchi- Kolkata Highway from junction with NH-320 in Lepo village to Kamlapur villageJH/WB border from km 358.500 to km 387.200 Pkg -13,1154,1319.18,47.59,10,29/09/2027,29/09/2027,29/03/2023,14.313691507798964,4.1239168110918545,March_2026
878,Roads & Highways,Ministry of Road Transport & Highways,National Highways Authority of India [NHAI],618724,6L Greenfield Varanasi-Ranchi-Kolkata Highway from Anarbansalea village to Sagrampur village From KM. 151200 to KM. 184700Package-7,1719,1723.42,64.54,17,30/06/2027,30/06/2027,24/03/2023,0.25712623618383207,3.754508435136708,March_2026
879,Roads & Highways,Ministry of Road Transport & Highways,National Highways Authority of India [NHAI],618727,6L Greenfield Varanasi-Ranchi-Kolkata Highway from junction with Bhabhua-Adhaura road in Bhairopur village to Konki village From KM. 54.000 to KM. 90.000Pkg-3,1577,1711.44,18.69,11,05/10/2027,05/10/2027,27/03/2023,8.525047558655679,1.1851616994292962,March_2026
880,Roads & Highways,Ministry of Road Transport & Highways,National Highways Authority of India [NHAI],618726,6L Greenfield Varanasi-Ranchi-Kolkata Highway from junction with Chandauli-Chainpur Road near Khainti village to junction with Bhabhua-Adhaura road near Palka village from Km. 27.000 to Km. 54.000 Pkg-2,1241,1341.52,32.81,12,05/10/2027,05/10/2027,24/03/2023,8.099919419822722,2.643835616438356,March_2026
881,Roads & Highways,Ministry of Road Transport & Highways,National Highways Authority of India [NHAI],618728,6L Greenfield Varanasi-Ranchi-Kolkata Highway from junction with NH-19 & Varanasi Ring Road near Rewasa village to junction with Chandauli-Chainpur road near Khainti village from Km. 0.000 to Km. 27.000 - Pkg-1,1433,1564.15,332.46,38,24/11/2026,18/05/2027,24/03/2023,9.152128401953949,23.200279134682482,March_2026
882,Roads & Highways,Ministry of Road Transport & Highways,National Highways Authority of India [NHAI],618725,6L Greenfield Varanasi-Ranchi-Kolkata Highway from Pachmon village to Anarbansalea village From KM. 116000 to KM. 151200 Package-6,1916,1920.21,0.87,7,03/09/2027,03/09/2027,24/03/2023,0.21972860125261148,0.04540709812108559,March_2026
883,Roads & Highways,Ministry of Road Transport & Highways,National Highways Authority of India [NHAI],619111,6L Jakkuva Korlam Section of NH-130CD Road from km 396.800 to km 421.100 Pkg 2,841,840.51,495.8,99,29/03/2024,31/05/2026,09/02/2021,-0.05826397146254567,58.95362663495839,March_2026
884,Roads & Highways,Ministry of Road Transport & Highways,National Highways Authority of India [NHAI],619112,6L Kantakapalle Sabbavaram Section of NH-130CD Road from Km 445.100 to Km 464.662 Pkg-4,1013,1012.57,508.13,81,04/10/2024,31/12/2026,25/02/2021,-0.04244817374135735,50.1609081934847,March_2026
885,Roads & Highways,Ministry of Road Transport & Highways,National Highways Authority of India [NHAI],618682,6L Korlam-Kantakapalle Section of NH-130CD Road from Km 421.100 to Km 445.100 Pkg-3,1113,1127.63,782.77,99,18/02/2024,31/05/2026,25/02/2021,1.3144654088050414,70.32973944294699,March_2026
886,Roads & Highways,Ministry of Road Transport & Highways,National Highways Authority of India [NHAI],618598,6L Minor Bridge Paloli Palam at km. 203.160 & Major Bridge Morad at km. 204.895 and allied works,210,216.94,77.9,100,11/06/2022,08/04/2026,11/03/2020,3.3047619047619032,37.095238095238095,March_2026
887,Roads & Highways,Ministry of Road Transport & Highways,National Highways Authority of India [NHAI],618676,6L of Dhanara - Hatibena Section from Km 124.611 to km 146.50 of NH-130-CD Package OD-1,478,638.32,297.98,100,23/03/2024,30/04/2026,11/02/2021,33.53974895397491,62.33891213389122,March_2026
888,Roads & Highways,Ministry of Road Transport & Highways,National Highways Authority of India [NHAI],618601,6L of Kappirikkad to Thalikulam section from km 335.85 to km 369.015 of NH - 66 old NH-17,4226,4225.59,648.31,88,26/01/2025,30/06/2026,08/06/2021,-0.009701845716986618,15.340984382394698,March_2026
889,Roads & Highways,Ministry of Road Transport & Highways,National Highways Authority of India [NHAI],618553,6L of Agra Bypass Northern connecting Km. 174.500 of NH-2 new NH-19 to Km. 141.000 of Yamuna Expressways,958,1034.42,758.39,100,22/02/2025,,07/01/2022,7.977035490605436,79.16388308977035,March_2026
890,Roads & Highways,Ministry of Road Transport & Highways,National Highways Authority of India [NHAI],619134,6L of Ambala-Chandigarh greenfield section from Km. 0.000 to Km. 25.000 with 4L spur to Lalru from Km. 0.000 to Km. 5.828 & spur to PR-7 road from Km. 0.000 to Km. 11.157,1642,1904.79,537.04,81,12/10/2025,30/06/2026,31/03/2022,16.004263093788058,32.70645554202192,March_2026
891,Roads & Highways,Ministry of Road Transport & Highways,National Highways Authority of India [NHAI],618579,6L of Anandapuram Pendurthi Anakapalli Section from km. 681.000 to km. 731.780 of NH-16,2527,2957.25,924.33,100,01/07/2021,30/04/2026,19/01/2018,17.026117926394935,36.578155916106056,March_2026
892,Roads & Highways,Ministry of Road Transport & Highways,National Highways Authority of India [NHAI],618532,6L of Aurangabad to Bihar-Jharkhand border Chordaha section from km. 209.827 to Km. 249.525 of NH-19 PKG-02,1822,738.11,585.79,96,27/03/2024,30/04/2026,03/06/2021,-59.48902305159165,32.15093304061471,March_2026
893,Roads & Highways,Ministry of Road Transport & Highways,National Highways Authority of India [NHAI],618531,6L of Aurangabad to Bihar-Jharkhand border Chordaha section from km. 180.000 to km. 209.827 of NH-2 PKG-01,1054,786.81,98.83,20,17/12/2026,17/12/2026,10/02/2021,-25.350094876660346,9.376660341555977,March_2026
894,Roads & Highways,Ministry of Road Transport & Highways,National Highways Authority of India [NHAI],618597,6L of Azhiyur-Vengalam from km. 189.200 to km. 230.400 of NH-66,3206,3898.46,771.49,60,04/07/2024,31/05/2027,14/10/2020,21.598877105427324,24.06394260761073,March_2026
895,Roads & Highways,Ministry of Road Transport & Highways,National Highways Authority of India [NHAI],619109,6L of Badakumari - Karki Section from Km 179.000 to km 226.500 of NH-130-CD Package OD-3,1102,1374.43,560.92,100,11/04/2024,31/05/2026,25/03/2021,24.721415607985485,50.900181488203266,March_2026
896,Roads & Highways,Ministry of Road Transport & Highways,National Highways Authority of India [NHAI],619075,6L of Bhubaneswar - Jagatpur - Chandikhole Section of NH-16,639,632.89,2.07,97,10/06/2014,30/04/2026,29/01/2009,-0.9561815336463245,0.323943661971831,March_2026
897,Roads & Highways,Ministry of Road Transport & Highways,National Highways Authority of India [NHAI],618595,6L of Chengala - Neeleshwaram from km. 56.200 to km. 93.468,1746,2538.06,785.78,90,15/04/2024,31/03/2027,02/06/2020,45.36426116838488,45.00458190148912,March_2026
898,Roads & Highways,Ministry of Road Transport & Highways,National Highways Authority of India [NHAI],619067,6L of Chiloda-Naroda section from Km. 540.595 to Km. 555.595 of NH-8Package-VII,357,463.03,103.1,100,10/05/2019,31/05/2026,15/11/2016,29.70028011204481,28.879551820728288,March_2026
899,Roads & Highways,Ministry of Road Transport & Highways,National Highways Authority of India [NHAI],618559,6L of existing 4L from Gundlapochampally to Bowenpally from km 471.300 to km 481.331 of NH-44,522,528.21,256.53,50,30/07/2024,22/04/2026,27/12/2021,1.1896551724138,49.143678160919535,March_2026
900,Roads & Highways,Ministry of Road Transport & Highways,National Highways Authority of India [NHAI],618585,6L of Gonde Km. 439.038 to Pimpri Sado Km. 459.905 section of NH-848 Old NH-3,857,718.84,88.54,30,11/04/2027,04/11/2027,28/02/2024,-16.121353558926486,10.331388564760795,March_2026
901,Roads & Highways,Ministry of Road Transport & Highways,National Highways Authority of India [NHAI],618526,6L of Gundugolanu Design km 1023.280 to Kalaparru Design km 1050.680 of NH-5 New NH-16,666,665.59,509.4,96,30/07/2021,30/04/2026,31/10/2018,-0.061561561561556774,76.48648648648648,March_2026
902,Roads & Highways,Ministry of Road Transport & Highways,National Highways Authority of India [NHAI],619213,6L of Hatibena - Badakumari Section from Km 146.50 to km 179.00 of NH-130-CD Package OD-2,791,1070.63,631.22,100,02/03/2024,31/05/2026,11/02/2021,35.35145385587865,79.80025284450065,March_2026
903,Roads & Highways,Ministry of Road Transport & Highways,National Highways Authority of India [NHAI],618610,6L of Jodhpur Romana Bathinda - Mandi Dabwali Punjab Haryana Border section of NH-54 from km. 0.000 to km. 27.400 of NH-54,789,1318.91,501.33,99,10/08/2025,30/04/2026,19/05/2020,67.1622306717364,63.539923954372625,March_2026
904,Roads & Highways,Ministry of Road Transport & Highways,National Highways Authority of India [NHAI],618513,6L of Kagal-Satara section from Km 592.500 to Km 658.000 of NH-48 Pkg-I,2112,1435.46,627.39,49,11/01/2025,30/04/2026,22/12/2021,-32.03314393939394,29.70596590909091,March_2026
905,Roads & Highways,Ministry of Road Transport & Highways,National Highways Authority of India [NHAI],618514,6L of Kagal-Satara section from Km 658.000 to Km 725.000 of NH-48 Pkg-II,2331,317.4,186.26,74,15/12/2024,31/05/2026,22/12/2021,-86.38352638352637,7.990561990561989,March_2026
906,Roads & Highways,Ministry of Road Transport & Highways,National Highways Authority of India [NHAI],618603,6L of Kodugallur to Edapppally section from km 397.750 to km 423.780 of NH - 66 old NH-17,3466,3606.2,767.68,65,21/04/2025,31/12/2026,09/11/2021,4.04500865551067,22.148874783612232,March_2026
907,Roads & Highways,Ministry of Road Transport & Highways,National Highways Authority of India [NHAI],618772,6L of Kumarajapet to Veera Kaveri Raja Puram from km 43.800 to km 61.380 of NH-716B Pkg-II,703,799.36,363.9,97,29/10/2025,30/04/2026,10/02/2021,13.70697012802276,51.76386913229018,March_2026
908,Roads & Highways,Ministry of Road Transport & Highways,National Highways Authority of India [NHAI],618631,6L of MH/KN Border Nimbal Village to KN/TS Border Singnodi Village from Km. 162.5 to Km. 203.100 in Raichur of NH-150C Pkg-IV,1500,1457.48,774.35,100,13/05/2025,30/04/2026,16/03/2022,-2.8346666666666653,51.623333333333335,March_2026
909,Roads & Highways,Ministry of Road Transport & Highways,National Highways Authority of India [NHAI],618630,6L of MH/KN Border Nimbal Village to KN/TS Border Singnodi Village from Km. 26.000 to Km. 97.000 in Gulbarga of NH-150C Pkg-II,2356,1923.3,824.34,74,27/06/2025,31/08/2026,24/02/2022,-18.365874363327674,34.988964346349746,March_2026
910,Roads & Highways,Ministry of Road Transport & Highways,National Highways Authority of India [NHAI],619211,6L of MH/KN Border Nimbal Village to KN/TS Border Singnodi Village from Km. 97.000 to Km. 162.500 in Yadgir of NH-150C Pkg-III,2105,2065.83,690.04,74,22/10/2025,31/12/2026,04/03/2022,-1.8608076009501224,32.78099762470308,March_2026
911,Roads & Highways,Ministry of Road Transport & Highways,National Highways Authority of India [NHAI],619140,6L of Naidupeta Junction - Turpukanupur Section from km 57.046 to km 91.927,1399,965.58,274.15,42,19/10/2025,28/02/2027,10/08/2022,-30.980700500357393,19.596140100071477,March_2026
912,Roads & Highways,Ministry of Road Transport & Highways,National Highways Authority of India [NHAI],619206,6L of Perole Nileshwar town to Taliparamba from Km 94.248 to Km 134.650 of NH-66,3042,3867.66,966.76,86,11/01/2024,31/03/2027,19/06/2020,27.142011834319526,31.780407626561473,March_2026
913,Roads & Highways,Ministry of Road Transport & Highways,National Highways Authority of India [NHAI],618635,6L of Pondavakkam to Kannigaipair from km 96.040 to km 116.100 of NH 716B Pkg-IV,1360,1359.81,302.35,36,23/01/2025,30/09/2026,10/02/2021,-0.013970588235298129,22.231617647058822,March_2026
914,Roads & Highways,Ministry of Road Transport & Highways,National Highways Authority of India [NHAI],618599,6L of Ramanatukkara Junction to start of Valanchery bypass section of NH-66,4924,4919.46,1762.86,100,19/07/2024,30/04/2026,28/01/2021,-0.09220146222583192,35.80138099106417,March_2026
915,Roads & Highways,Ministry of Road Transport & Highways,National Highways Authority of India [NHAI],618596,6L of Taliparamba to Muzhappilangad from Km 134.650 to Km 170.6 of NH-66,2715,3557.65,1008.4,82,26/05/2024,31/12/2027,03/08/2020,31.036832412523026,37.141804788213626,March_2026
916,Roads & Highways,Ministry of Road Transport & Highways,National Highways Authority of India [NHAI],618602,6L of Thalikulam to Kodugallur section from km 369.015 to km 397.850 of NH - 66 old NH-17,4302,4302.06,705.39,84,14/02/2025,30/06/2026,24/06/2021,0.0013947001394793161,16.396792189679218,March_2026
917,Roads & Highways,Ministry of Road Transport & Highways,National Highways Authority of India [NHAI],618600,6L of Valanchery bypass to Kappirikkad of NH 66 from km. 298500 to km 335850,4024,4023.94,1466.03,99,19/07/2024,30/04/2026,10/02/2021,-0.0014910536779310494,36.432157057654074,March_2026
918,Roads & Highways,Ministry of Road Transport & Highways,National Highways Authority of India [NHAI],618771,6L of Varadharajula to Kumarajapet from km 0.000 to km 43.800 of NH-716B Pkg-I,1925,1887.38,947.66,99,05/12/2024,10/04/2026,10/02/2021,-1.9542857142857089,49.22909090909091,March_2026
919,Roads & Highways,Ministry of Road Transport & Highways,National Highways Authority of India [NHAI],618634,6L of Veera Kaveri Raja Puram to Pondavakkam from km 61.380 to km 96.040 of NH 716B Pkg-III,1440,1439.77,685.7,99,24/01/2025,10/04/2026,31/03/2021,-0.015972222222223487,47.61805555555556,March_2026
920,Roads & Highways,Ministry of Road Transport & Highways,National Highways Authority of India [NHAI],618576,"6L Standalone Flyovers at Raha, Demow, Borghat, Kathiatali junctions and ROB at Jagiroad on stretches of NH 36 and NH 27",281,255.53,211.79,99,04/06/2024,,24/03/2022,-9.064056939501778,75.37010676156584,March_2026
921,Roads & Highways,Ministry of Road Transport & Highways,National Highways Authority of India [NHAI],618711,6L with access control provision Saharanpur bypass to Ganeshpur section from 13.89 Km to 41.820 Km of Delhi- Dehradun Economic Corridor package-2,797,560.03,499.72,99,03/11/2024,15/04/2026,28/04/2022,-29.732747804266,62.700125470514436,March_2026
922,Roads & Highways,Ministry of Road Transport & Highways,National Highways Authority of India [NHAI],618564,6L with PS of Samakhiyali to Santalpur section from km. 339.700 to Km. 430.100 of NH-27,1554,34.34,27.83,51,27/12/2025,11/01/2027,17/01/2023,-97.7902187902188,1.7908622908622909,March_2026
923,Roads & Highways,Ministry of Road Transport & Highways,National Highways Authority of India [NHAI],619090,8L of Dwarka Expressway Pkg-II RuB near Dwarka Sector 21-DL/HR Border from 5.300 Km.to 9.500 Km. of NH-248BB,2068,2670.22,1886.88,100,16/10/2021,30/04/2026,18/01/2018,29.12088974854931,91.24177949709865,March_2026
924,Roads & Highways,Ministry of Road Transport & Highways,National Highways Authority of India [NHAI],619161,Access Controlled Highway of 4 Lane with Paved Shoulders from Tiruvallur Design Chainage Km 1756 to TN/AP Broder Design Chainage Km 6151 of NH-716 Chennai-Tirupati Package-1,1376,1247.7,133.95,34,27/12/2026,27/12/2026,07/03/2024,-9.324127906976742,9.734738372093023,March_2026
925,Roads & Highways,Ministry of Road Transport & Highways,National Highways Authority of India [NHAI],618920,Access Controlled Highway of 4 Lane with Paved Shoulders from TN/AP Border Design Chainage Km 6151 to Puttur Design Chainage Km 81540 of NH-716 & 6 Lane with Paved Shoulders from Mallavaram to Renigunta,1347,1260.37,128.38,34,13/12/2026,13/12/2026,11/03/2024,-6.431328878990357,9.530809205642168,March_2026
926,Roads & Highways,Ministry of Road Transport & Highways,National Highways Authority of India [NHAI],618505,Additional Structures on 6LGurgaon-Jaipur Section of NH-48 between KM 42.700 to KM 273.00,410,290.64,191.99,87,25/06/2024,31/05/2026,03/08/2022,-29.112195121951224,46.826829268292684,March_2026
927,Roads & Highways,Ministry of Road Transport & Highways,National Highways Authority of India [NHAI],618620,"Additional works 2VUPs, MR-10 junction flyover and underpass in Six lane Indore-Dewas section of NH-52 in the state of Madhya Pradesh on EPC Mode",208,211.27,108.66,65,17/07/2024,06/06/2026,04/08/2022,1.5721153846153895,52.24038461538461,March_2026
928,Roads & Highways,Ministry of Road Transport & Highways,National Highways Authority of India [NHAI],618707,Additional works under BM1 to ensure road safety under 6L of Bengaluru Mysuru Access control with close toll from Km.17.300 to Km.136.300 of NH-275,738,0.0,0.0,5,19/01/2028,19/01/2028,08/11/2024,-100.0,0.0,March_2026
929,Roads & Highways,Ministry of Road Transport & Highways,National Highways Authority of India [NHAI],618501,Ahmedabad - Dholera Pkg I from km. 0.00 to km. 22.00 [Sardar Patel Ring Road - Sindhrej Village],1298,1421.05,1007.59,100,10/01/2024,30/04/2026,05/05/2020,9.47996918335901,77.62634822804314,March_2026
930,Roads & Highways,Ministry of Road Transport & Highways,National Highways Authority of India [NHAI],618502,Ahmedabad - Dholera Pkg II from km. 22.00 to km. 48.52 [Sindhrej Village - Vejallka Village],1415,1729.69,1345.38,99,21/01/2024,30/04/2026,05/05/2020,22.239575971731455,95.07985865724382,March_2026
931,Roads & Highways,Ministry of Road Transport & Highways,National Highways Authority of India [NHAI],618503,Ahmedabad - Dholera Pkg III from km. 48.52 to km. 71.06 [Vejallka Village - Start of DSIR zone],1034,1155.41,947.67,100,19/07/2023,30/04/2026,05/05/2020,11.741779497098653,91.65087040618955,March_2026
932,Roads & Highways,Ministry of Road Transport & Highways,National Highways Authority of India [NHAI],618504,Ahmedabad - Dholera Pkg IV from km. 71.06 to km. 109.019 [Start of DSIR zone - Adhelai Village],1182,1358.73,1203.89,98,13/12/2023,30/04/2026,05/05/2020,14.951776649746195,101.85194585448394,March_2026
933,Roads & Highways,Ministry of Road Transport & Highways,National Highways Authority of India [NHAI],618636,Akkalkot MH/KN border New Greenfield corridor from Km 512.000 to Km 548.400 of NH-150C part of Akkalkot KN/TS Border section Package XIV,1371,1403.49,212.1,44,02/10/2026,02/10/2026,28/03/2023,2.369803063457331,15.470459518599561,March_2026
934,Roads & Highways,Ministry of Road Transport & Highways,National Highways Authority of India [NHAI],619122,Akshardham - DL/UP Border Pkg-01,1479,1476.75,1327.39,100,23/12/2024,16/04/2026,08/09/2020,-0.15212981744421905,89.74915483434755,March_2026
935,Roads & Highways,Ministry of Road Transport & Highways,National Highways Authority of India [NHAI],618692,Aligarh-Kanpur Pkg I [Aligarh-Bhadwas],1227,2069.6,646.5,100,06/06/2022,05/04/2026,01/03/2018,68.67155664221679,52.68948655256723,March_2026
936,Roads & Highways,Ministry of Road Transport & Highways,National Highways Authority of India [NHAI],618795,Amritsar Bypass Pkg III from km. 71.496 to km. 105.158,1475,1228.42,864.5,85,30/08/2024,31/07/2026,11/02/2021,-16.717288135593215,58.61016949152542,March_2026
937,Roads & Highways,Ministry of Road Transport & Highways,National Highways Authority of India [NHAI],618794,Amritsarairport Junction - Ramdas from km. 100.835 to km. 139.813 Pkg - IV,525,416.58,380.9,95,17/09/2023,31/05/2026,31/12/2020,-20.651428571428575,72.55238095238094,March_2026
938,Roads & Highways,Ministry of Road Transport & Highways,National Highways Authority of India [NHAI],618774,Ara - Mohania Pkg-II,985,827.51,798.12,100,16/07/2023,30/11/2025,11/08/2020,-15.988832487309645,81.02741116751268,March_2026
939,Roads & Highways,Ministry of Road Transport & Highways,National Highways Authority of India [NHAI],618775,Ara Bypass,226,0.0,0.49,8,05/04/2027,05/04/2027,19/03/2025,-100.0,0.2168141592920354,March_2026
940,Roads & Highways,Ministry of Road Transport & Highways,MoRTH,617947,Arawali Kante section of NH-17New NH-66 4L PS from Km.241/300 to 281/300,1007,1443.09,0.0,80,13/11/2019,31/03/2026,31/03/2016,43.30585898709035,0.0,March_2026
941,Roads & Highways,Ministry of Road Transport & Highways,National Highways Authority of India [NHAI],618604,Aroor-Thuravoor Thekku,2430,2382.83,1677.4,84,30/01/2026,30/06/2026,18/08/2022,-1.9411522633744887,69.02880658436214,March_2026
942,Roads & Highways,Ministry of Road Transport & Highways,National Highways Authority of India [NHAI],618839,Aunta - Simaria including Ganga Bridge,1309,2107.68,812.81,100,07/02/2022,10/04/2026,12/01/2017,61.01451489686782,62.09396485867074,March_2026
943,Roads & Highways,Ministry of Road Transport & Highways,National Highways Authority of India [NHAI],619152,Bakhtiyarpur Km 153.300 to Mokama Km 197.900,1183,1898.84,867.69,100,10/12/2019,30/04/2026,01/12/2015,60.5105663567202,73.34657650042266,March_2026
944,Roads & Highways,Ministry of Road Transport & Highways,National Highways Authority of India [NHAI],618861,Bakhtiyarpur-Rajauli Pkg-II from km. 54.405 to km.101.630,897,1397.47,838.02,98,11/07/2023,30/04/2026,09/09/2020,55.793756967670014,93.4247491638796,March_2026
945,Roads & Highways,Ministry of Road Transport & Highways,National Highways Authority of India [NHAI],618862,Bakhtiyarpur-Rajauli Pkg-III from km. 101.630 to km.152.520,2156,3046.61,1589.83,99,27/06/2024,30/04/2026,09/09/2020,41.308441558441565,73.73979591836735,March_2026
946,Roads & Highways,Ministry of Road Transport & Highways,National Highways Authority of India [NHAI],618637,Bal. Works of Fagne Km. 510.000 to Maharashtra/Gujarat Border Km. 650.794,1654,1672.89,1328.25,98,18/09/2022,30/04/2026,27/12/2019,1.1420798065296314,80.30532043530835,March_2026
947,Roads & Highways,Ministry of Road Transport & Highways,National Highways Authority of India [NHAI],618569,Balance work - WB-10 Gandak Bridge Km 402.00 to Km 440.00 Devanpur - Kotwa,210,358.3,115.35,64,30/01/2024,31/12/2026,10/11/2021,70.61904761904762,54.92857142857142,March_2026
948,Roads & Highways,Ministry of Road Transport & Highways,National Highways Authority of India [NHAI],618942,Balance work of 2L PS from Km 30.800 to Km 70.800 and 2L with Rigid Carriageway from Km 70.800 to km 84.120 of Khanapur- KA/GOA Border section of NH-4A,227,149.44,103.98,82,21/05/2024,30/11/2026,17/01/2022,-34.16740088105727,45.80616740088106,March_2026
949,Roads & Highways,Ministry of Road Transport & Highways,NHAI,619089,Balance work of 4L of NarimbangloJatinga Junction- Harangajoroad section from Km 0.000 to Km 49.230 of NH-27,1910,2745.74,1170.13,93,15/01/2026,30/06/2026,03/03/2022,43.75602094240836,61.26335078534032,March_2026
950,Roads & Highways,Ministry of Road Transport & Highways,National Highways Authority of India [NHAI],618701,Balance work of 4L of Nauradehi Sanctuary de-scoped stretch of Hiran River to Sindoor River from Km. 66.00 to 130.00 NH-12 New NH-45,178,153.15,142.2,57,18/07/2023,08/04/2024,04/01/2021,-13.960674157303368,79.8876404494382,March_2026
951,Roads & Highways,Ministry of Road Transport & Highways,National Highways Authority of India [NHAI],618594,Balance work of 4L Panvel to Indapur section of NH-66 Old NH- 17 from km 0.000 Panvel to km 42.300 Kasu,330,196.87,183.78,97,22/10/2024,30/04/2026,13/12/2022,-40.342424242424244,55.69090909090909,March_2026
952,Roads & Highways,Ministry of Road Transport & Highways,National Highways Authority of India [NHAI],618592,"Balance work of 8 nos. of Elephant Underpasses EUPs, 1 no. of Vehicular Underpass VUP, 1 nos. of Light Vehicular Underpass LVUP, 1 nos. of Pedestrian Underpass PUP, 1 nos. of Foot Over Bridge FOB and A2 side approach of Jharpokharia Flyover at Km.215.270 in Baharagora-Singhara section of NH-49",321,244.85,16.35,16,02/05/2026,31/03/2027,26/09/2023,-23.722741433021806,5.093457943925235,March_2026
953,Roads & Highways,Ministry of Road Transport & Highways,NHIDCL,618296,Balance work of Construction of 2-lane with hard shoulder of Kohima - Jessami road on NH-29 old NH-150 from existing km 98.380 near Chizami vill. to km120.367 Nagaland/Manipur Border [Design km 95.700 to design km 117.200] [Design Length 21.500 km] in the state of Nagaland Under Bharatmala Pariyojna on EPC Mode Package-V under NHO,331,0.0,0.0,93,21/11/2025,31/05/2026,30/03/2020,-100.0,0.0,March_2026
954,Roads & Highways,Ministry of Road Transport & Highways,MoRTH,618009,Balance work of Construction of Ring Road for Raebareli City on eastern side of NH-24B Phase-1 on EPC mode.,320,347.8,0.0,95,04/04/2022,30/06/2026,10/12/2019,8.687500000000004,0.0,March_2026
955,Roads & Highways,Ministry of Road Transport & Highways,MoRTH,618031,Balance work of Construction of Two/Four lane with paved shoulder from Km 422.000 to 523.600 Chitradurga to Shivamogga of NH-13 in the state of Kanataka on EPC mode.,517,0.0,105.04,75,30/12/2025,30/08/2026,01/01/2021,-100.0,20.317214700193425,March_2026
956,Roads & Highways,Ministry of Road Transport & Highways,MoRTH,617945,Balance work of NH-66 from design Km 84/00 to Km 87/100 Indapur Bypass and Km 91/600 to Km 99/100 Mangaon Bypass to four lane with paved shoulder in State of Maharashtra under NHO on EPC Mode.,354,0.0,0.0,47,08/04/2027,08/04/2027,23/03/2025,-100.0,0.0,March_2026
957,Roads & Highways,Ministry of Road Transport & Highways,National Highways Authority of India [NHAI],618819,Balance work of Panikoili Rimoli Section of new NH-20 from Km 0.00 to Km. 163.000,183,200.79,89.36,99,11/03/2022,10/07/2022,08/09/2020,9.72131147540983,48.830601092896174,March_2026
958,Roads & Highways,Ministry of Road Transport & Highways,MoRTH,618198,Balance work of Rehabilitation and Up-gradation to 2-lane road with paved shoulders configuration for NH- 965DD from Pacharal-Mandangad-Mhapral-Rajewadi Upto Junction of NH-66 Ch-22700 to 75100 Km and Ambadave connector Birth place of Dr. Babasaheb Ambedkar Ch-0000 to 7325 Km length Km 59.725 in the state of Maharashtra on EPC mode. Balance Work,389,341.69,0.0,93,04/01/2024,30/06/2026,27/03/2018,-12.161953727506427,0.0,March_2026
959,Roads & Highways,Ministry of Road Transport & Highways,MoRTH,618235,Balance work of Rehabilitation and Up-gradation to 4-Lane configuration of Ras-Beawar Section Km 00.000 to km 30.050 of NH-158 in the State of Rajasthan under Green National Highway Corridor Project GNHCP.,278,0.0,28.44,37,27/12/2026,27/12/2026,10/01/2025,-100.0,10.23021582733813,March_2026
960,Roads & Highways,Ministry of Road Transport & Highways,National Highways Authority of India [NHAI],618593,Balance work of Rehabilitation and Upgradation to four laning of Baharagora Singhara section of NH-49 from Km.229.727 to Km.238.990 Length 9.263 Km. including construction of five nos. of Elephant Underpasses EUP and fourteen nos. of Animal Underpasses AUP inside the buffer zone of Similipal Tiger Reserve Area in Bangriposi Ghat section in the State of Odisha on EPC Mode,263,163.07,8.76,8,22/11/2027,22/11/2027,21/03/2025,-37.99619771863118,3.3307984790874525,March_2026
961,Roads & Highways,Ministry of Road Transport & Highways,MoRTH,617954,Balance work of Rehabilitation and upgrading to 2lane/2lane with paved shoulder configuration and strengthening from from Km 343.80 to 400.33 of Gowribidanur-Chik Ballapur section in the state of Karnataka Under Annual Plan 2021-22 under EPC Mode.-952,398,0.0,211.59,93,23/02/2025,30/04/2026,31/03/2022,-100.0,53.163316582914575,March_2026
962,Roads & Highways,Ministry of Road Transport & Highways,National Highways Authority of India [NHAI],618507,"Balance work of Six Laning of Shamlaji-Motachiloda from Km. 401.200 to Km.494.410 section Design Chainage Km.447.385 to Km 540.595, Length- 93.210 Km of old NH-8 NH-48 in the state of Gujarat on single Percentage Item Rate Contract",467,501.48,432.48,84,06/06/2025,30/04/2026,07/06/2024,7.383297644539619,92.60813704496789,March_2026
963,Roads & Highways,Ministry of Road Transport & Highways,NHIDCL,618349,Balance work of Widening to 2 Two lane with hard shoulder of Churachandpur to Tuivai section of NH-102B from Design Chainage km 118850 to km 130000 Package-4A in the State of Manipur on EPC Mode,204,0.0,0.0,21,29/08/2026,29/08/2026,27/04/2020,-100.0,0.0,March_2026
964,Roads & Highways,Ministry of Road Transport & Highways,NHIDCL,618348,Balance work of Widening to 2 Two lane with hard shoulder of Churachandpur to Tuivai section of NH-102B from km 130.000 to km 141.029 Package-4B in the State of Manipur on EPC Mode,178,0.0,1.41,1,07/11/2026,07/11/2026,15/06/2020,-100.0,0.7921348314606742,March_2026
965,Roads & Highways,Ministry of Road Transport & Highways,National Highways Authority of India [NHAI],618898,Balance Works for Four laning of Vikravandi to Sethiyathope section from Km 0.0 to Km 65.96 of NH-45C in Tamil Nadu under NHDP Phase-IV on EPC mode,1163,834.46,138.72,22,24/06/2027,24/06/2027,22/01/2025,-28.2493551160791,11.927773000859846,March_2026
966,Roads & Highways,Ministry of Road Transport & Highways,National Highways Authority of India [NHAI],618522,Balance Works for six laning of Sriperumbudur to karaipettai section of NH-4 New NH-48 from 37000 Existing Km 37000 to Km 71015 Existing Km 71000 in Tamilnadu on EPC mode underNHDP Phase-V,411,411.16,75.77,28,27/10/2026,27/10/2026,07/06/2024,0.03892944038930049,18.435523114355227,March_2026
967,Roads & Highways,Ministry of Road Transport & Highways,National Highways Authority of India [NHAI],619160,Balance works in AP Portion and punch list items in TN & AP portion of NH-205,167,113.46,98.26,100,04/01/2025,05/01/2026,06/10/2022,-32.05988023952096,58.83832335329342,March_2026
968,Roads & Highways,Ministry of Road Transport & Highways,NHAI,618784,Balance works of 4 lane divided carriageway of Missing Link section of NH-39 Rewa Bypass from junction with NH 30 near Bela to Junction with MPRDC ring road near Silpara on SH 9 design length 13.100 km on EPC Mode under Bharatmala Pariyojana in the State of Madhya Pradesh,355,355.36,189.7,80,23/04/2026,23/04/2026,16/08/2023,0.1014084507042292,53.43661971830985,March_2026
969,Roads & Highways,Ministry of Road Transport & Highways,National Highways Authority of India [NHAI],618574,Balance Works of 4L of NH-31D from Km. 113.200 to Km. 154.854 Package-II A Ghoshpukur-Salsalabari Section,1818,962.31,443.7,55,01/06/2027,01/06/2027,14/11/2023,-47.06765676567657,24.405940594059405,March_2026
970,Roads & Highways,Ministry of Road Transport & Highways,National Highways Authority of India [NHAI],619222,"Balance works of four lane from km 43.950 Thiruvallur Bypass to km 61.470 Veppampattu Bypass passing through Thannerkulam, Thozur and Sevapet Bypass 17.520 kms of Tirupathi- Tiruttani- Chennai section of NH 205",468,699.68,443.83,98,20/09/2024,30/04/2026,08/03/2022,49.50427350427349,94.83547008547009,March_2026
971,Roads & Highways,Ministry of Road Transport & Highways,National Highways Authority of India [NHAI],619199,Bangalore Chennai Expressway Phase-II Pkg-I from km.71.000 to Km 96.000 Bethamangala in the state of Karnataka to Byreddypalli,1410,1410.01,240.02,98,09/10/2024,10/10/2022,04/12/2020,0.0007092198581553833,17.022695035460995,March_2026
972,Roads & Highways,Ministry of Road Transport & Highways,National Highways Authority of India [NHAI],618475,Bangalore Chennai Expressway Phase-II Pkg-II from km.96.000 to Km 127.000 Baireddypalle to Bangarupalem section,2548,2548.04,1079.25,90,07/06/2025,17/06/2026,19/02/2021,0.0015698587127144278,42.356750392464676,March_2026
973,Roads & Highways,Ministry of Road Transport & Highways,National Highways Authority of India [NHAI],618476,Bangalore Chennai Expressway Phase-II Pkg-III from km.127.000 to Km 156.000 Bangarupalem to Gudipala section,1407,1407.33,675.64,99,03/10/2024,10/04/2026,23/11/2020,0.02345415778251082,48.01990049751244,March_2026
974,Roads & Highways,Ministry of Road Transport & Highways,National Highways Authority of India [NHAI],618477,Bangalore Chennai Expressway Phase-III Package I Gudipala to Walajajhpet from Km 156.000 to Km 180.000,1482,1481.87,678.68,97,28/05/2024,30/04/2026,21/10/2020,-0.008771929824568767,45.794871794871796,March_2026
975,Roads & Highways,Ministry of Road Transport & Highways,National Highways Authority of India [NHAI],618478,Bangalore Chennai Expressway Phase-III Package II Walajahpet to Arakkonam from Km 180.000 to Km 204.500,1107,1106.65,538.86,93,14/07/2024,30/04/2026,08/01/2021,-0.03161698283648682,48.677506775067755,March_2026
976,Roads & Highways,Ministry of Road Transport & Highways,National Highways Authority of India [NHAI],618479,Bangalore Chennai Expressway Phase-III Package III Arakkonam to Kancheepuram from Km 204.500 to Km 230.000,1525,1525.1,353.88,54,29/07/2024,31/03/2027,08/12/2020,0.006557377049174364,23.205245901639344,March_2026
977,Roads & Highways,Ministry of Road Transport & Highways,National Highways Authority of India [NHAI],618519,Bangalore Ring Road STRR-NH-948A- Package-I of Phase-III from Belagondapalli TN to TN/KNT border from km 144.480 to 179.969,1261,1218.47,562.31,76,16/05/2025,30/09/2026,16/03/2022,-3.3727200634417107,44.592386994448844,March_2026
978,Roads & Highways,Ministry of Road Transport & Highways,National Highways Authority of India [NHAI],618706,Bangalore-Nidagatta Pkg. I,3496,4087.42,1375.0,99,09/11/2021,30/04/2026,13/02/2018,16.91704805491991,39.33066361556064,March_2026
979,Roads & Highways,Ministry of Road Transport & Highways,National Highways Authority of India [NHAI],619072,Bangalore/TN border to Hoskote,1182,1297.76,775.99,94,14/02/2025,31/07/2026,14/02/2022,9.793570219966158,65.65059221658206,March_2026
980,Roads & Highways,Ministry of Road Transport & Highways,National Highways Authority of India [NHAI],618863,Barhi-Koderma Section of NH31 km 0.00 - km 27.5,662,826.59,478.47,98,03/08/2024,30/04/2026,27/02/2017,24.86253776435046,72.27643504531723,March_2026
981,Roads & Highways,Ministry of Road Transport & Highways,National Highways Authority of India [NHAI],618533,Barwa Adda Km. 398.240 to Panagarh Km. 521.120,1560,1568.22,90.45,100,26/09/2016,08/04/2026,17/08/2010,0.5269230769230786,5.798076923076923,March_2026
982,Roads & Highways,Ministry of Road Transport & Highways,MoRTH,617887,Beawer Gomti 4LPS from km 58.245 to km 108.600 Pkg-I,379,0.0,179.11,99,13/10/2023,31/12/2025,02/12/2020,-100.0,47.258575197889186,March_2026
983,Roads & Highways,Ministry of Road Transport & Highways,National Highways Authority of India [NHAI],618799,Belakeri Port to Kumta - Sirsi road from km 0.00 - km 4.265 of Belekeri Port Road Link Rd. and km 4.965 - km 60.00 of SH-69,457,456.79,395.56,90,07/12/2022,04/05/2026,27/03/2018,-0.04595185995623185,86.55579868708972,March_2026
984,Roads & Highways,Ministry of Road Transport & Highways,National Highways Authority of India [NHAI],619164,Belgaum-Khanapur Pkg I Km 0.000-Km 30.800 of NH-4A,1214,1195.74,479.2,71,02/09/2021,31/03/2027,04/03/2018,-1.5041186161449747,39.47281713344316,March_2026
985,Roads & Highways,Ministry of Road Transport & Highways,MoRTH,617908,Bemetara Bypass NH 30,162,0.0,0.0,32,28/04/2027,28/04/2027,08/01/2024,-100.0,0.0,March_2026
986,Roads & Highways,Ministry of Road Transport & Highways,National Highways Authority of India [NHAI],618664,Berkhedi to Godpehra on NH-44 Sagar link road,525,471.31,333.98,78,03/11/2024,30/06/2026,03/02/2022,-10.226666666666667,63.615238095238105,March_2026
987,Roads & Highways,Ministry of Road Transport & Highways,National Highways Authority of India [NHAI],618523,Bhadrak KM 136.500 to Baleshwar KM 199.141,845,1394.82,495.58,91,15/09/2021,30/06/2026,27/11/2014,65.06745562130178,58.648520710059174,March_2026
988,Roads & Highways,Ministry of Road Transport & Highways,National Highways Authority of India [NHAI],618925,Bijnor-Kotawali,301,334.48,247.27,97,02/05/2023,30/04/2026,25/02/2021,11.122923588039873,82.14950166112958,March_2026
989,Roads & Highways,Ministry of Road Transport & Highways,National Highways Authority of India [NHAI],618572,Binnaguri Bypass-Descoped portion of Ghoshpukur-Dhupguri Section of NH-31Dpkg-1,310,306.02,0.15,1,06/11/2027,06/11/2027,21/03/2025,-1.2838709677419413,0.04838709677419355,March_2026
990,Roads & Highways,Ministry of Road Transport & Highways,National Highways Authority of India [NHAI],618693,Bodhre - Dhule,1345,1292.7,767.85,98,27/07/2024,31/05/2026,03/02/2021,-3.888475836431223,57.08921933085502,March_2026
991,Roads & Highways,Ministry of Road Transport & Highways,National Highways Authority of India [NHAI],618825,Bridge over Ganga River at d/s of Farraka Barrage including Approaches connecting Farakka-Raiganj,622,646.1,339.47,96,18/12/2021,30/04/2026,09/08/2018,3.8745980707395535,54.57717041800644,March_2026
992,Roads & Highways,Ministry of Road Transport & Highways,National Highways Authority of India [NHAI],619150,BRT Tiger Reserve Boundary Km.287.500 to Bangalore Section Km.458.420 of NH-209 in Karnataka,2083,2859.93,718.08,100,20/08/2019,31/05/2026,07/04/2016,37.29860777724435,34.47335573691791,March_2026
993,Roads & Highways,Ministry of Road Transport & Highways,National Highways Authority of India [NHAI],618619,Bypass on Western side of Gwalior City,999,0.0,15.92,0,12/01/2028,12/01/2028,30/03/2025,-100.0,1.5935935935935934,March_2026
994,Roads & Highways,Ministry of Road Transport & Highways,National Highways Authority of India [NHAI],618652,Chakur Loha Section of NH-361 from km 114.600 to km 187.80,1241,3342.11,785.13,100,24/03/2021,21/02/2024,01/03/2018,169.30781627719583,63.265914585012084,March_2026
995,Roads & Highways,Ministry of Road Transport & Highways,National Highways Authority of India [NHAI],618698,Challakere to Hariyur section from km 358.500 to km 414.205 of NH-150 A,1168,1873.58,843.6,100,24/01/2023,30/06/2025,24/03/2018,60.40924657534246,72.22602739726027,March_2026
996,Roads & Highways,Ministry of Road Transport & Highways,National Highways Authority of India [NHAI],619086,Chengapalli km 102.035 to Neelambur Km144.680 and Madukkarai Km 170.880 to Walayar K183.010 Package No. NS-2/BOT/TN-08,852,285.55,5.01,100,07/03/2013,30/04/2026,18/10/2009,-66.48474178403757,0.5880281690140845,March_2026
997,Roads & Highways,Ministry of Road Transport & Highways,National Highways Authority of India [NHAI],618904,Chhapra - Hajipur from km. 143.200 to km. 209.200,2128,2171.6,98.07,90,24/07/2013,30/04/2026,05/07/2010,2.0488721804511236,4.608552631578947,March_2026
998,Roads & Highways,Ministry of Road Transport & Highways,MoRTH,618209,Construction & up gradation of existing road to 2-Lane with paved shoulder from existing chainage km 468000 to km 489350 Design Chainage km 465150 to km 471500 of NH-07 Old NH-58 including Joshimath bypass on EPC mode in the state of Uttarakhand Length 6.35 km,259,0.0,0.0,36,13/09/2025,27/08/2027,15/03/2022,-100.0,0.0,March_2026
999,Roads & Highways,Ministry of Road Transport & Highways,NHIDCL,618449,Construction & Upgradation of existing road to 2-lane with paved shoulder from km27.200 End of Rongli bypass to km37.600New Rolep Bridge of Rhenok-Menla spur NH-717B on EPC Mode under SARDP-NE Phase-A in Sikkim Pkg-II B,230,244.91,0.0,80,15/04/2023,30/06/2026,09/07/2020,6.482608695652173,0.0,March_2026
1000,Roads & Highways,Ministry of Road Transport & Highways,NHIDCL,618446,Construction & Upgradation of existing road to 2-lane with paved shoulder from New Rolep Bridge at km 37.600 to Chochenpheri at km 52.00 in the section of Rongli to Chochenpheri of NH 717B Pkg-II C,493,478.79,0.0,77,23/05/2024,30/06/2026,07/10/2020,-2.8823529411764666,0.0,March_2026
1001,Roads & Highways,Ministry of Road Transport & Highways,NHIDCL,618427,Construction & upgradation of existing road to 2-lane with paved shoulder including geometric improvement of Kafer- Lava More section from km 40.00 to km 61.100 of NH717-A on EPC under SARDP-NE A in state of West Bengal Pkg-VA,311,273.78,6.11,95,05/04/2023,22/05/2026,25/06/2020,-11.967845659163997,1.9646302250803862,March_2026
1002,Roads & Highways,Ministry of Road Transport & Highways,NHIDCL,618429,Construction & upgradation of existing road to 2-lane with paved shoulder including geometric improvement of sect. from Pedong bypass to Reshi Border km 79.700 to km 96.254 of NH-717A under SARDP-NE-A on EPC as part of Alternate connectivity to Gangtok Lava More-Reshi Border Pkg-VB,345,395.59,395.8,94,17/04/2022,15/05/2026,29/06/2020,14.663768115942021,114.72463768115941,March_2026
1003,Roads & Highways,Ministry of Road Transport & Highways,NHIDCL,618396,Construction & Upgradation to 2 lane with paved shoulder from Design Km. 31.449 Khellani Ex. Km 44.946 to Km 51.700 Prem Nagar Ex. Km 68617 of 20.251 Km length on Khellani - Kishtwar - Chattroo section of NH-244 in the UT of J&K on EPC Mode under NHO-Gen PKG- 1,486,0.0,0.0,0,28/08/2022,02/10/2024,02/02/2021,-100.0,0.0,March_2026
1004,Roads & Highways,Ministry of Road Transport & Highways,NHIDCL,618395,"Construction & Upgradation to 2-lane with paved shoulder from Design Ch. Km 51700 at Premnagar km 66315 to Km 66535 New Thatri at Start of Km 83rd, Tunnel Km 82665 of 14.835 Km design length on Chenani-Sudhmahadev-Goha Khellani-Kishtwar-Vailoo Donipawa-Ashajipora section of NH-244 in the UT of J&K on EPC Mode under NHO-Gen Pkg - 2",512,0.0,155.69,53,24/02/2023,31/10/2026,30/03/2021,-100.0,30.408203125,March_2026
1005,Roads & Highways,Ministry of Road Transport & Highways,NHIDCL,618400,Construction & Upgradation to 2-lane with paved shoulder from Design Km 67.805 at the end of Km 83rd Tunnel near Dhrabshalla Ex. Km 83905 to Km 80.675 start of Kishtwar Bypass - Dulhasti Ex. Km 970751 of 12.870 Km length on chenani-Sudhmahadev-Goha Khellani-Kishtwar-vailoo-Donipawa-Ashajipora seition of NH-244 in the UT of J&K on EPC Mode under NHO-Gen Pkg-3,399,0.0,99.35,99,31/12/2022,31/08/2025,30/03/2021,-100.0,24.899749373433583,March_2026
1006,Roads & Highways,Ministry of Road Transport & Highways,MoRTH,617968,Construction & Widening Including Augustmuni Bypass Ch-16.545 to Ch - 19.890 to 2L/PS from Km 16.545-Km 33.130 & 45.980 -57.975 Augustmuni to Kund & Guptkashi to Sitapur on NH 109 in UK,419,0.0,422.72,95,16/02/2020,15/03/2024,20/03/2017,-100.0,100.88782816229119,March_2026
1007,Roads & Highways,Ministry of Road Transport & Highways,NHIDCL,618289,Construction and up gradation to 4-Lane of existing two lane with paved shoulder from Hapachara to Tulungia road of NH-117 of existing Km 0.00 to km 14.050 and Design Km 0.000 to km 14.660 under BMP on EPC mode,225,0.0,204.31,98,26/12/2022,31/03/2026,17/03/2020,-100.0,90.80444444444444,March_2026
1008,Roads & Highways,Ministry of Road Transport & Highways,MoRTH,618208,Construction and upgradation of existing road to 2-lane with paved shoulder from existing chainage Km 509.725 to Km 528.000 design chainage Km 490.550 to Km 507.850 of NH-58 new NH-07 Benakuli bend to Mana Village in EPC mode under Chardham Programme in the State of Uttarakhand.,180,0.0,0.0,95,30/10/2021,,14/02/2019,-100.0,0.0,March_2026
1009,Roads & Highways,Ministry of Road Transport & Highways,NHIDCL,618393,"Construction for Mitigation Measures of 10 Nos. Landslides, 01 No. Sinking Zones and 1 No. of Minor Bridge in between at Ch. Km 368.00 to Km 433.00 on NH-07 on EPC Mode in Uttarakhand Package-1",217,0.0,107.69,96,05/12/2025,,07/12/2023,-100.0,49.626728110599075,March_2026
1010,Roads & Highways,Ministry of Road Transport & Highways,NHIDCL,618391,"Construction for Mitigation Measures of 5 Nos. Landslides, 05 No. Sinking Zones and 01 No. Bridge from Ch. 450.00 to Ch. 468.00 18 Km. Length on NH-07 Package-III",250,0.0,0.0,81,05/12/2025,31/12/2026,07/12/2023,-100.0,0.0,March_2026
1011,Roads & Highways,Ministry of Road Transport & Highways,NHIDCL,618392,"Construction for Mitigation Measures of 5 Nos. Landslides, 5 Nos. Sinking Zones in between Ch. 433.00 to 450.00 BANERPANI VILLAGE on NH-07 on EPC mode in the state of Uttarakhand Package-2",260,0.0,0.0,53,08/06/2026,08/06/2026,07/12/2023,-100.0,0.0,March_2026
1012,Roads & Highways,Ministry of Road Transport & Highways,MoRTH,617923,Construction of Daspalla Bypass from km 195.250 To 200.635 of NH-57 including land acquisition in the state of Odisha on EPC mode under Annual Plan 2022-23.,156,0.0,36.6,18,16/05/2027,16/05/2027,28/02/2023,-100.0,23.46153846153846,March_2026
1013,Roads & Highways,Ministry of Road Transport & Highways,NHIDCL,618356,Construction of 2 -Lane with paved shoulders road from Tamenglong to Mahur in the state of Manipur from km 31.430 at Old Tamenglong to km 43.480 ending near Phelong on EPC Mode Package-3,234,0.0,196.29,100,20/12/2022,31/12/2025,30/03/2021,-100.0,83.88461538461539,March_2026
1014,Roads & Highways,Ministry of Road Transport & Highways,NHIDCL,618357,Construction of 2 -Lane with paved shoulders road from Tamenglong to Mahur NH-137 in Manipur starting from km 54.180 near Azuram to km 80.630 near Mandeu on EPC Mode Package 5,478,0.0,330.1,85,19/05/2023,31/01/2026,09/09/2021,-100.0,69.05857740585775,March_2026
1015,Roads & Highways,Ministry of Road Transport & Highways,NHIDCL,618358,Construction of 2 -Lane with paved shoulders road from Tamenglong to Mahur NH-137 starting from km 80.630 near Mandeu to km 96.870 near Jiri River on EPC Mode Package-6,311,0.0,230.69,85,20/05/2023,31/12/2025,13/09/2021,-100.0,74.17684887459806,March_2026
1016,Roads & Highways,Ministry of Road Transport & Highways,MoRTH,618034,Construction of 2 lane Barpeta Bypass from Km 77900Baradi to Km 86150 Deurikuchi Length8.25Km on NH-427 in the state of Assam under EPC ModeJob No.427/AS/2022-23/245,174,0.0,8.07,20,14/08/2026,13/08/2026,28/03/2023,-100.0,4.637931034482759,March_2026
1017,Roads & Highways,Ministry of Road Transport & Highways,MoRTH,618160,"Construction of 2 lane Major Bridge including approaches over Brahmaputra between Majuli on North Bank and Jorhat on South Bank from km. 11.690 to km. 19.715 length of bridge 6,812.5m Package - II on NH-715K in the state of Assam Job no. 715/AS/2020-21/213",1019,0.0,0.0,0,10/12/2027,10/12/2027,29/03/2025,-100.0,0.0,March_2026
1018,Roads & Highways,Ministry of Road Transport & Highways,MoRTH,618200,Construction of 2 lane with Paved Shoulder for Northern Bypass Phase-II of Kota city in the State of Rajasthan.,318,0.0,6.06,37,14/04/2025,06/02/2027,31/03/2022,-100.0,1.9056603773584904,March_2026
1019,Roads & Highways,Ministry of Road Transport & Highways,MoRTH,618011,Construction of 2 lane with paved shoulder for the work of Development of remaining sections of NH-325 Balotra to sanderao via Jalore to 2 lane with paved shoulder configuration by Construction of Byasses for town portions1 Asotra- Brahmdham bypass 2Siwana Bypass 3 Mokalsar Bypass 4 Major realignment at Kathadi 5 Major realignment at Bishangarh 6 Jalore Bypass 7 Ahore Town portion 8 Dujana Bypass in the state of Rajasthan on EPC Mode,411,0.0,66.63,88,11/05/2024,31/05/2026,07/12/2021,-100.0,16.21167883211679,March_2026
1020,Roads & Highways,Ministry of Road Transport & Highways,MoRTH,618184,Construction of 2 Lane with paved shoulder from km 55.6 to km 90.7 existing chainages of NH-766C complete Realignment of 13.76 km with 2 major Bridges across Sharavathi Backwaters on EPC mode under Annual Plan 2022-23 in the state of Karnataka NH-766C-KNT-2022-23 dated 14.10.2022,314,0.0,0.0,47,12/02/2026,21/12/2027,12/01/2023,-100.0,0.0,March_2026
1021,Roads & Highways,Ministry of Road Transport & Highways,MoRTH,617929,Construction of 2 lane with paved shoulder of Kund Bypass from Design Km 35.130 to Km 47.700 existing Km 33.130 to Km 41.260 of NH-109 in the State of Uttarakhand,247,0.0,110.98,74,06/05/2020,31/12/2026,26/02/2018,-100.0,44.931174089068826,March_2026
1022,Roads & Highways,Ministry of Road Transport & Highways,NHIDCL,618420,"Construction of 2 lane with paved shoulder of Shillong Western Bypass starting from NH-06 near Ladumsaw existing km 60.900 of old NH-40 to NH-106 old NH-44E, Package-II km 12800 to km 24700 under SARDP-NE Phase A in the State of Meghalaya on EPC Mode",686,0.0,228.79,47,01/09/2026,02/09/2026,16/03/2023,-100.0,33.35131195335277,March_2026
1023,Roads & Highways,Ministry of Road Transport & Highways,MoRTH,618202,Construction of 2 lane with paved shoulders Baramulla Bypass Greenfield bypass from existing Ch. Km 47020 to Km 56720 and Design Ch. From 48500 to 62600 Total length 14.100 km on road Srinagar Baramulla Uri NH-01 in the UT of Jammu & Kashmir under Project.Package-III,992,0.0,34.01,40,01/09/2026,,22/03/2023,-100.0,3.428427419354838,March_2026
1024,Roads & Highways,Ministry of Road Transport & Highways,NHIDCL,618413,Construction of 2 laning with Hard shoulder of Peren-Dimapur section on NH 129A from Design Km 146.208 to Km 163.592 Length- 17.384 km in the state of Nagaland on EPC mode under NHO-TSP Package-III,178,199.02,0.0,91,06/06/2025,06/06/2026,11/02/2021,11.80898876404495,0.0,March_2026
1025,Roads & Highways,Ministry of Road Transport & Highways,MoRTH,618127,Construction of 2- Lane with paved shoulder from km 56.45 Dharampur More to 93.050 Pakur of NH-333A in the State of Jharkhand on EPC mode,256,0.0,0.0,6,03/05/2027,03/05/2027,27/03/2023,-100.0,0.0,March_2026
1026,Roads & Highways,Ministry of Road Transport & Highways,NHIDCL,618324,Construction of 2-lane Aizawl Bypass from km 15.200 to km 34.500 Package-3 on Sairang - Phaibawk section of NH-6 in the State of Mizoram under Bharatmala Pariyojna on EPC Mode under NHO-NE,721,0.0,0.0,15,10/11/2028,,28/02/2023,-100.0,0.0,March_2026
1027,Roads & Highways,Ministry of Road Transport & Highways,MoRTH,617892,Construction of 2-lane road of Potin to Pangin section of NH-13 from Km 163.59 to Km 206.66 Package-5 on EPC Mode in the State of Arunachal Pradesh under Arunachal Pradesh Package of Roads and Highways of SARDP-NE [Job No SARDP-NE/P-P/Pkg-A/NH-13/Ar.Pr./PWD/2018-19/116],451,0.0,308.61,97,18/11/2023,31/05/2026,01/03/2019,-100.0,68.4279379157428,March_2026
1028,Roads & Highways,Ministry of Road Transport & Highways,NHIDCL,618297,Construction of 2-lane with hard shoulder of Kohima - Jessami road on NH-29 Old NH-150 from existing Km 30.474 Near Kidwema road Chakahabama to existing Km 53.220 Near Kikruma Village Design Km 29.60 to Km 51.50 Design length-21.90 Km in the state of Nagaland Under Bharatmala Pariyojna on EPC Mode under NHO Package-II -Balance work,356,0.0,0.0,40,04/01/2026,31/12/2026,11/03/2020,-100.0,0.0,March_2026
1029,Roads & Highways,Ministry of Road Transport & Highways,NHIDCL,618423,Construction of 2-Lane with hard shoulders of Merangkong-Tamlu-Mon MTM Road from existing Km 20.456 to Km 41.065 Design Km. 20 to Km. 40.0 Design Length-20.000 Km in the State of Nagaland under SARDP-NE Phase-A Pkg-2 Balance work,216,0.0,28.64,100,21/08/2025,13/03/2026,22/03/2018,-100.0,13.25925925925926,March_2026
1030,Roads & Highways,Ministry of Road Transport & Highways,NHIDCL,619059,Construction of 2-Lane with hard shoulders of Merangkong-Tamlu-Mon Road on EPC Basis from existing road Km. 76.640 to Km 98.065 Design chainage Km. 63.800 to Km. 86.835 Design Length-23.035 Km in the state of Nagaland under SARDP-NE PKG-IV Balance work,324,0.0,70.46,75,10/09/2025,31/12/2026,22/03/2018,-100.0,21.74691358024691,March_2026
1031,Roads & Highways,Ministry of Road Transport & Highways,NHIDCL,618422,"Construction of 2-lane with hard shoulders of Merangkong-Tamlu-Mon road Wakching Twon portion on EPC basis from existing Chainage Km 59000 to Km 73640 [Design Km. 59000 to Km, 72450] Design length - 13.450 Km under SARDP-NE package-V Balance work",162,0.0,14.12,100,07/09/2025,23/04/2026,31/03/2021,-100.0,8.716049382716049,March_2026
1032,Roads & Highways,Ministry of Road Transport & Highways,NHIDCL,618290,"Construction of 2-lane with Paved shoulder of Kohima- Bypass Road Connecting NH-39New NH-02, NH-150New NH-02, NH-61New NH-29, NH-39New NH-02 from Design Km 32.00 to Design Km 43.454Design Length-11.454 Km in the State of Nagaland under SARDP-NE on EPC Mode Package-IV",202,0.0,94.2,46,17/04/2022,31/12/2026,31/07/2020,-100.0,46.633663366336634,March_2026
1033,Roads & Highways,Ministry of Road Transport & Highways,NHIDCL,618292,Construction of 2-Lane with paved shoulder of Kohima-Bypass Road connecting New NH-02 and New NH-29 from Design Km 10.500 to design Km 21.000 [Design Length- 10.500 km] including TUNNEL of 500m at Ch. 11.000 in the state of Nagaland Under SARDP-NE on EPC Mode Package-2,277,0.0,192.45,70,15/10/2022,30/06/2026,07/07/2020,-100.0,69.47653429602887,March_2026
1034,Roads & Highways,Ministry of Road Transport & Highways,NHIDCL,618291,"Construction of 2-lane with Paved shoulder of Kohima-Bypass Road connecting NH- 39 New NH-02, NH150New NH-02, NH7-61 New NH-29 and NH-39 New NH-02 from Design km 21.000 to km 32.268 [Design length11.268 km] in the state of Nagaland Under SARDP-NE on EPC Mode Package- 3",160,342.29,84.22,37,15/06/2025,31/12/2026,31/07/2020,113.93125000000002,52.6375,March_2026
1035,Roads & Highways,Ministry of Road Transport & Highways,NHIDCL,618293,"Construction of 2-Lane with paved shoulder of Kohima-Bypass Road connecting NH-39New NH-02, NH-150New NH-02, NH-61New NH-29 and NH-39New NH-02 from design Km 0.00 to Km 10.500 in the State of Nagaland under SARDP-NE on EPC Mode Package-1 -Balance work",232,350.88,12.48,26,08/11/2026,08/11/2026,07/07/2020,51.241379310344826,5.379310344827586,March_2026
1036,Roads & Highways,Ministry of Road Transport & Highways,NHIDCL,618421,"Construction of 2-Lane with paved shoulder of Shillong Western Bypass starting from NH-06 near Ladumsaw Existing km 60.900 of old NH-40 to NH106 old NH-44E, km 0000 to km 12800 Package-I under SARDP-NE PHASE A in the State of Meghalaya on EPC Mode Greenfield alignment",620,0.0,215.93,69,01/09/2026,02/09/2026,07/03/2023,-100.0,34.82741935483871,March_2026
1037,Roads & Highways,Ministry of Road Transport & Highways,NHIDCL,618419,"Construction of 2-Lane with paved shoulders of Shillong Western Bypass starting from NH-06 near Ladumsaw existing Km 60.900 of old NH40 to NH106 old NH 44E Package-III, from km 24700 to km 38256 under SARDP-NE PHASE A in the state of Meghalaya on EPC Mode Greenfield alignment",562,0.0,85.88,51,01/09/2026,02/09/2026,13/03/2023,-100.0,15.281138790035588,March_2026
1038,Roads & Highways,Ministry of Road Transport & Highways,NHIDCL,618363,Construction of 2-laning with hard shoulder configuration of Chhumkhum to Tlabung from Design Chainage Km 37.420 to Km 74.950 of NH-302 in Mizoram under Bharatmala Pariyojana on EPC mode [Pkg-B],741,0.0,430.45,61,09/01/2023,31/12/2026,28/06/2021,-100.0,58.09041835357625,March_2026
1039,Roads & Highways,Ministry of Road Transport & Highways,NHIDCL,618362,Construction of 2-laning with hard shoulder of Lunglei to Chhumkhum from Design Chainage Km 0.000 to Km 37.420 of NH-302 [Lunglei-Tlabung] Package-A,698,0.0,556.91,65,30/12/2022,30/06/2026,30/03/2021,-100.0,79.78653295128939,March_2026
1040,Roads & Highways,Ministry of Road Transport & Highways,NHIDCL,618387,Construction of 2-laning with Hard shoulder of Ukhrul Tolloi - Tadubi section of NH-102A from Design Chainage km 9450 to km 50850 in the State of Manipur on EPC mode under NHO-NE Package-2,579,0.0,249.29,80,01/03/2026,30/04/2026,07/03/2023,-100.0,43.05526770293609,March_2026
1041,Roads & Highways,Ministry of Road Transport & Highways,NHIDCL,618388,Construction of 2-laning with Hard shoulder road of Ukhrul - Tolloi - Tadubi section of NH-102A from Design Chainage 50.850 km to 81.870 km in the State of Manipur on EPC mode under NHO-TSP Package -3,316,0.0,227.98,91,20/01/2025,31/07/2026,09/09/2021,-100.0,72.14556962025316,March_2026
1042,Roads & Highways,Ministry of Road Transport & Highways,NHIDCL,618389,Construction of 2-laning with Hard shoulder road of Ukhrul - Tolloi - Tadubi section of NH-102A from Design Chainage 81.870 km to 105.825 km in the State of Manipur on EPC mode under NHO-TSP Package -4,311,0.0,247.28,97,28/02/2024,30/04/2026,07/09/2021,-100.0,79.51125401929261,March_2026
1043,Roads & Highways,Ministry of Road Transport & Highways,NHIDCL,618445,Construction of 2-Laning with hard shoulders of Demwe-Brahmakund section of NH-13 from Ch.0.00 km to 18.464 km on EPC under SARDP-NE NHO-NE -Balance Work,354,0.0,0.0,18,18/12/2027,18/12/2027,19/08/2020,-100.0,0.0,March_2026
1044,Roads & Highways,Ministry of Road Transport & Highways,NHIDCL,618448,Construction of 2-Laning with Paved Shoulder of New Greenfield Alignment From Chochenpheri at Km 52000 to Helipad near Menla at Km 82000 of Rhenock-Menla Spur NH-717B Package-IIIA on EPC Basis under SARDP-NE Phase 'A' in the State of Sikkim.,817,786.6,32.28,61,09/12/2023,31/10/2026,07/10/2020,-3.720930232558137,3.951040391676867,March_2026
1045,Roads & Highways,Ministry of Road Transport & Highways,NHIDCL,618447,Construction of 2-Laning with Paved Shoulder of New Greenfield Alignment From Helipad near Menla at Km 82000 to Menla at Km 94030 of Rhenock-Menla Spur NH-717B Package-IIIB on EPC Basis under SARDP-NE Phase 'A' in the State of Sikkim.,411,379.3,0.0,82,24/02/2024,31/05/2026,18/01/2021,-7.712895377128951,0.0,March_2026
1046,Roads & Highways,Ministry of Road Transport & Highways,National Highways Authority of India [NHAI],618556,"Construction of 26 VUPs, Major Bridge, Service Road etc. on Lalitpur-Sagar-Lakhnadon section of NH-44 NS",666,665.91,482.76,93,05/03/2026,30/04/2026,01/02/2023,-0.013513513513518292,72.48648648648648,March_2026
1047,Roads & Highways,Ministry of Road Transport & Highways,NHAI,619293,Construction of 4 Lane Access Controlled Bypass for Dehradun on NH307 from Design Chainage km 0050 Jhajra on NH-07 to Design Chainage km 12220 Asharori on EPC Mode in the State of Uttarakhand under NHO,716,337.11,115.32,43,23/04/2027,23/04/2027,07/12/2023,-52.91759776536312,16.106145251396647,March_2026
1048,Roads & Highways,Ministry of Road Transport & Highways,MoRTH,617917,"Construction of 4 Lane Flyover at Nagpur RTO Chowk To Nagpur University Campus from Ch 2/250 to 5/100 and 4 lane flyover at wadi/midc junction from km 8/360 to km, 10/300 on NH 53 in state of Maharashtra.",479,490.52,0.0,95,01/03/2024,02/04/2025,31/03/2021,2.4050104384133575,0.0,March_2026
1049,Roads & Highways,Ministry of Road Transport & Highways,MoRTH,617896,"Construction of 4 lane Gauripur Bypass Starting bfrom Km 852.56 of NH-31Dumardoha Pt-II and Terminating at Km 862.17 Baladmara via. Khudimari Pt.- II, Fulkumari, Charaldanga, Sajuakuti,Geramari Pt.-III and finally meeting at km 862.17 of NH-17New/ NH-31Old in the State of Assam under EPC Mode Job no. 31/AS/ 2023-24/265",421,0.0,0.0,17,24/10/2026,24/10/2026,15/03/2024,-100.0,0.0,March_2026
1050,Roads & Highways,Ministry of Road Transport & Highways,MoRTH,618247,Construction of 4 lane Mirzapur bypass including bridge over river Ganga from km 0.000 to km 15.000 of NH 135A in the State of Uttar Pradesh on HAM Mode.,1709,0.0,0.0,2,17/01/2029,17/01/2029,07/03/2024,-100.0,0.0,March_2026
1051,Roads & Highways,Ministry of Road Transport & Highways,MoRTH,617969,Construction of 4 Lane ROB and its approaches at the level crossing LC No 29 B of Km 29 Ekangarsarai at NH 110 New NH 33 & Railway Km 32.63 at Fatwa FUT Islampur IPR section in the state of Bihar on EPC mode.,201,0.0,0.01,52,19/07/2026,19/07/2026,11/03/2023,-100.0,0.004975124378109453,March_2026
1052,Roads & Highways,Ministry of Road Transport & Highways,MoRTH,617905,Construction of 4 lane ROB with approaches in lieu of LC No. RV-172 at km 176.00 of NH-201 present NH-26 at Kesinga including land acquisition in the state of Odisha on EPC mode under Annual Plan 2021-22,324,0.0,84.57,70,08/05/2025,31/10/2026,30/12/2021,-100.0,26.101851851851848,March_2026
1053,Roads & Highways,Ministry of Road Transport & Highways,MoRTH,618205,"Construction of 4 lane with paved shoulder from Existing Ch. 14200 to 24320 Design Ch. 14200 to 24400, Ch. 33760 to 42780 Design Ch. 35300 to 44294 & Ch. 43440 to 47020 Design Ch. 44958 to 48500 Delina Flyover including construction of flyover length 1.704 km of total length 22.736 kms in AOR of 760 BRTF on road SRINAGAR BARAMULA URI NH-01 in the UT of Jammu & Kashmir under project BEACON, Border Roads Organization BRO Package-IJob No NH-1-J&K-2022-23-110",823,0.0,262.57,82,24/08/2025,31/08/2026,29/06/2022,-100.0,31.904009720534628,March_2026
1054,Roads & Highways,Ministry of Road Transport & Highways,MoRTH,618203,"Construction of 4 lane with paved shoulder Pattan bypass Greenfield bypass from existing Ch. Km 24320 to Km 33760 and Design Ch. from Km 24400 to Km 35300, total length 10.900 km on road SrinagarBaramulla Uri NH-01 in the UT of Jammu & Kashmir under Project BEACON, Border Roads Organization BRO on EPC mode. Package-II",980,0.0,0.27,50,31/07/2026,,22/03/2023,-100.0,0.02755102040816327,March_2026
1055,Roads & Highways,Ministry of Road Transport & Highways,MoRTH,617919,Construction of 4 Nos Grade separtor between km. 281.000 to km. 307.600 km. 286.400 kumhari km. 299.000 Transport Nagar km. 302.000 Power House km. 304.000 Chandra Moura Chowk to km. 305.000 supeia of NH-53 old NH-06 Raipur -Durg 4 Lane on EPC mode in the state of chhattisgarh job NO. NH-53old NH-06 CG-2017-18-56,349,0.0,0.0,98,27/01/2021,31/08/2025,22/03/2018,-100.0,0.0,March_2026
1056,Roads & Highways,Ministry of Road Transport & Highways,NHIDCL,619057,Construction of 4-Lane Badarpur Bypass from Design Chainage km 27300 at crossing with NH-6 Old NH-44 Near Siddeswar Pt.-I Village to Design Chainage km 38600 on NH-37 Old NH-44 at Kandigram Chaita Village on Silchar - Churaibari stretch in the State of Assam on EPC Mode under Bharatmala Pariyojana in Economic Corridors Silchar- Churaibari Pkg-3,574,0.0,316.32,71,09/08/2026,10/08/2026,28/02/2023,-100.0,55.10801393728223,March_2026
1057,Roads & Highways,Ministry of Road Transport & Highways,NHIDCL,618373,"Construction of 4-Lane Bridge including approaches over River Brahmaputra between Dhubri on North Bank,Assam and Phulbari on south Bank,Meghalaya on NH-127B under JICA ODA Loan assistance Phase-III",4997,0.0,2808.4,74,12/09/2028,12/09/2028,06/05/2019,-100.0,56.20172103261958,March_2026
1058,Roads & Highways,Ministry of Road Transport & Highways,National Highways Authority of India [NHAI],619142,Construction of 4-lane connectivity to Banbasa ICP at India Nepal border from NH-09 old NH-125 Sitarganj-Tanakpur at Km 40.00 near Jagbuda bridge under Bharatmala Priyojana of NH-109D on EPC mode in the State of Uttarakhand,217,237.01,152.33,75,01/09/2024,11/04/2027,17/06/2022,9.221198156682023,70.19815668202766,March_2026
1059,Roads & Highways,Ministry of Road Transport & Highways,MoRTH,618001,"Construction of 4-lane flyover at Amberpet-X road, Hyderabad on NH-202 in the State of Telangana",217,265.88,154.05,92,28/06/2023,10/02/2026,08/05/2018,22.525345622119815,70.99078341013826,March_2026
1060,Roads & Highways,Ministry of Road Transport & Highways,MoRTH,618166,Construction of 4-lane green field highway from Km. 35.000 to Km. 49.155 of NH-731A with paved shoulders on Hybrid Annuity Mode in the state of Uttar Pradesh,698,0.0,0.04,99,29/10/2025,30/04/2026,06/01/2022,-100.0,0.005730659025787966,March_2026
1061,Roads & Highways,Ministry of Road Transport & Highways,MoRTH,618165,Construction of 4-lane highway with paved shoulders from Km 49.155 to Km 74.700 of NH-731A on Hybrid Annuity Mode in the state of Uttar Pradesh,1157,0.0,0.0,92,31/01/2026,30/06/2026,08/01/2022,-100.0,0.0,March_2026
1062,Roads & Highways,Ministry of Road Transport & Highways,NHIDCL,618308,Construction of 4-Lane Panchgram Bypass from Design Chainage km 15500 on NH-37 Old NH-53 at Kalinagar Pt.-I Village to Design Chainage km 27300 at crossing with NH-6 Old NH-44 Near Siddeswar Pt.-I Village on Silchar - Churaibari stretch in the State of Assam on EPC Mode under Bharatmala Pariyojana in Economic Corridors Silchar- Churaibari Package-2,676,728.97,0.0,57,09/02/2027,09/02/2027,16/03/2023,7.835798816568051,0.0,March_2026
1063,Roads & Highways,Ministry of Road Transport & Highways,NHIDCL,618417,"Construction of 4-Lane with paved shoulder Agartala bypass Western side, length 25.402 km connecting NH-8 near Amtali to NH-108B near Lembuchhera in the state of Tripura on EPC basis under NHO-NE",2026,0.0,0.0,0,09/03/2027,,22/03/2023,-100.0,0.0,March_2026
1064,Roads & Highways,Ministry of Road Transport & Highways,NHIDCL,618320,Construction of 4-Laning of N. Kawnpui N. Mualvum Mualkhang via Khamrang Village section Package-7 of NH-6 from Existing Chainage km 127200 to km 142000 Design Chainage km 111850 to km 123400 on Silchar - Vairengte - Sairang road in the State of Mizoram on EPC mode,866,0.0,0.0,19,28/10/2028,,12/02/2024,-100.0,0.0,March_2026
1065,Roads & Highways,Ministry of Road Transport & Highways,NHIDCL,618321,Construction of 4-Laning of West Serawlg-Sairang section of NH-6 from Existing Chainage km 142000 to km 158900 Design Chainage km 123400 to km 136260 on Silchar - Vairengte - Sairang road in the State of Mizoram under Bharatmala Pariyojna on EPC mode under NHO-NE Package-8,876,0.0,0.0,14,01/11/2028,,12/02/2024,-100.0,0.0,March_2026
1066,Roads & Highways,Ministry of Road Transport & Highways,National Highways Authority of India [NHAI],618869,"Construction of 4/6 lane Highway of Southern Bareilly Bypass, starting at Ch. 237000 of NH 530 near Jhumka chauraha, Dhantiya village and ending at Ch. 267000 of NH 30 near Invertis University including Trumpet Interchange",1122,1869.59,52.15,5,23/06/2028,23/06/2028,18/12/2024,66.6301247771836,4.647950089126559,March_2026
1067,Roads & Highways,Ministry of Road Transport & Highways,NHIDCL,618330,Construction of 4/6 Laning from existing Km 159.400 of NH-36 to existing Km 102.500 of NH-39 and upto end point of Assam portion [Design Km 118.050 to design Km 132.375] Total New Alignment length of 14.325 Km of Daboka -Dimapur Section Dimapur Bypass in the state of Assam under SARDP-NE 'Phase-A' on EPC mode Assam Portion,511,0.0,647.21,100,25/11/2022,30/09/2025,09/03/2018,-100.0,126.65557729941293,March_2026
1068,Roads & Highways,Ministry of Road Transport & Highways,NHIDCL,618329,Construction of 4/6 Laning from Km 132.375 to Km 153.058 Total New Alignment length of 20.683 Km of Daboka-Dimapur Section Dimapur Bypass Nagaland Portion of NH-36 & 39 in the State of Nagaland on EPC basis under PhaseA of SARDP-NE,819,0.0,0.0,0,04/09/2020,28/02/2023,16/02/2017,-100.0,0.0,March_2026
1069,Roads & Highways,Ministry of Road Transport & Highways,National Highways Authority of India [NHAI],618500,Construction of 4L Connector from Delhi Meerut Expressway Km 50.000 of Pkg IV to Km 8.520 of NH-235 Pkg-5,1081,1116.19,410.98,76,29/03/2024,31/12/2025,06/09/2021,3.2553191489361755,38.01850138760407,March_2026
1070,Roads & Highways,Ministry of Road Transport & Highways,National Highways Authority of India [NHAI],618609,Construction of 4L Flyover from MES College Junction to Bogmalo Junction on NH-566 from Km. 7.106 to Km. 10.460 and 4L VUP at Queeny Nagar Junction from Km. 3.330 to Km. 4.550,463,316.28,79.19,38,31/07/2026,31/07/2026,18/01/2024,-31.68898488120951,17.103671706263498,March_2026
1071,Roads & Highways,Ministry of Road Transport & Highways,National Highways Authority of India [NHAI],618524,Construction of 6 lane elevated corridor including its approaches from Km. 629880 to Km. 634470 Design Chainage of NH-16 in Ranasthalam Town portion in the state of Andhra Pradesh on EPC Mode under NHO.,258,192.85,37.1,31,20/03/2027,20/03/2027,16/07/2024,-25.251937984496127,14.379844961240309,March_2026
1072,Roads & Highways,Ministry of Road Transport & Highways,MoRTH,617912,Construction of 6 lane flyover from Khapari ROB to Mihan Interchange design chainage km 8760 to 11450 L- 2.69 km and upgradation of existing 4L PS road to 6LPS with service road by flexible pavement design chainage km 11450 to 14500 L-3.05 [total project length 5.74 km] in section of Nagpur - Hyderabad NH-44 Old NH-7 in Nagpur district in the state of Maharashtra on HAM mode.,620,0.0,0.0,6,03/10/2027,02/10/2027,15/03/2024,-100.0,0.0,March_2026
1073,Roads & Highways,Ministry of Road Transport & Highways,National Highways Authority of India [NHAI],618932,Construction of 6 lane Indore western bypass from km 0000 to Km 34000 Pkg -l in the State of Madhya Pradesh on Hybrid Annuity Mode under NHO,1535,1472.68,180.48,6,31/12/2027,31/12/2027,28/02/2024,-4.059934853420192,11.757654723127036,March_2026
1074,Roads & Highways,Ministry of Road Transport & Highways,National Highways Authority of India [NHAI],618933,Construction of 6 lane Indore western bypass from km 34000 to Km 64000 Pkg-II in the state of Madhya Pradesh on Hybrid Annuity Mode under NHO,1431,0.0,8.62,0,06/03/2028,,08/03/2024,-100.0,0.6023759608665269,March_2026
1075,Roads & Highways,Ministry of Road Transport & Highways,MoRTH,618233,Construction of 6-lane bridge on Ganga on NH-96 and its approaches in Phaphamau Allahabad on EPC mode,1948,1465.41,0.0,87,15/02/2024,30/09/2026,11/07/2018,-24.77361396303901,0.0,March_2026
1076,Roads & Highways,Ministry of Road Transport & Highways,MoRTH,618250,Construction of 6-Lane Elevated / Extra Dose Cable Bridge on River Ganga parallel to & Western side of Digha-Sonepur Rail cum-Road Bridge of NH 139W in the State of Bihar,3064,0.0,0.0,10,02/11/2027,31/12/2028,05/01/2024,-100.0,0.0,March_2026
1077,Roads & Highways,Ministry of Road Transport & Highways,National Highways Authority of India [NHAI],618591,"Construction of 6-lane flyover at Ainthapali junction and a 2-lane ROB LHS on NH-53 Earlier NH-6 in Sambalpur, on EPC mode in Odisha under NHO",374,211.74,82.44,47,18/12/2026,18/12/2026,11/03/2024,-43.38502673796791,22.0427807486631,March_2026
1078,Roads & Highways,Ministry of Road Transport & Highways,National Highways Authority of India [NHAI],618627,Construction of 7 Nos of Standalone safety structures/works at different locations on various NHs,169,112.03,9.76,11,27/01/2027,20/01/2027,16/01/2025,-33.710059171597635,5.775147928994083,March_2026
1079,Roads & Highways,Ministry of Road Transport & Highways,MoRTH,618228,construction of a new 4 lane Parallel to existing MG Setu with its approaces from km 0.00 to km 14.500 across river Ganga on NH-19 at Patna in the state of Bihar.,2926,0.0,0.0,70,22/09/2024,30/06/2027,12/02/2019,-100.0,0.0,March_2026
1080,Roads & Highways,Ministry of Road Transport & Highways,MoRTH,618234,Construction of a new 4-lane major bridge across river Kosi at Phulaut including Rehabilitation and upgradation of existing Birpur and Bihpur section of NH-106 from km 106.000 to km 136.000 to 2-lane with paved shoulders in the State of Bihar on EPC mode,1478,0.0,823.92,91,06/06/2024,28/02/2027,20/09/2018,-100.0,55.745602165087945,March_2026
1081,Roads & Highways,Ministry of Road Transport & Highways,National Highways Authority of India [NHAI],618882,Construction of additional 3-Lane Bridge over River Ganga for connection between Buxar and Bharauli on NH-922 in the State of Uttar Pradesh and Bihar on Hybrid Annuity Mode,532,444.92,18.6,13,19/02/2028,19/02/2028,15/03/2024,-16.368421052631575,3.49624060150376,March_2026
1082,Roads & Highways,Ministry of Road Transport & Highways,MoRTH,617893,Construction of additional major Bridge with 4- lane configuration of length 1.48 km on NH-60 NH-14 over River Kangshabati from Km. 117.770 to Km 119.250 and additional major Bridge with 4- lane configuration of length 0.900 km on NH-60 NH-14 over River Shilabati from Km. 173.220 to Km 174.120 in the district of Paschim Medinipur of West Bengal under Annual Plan for FY 2023-24 on EPC mode. Job No 014-W8-2023-24/527 .,305,0.0,0.0,0,15/05/2028,15/05/2028,16/11/2023,-100.0,0.0,March_2026
1083,Roads & Highways,Ministry of Road Transport & Highways,National Highways Authority of India [NHAI],618508,Construction of Additional Structures including Approaches in Vadodara Surat Section of NH48 between existing Km. 108.000 to Km. 250.000,907,907.39,240.75,46,28/01/2027,28/01/2027,06/03/2024,0.04299889746416608,26.543550165380374,March_2026
1084,Roads & Highways,Ministry of Road Transport & Highways,National Highways Authority of India [NHAI],618506,"Construction of Additional Structures, Improvement of Service Road & Maintenance of Six Lane Gurgaon-Jaipur Section of NH-48 old NH-8 between km 42700 to km 107100 in the State of Haryana",402,240.02,66.69,41,05/05/2027,05/05/2027,29/05/2024,-40.29353233830846,16.589552238805968,March_2026
1085,Roads & Highways,Ministry of Road Transport & Highways,NHIDCL,618430,Construction of alternative highway to Gangtok in Sikkim via Bagrakot -Chuikhim-Nimbong -Kafer-Bakhim-Algarah-Rhenock in the State of West Bengal and from Rhenok-Rorathang-Pakyong along with spur from Aritar-Rolep-Menla in the State of Sikkim from Km 0.00 to Km 13.00 of Bagrakot -Kafer section of NH 717A on EPC Mode under Phase-A of SARDP-NE in the State of West Bengal PKG- IVA,403,0.0,0.0,99,03/04/2022,17/04/2026,22/03/2018,-100.0,0.0,March_2026
1086,Roads & Highways,Ministry of Road Transport & Highways,NHIDCL,618431,Construction of alternative highway to Gangtok in Sikkim via Bagrakot -Chuikhim-Nimbong -Kafer-Bakhim-Algarah-Rhenock in the State of West Bengal and from Rhenok-Rorathang-Pakyong along with spur from Aritar-Rolep-Menla in the State of Sikkim from Km 13.00 to Km 25.60 of Bagrakot -Kafer section of NH 717A on EPC Mode under Phase-A of SARDP-NE in the State of West Bengal PKG- IVB,296,0.0,0.39,97,05/04/2023,30/05/2026,22/03/2018,-100.0,0.13175675675675674,March_2026
1087,Roads & Highways,Ministry of Road Transport & Highways,MoRTH,618066,Construction of Amethi bypass Part-II at km.30.050 of NH-931 under EPC mode in the state of Uttar Pradesh,284,0.0,24.5,42,11/02/2027,11/02/2027,12/12/2022,-100.0,8.626760563380282,March_2026
1088,Roads & Highways,Ministry of Road Transport & Highways,NHAI,619301,Construction of Approach Road to Rail-cum- Road Bridge across river Ganga at Munger Ghat NH-333 B,538,633.91,197.77,100,28/05/2021,30/04/2026,,17.827137546468396,36.76022304832714,March_2026
1089,Roads & Highways,Ministry of Road Transport & Highways,MoRTH,618157,Construction of Ater realignment & Bhind bypass Total length. 21.50 km Section of NH-552Extn. to Two lane with paved shoulder configuration in the State of Madhya Pradesh on EPC mode.,348,0.0,0.0,68,09/06/2026,09/06/2026,27/03/2023,-100.0,0.0,March_2026
1090,Roads & Highways,Ministry of Road Transport & Highways,NHIDCL,618414,Construction of Balance work for 2-lane with hard shoulder of Peren- Dimapur section on NH-129A from Design Km 126.775 to Km 146.208 Length 19.433 Km in the state of Nagaland on EPC mode under NHO-TSP Package-II,259,0.0,60.72,93,09/09/2025,09/09/2025,18/01/2021,-100.0,23.44401544401544,March_2026
1091,Roads & Highways,Ministry of Road Transport & Highways,NHIDCL,618433,Construction of Balance work of 2-Lane with PS of Joram Koloriang Road from existing Km122.600 to km138.00 [Design Km108.724 to Km123.714] in Arunachal Pradesh on EPC Mode under SARDP-NE Pkg-7,185,0.0,0.0,100,02/04/2022,30/04/2026,15/02/2017,-100.0,0.0,March_2026
1092,Roads & Highways,Ministry of Road Transport & Highways,NHIDCL,618432,Construction of Balance work of 2-Lane with PS of Joram-Koloriang Road NH-713 on EPC basis from Design Km 44.989 to Km 61.547 Existing Km 50.050 to Km 70.000 in the state of Arunachal Pradesh under SARDP-NE Pkg-3,229,0.0,0.0,100,02/04/2022,03/07/2023,15/02/2017,-100.0,0.0,March_2026
1093,Roads & Highways,Ministry of Road Transport & Highways,NHIDCL,618437,"Construction of Balance Work of 4-Laning of NH-37 Section between End of Moran Bypass to Bogibeel junction near Lapetketa Km. 561.700-Km. 580.875 under SARDP-NE, Phase 'A' in the State of Assam on EPC mode Pkg-I Road works & Toll Plaza",274,0.0,90.6,100,14/03/2025,11/08/2025,12/01/2016,-100.0,33.065693430656935,March_2026
1094,Roads & Highways,Ministry of Road Transport & Highways,NHIDCL,618441,"Construction of Balance Work of 4-Laning of the Section from Jhanji to Demow of NH-37 Old from Km 490.800 to Km 501.800 11.000 Km, under SARDP- NE under EPC Mode in the state of Assam Pkg-I Road Works",468,476.5,72.13,0,28/09/2025,,04/01/2016,1.8162393162393164,15.412393162393162,March_2026
1095,Roads & Highways,Ministry of Road Transport & Highways,NHIDCL,618440,"Construction of Balance Work of 4-Laning of the Section from Jhanji to Demow of NH-37 Old from Km 490.800 to Km 534.800, under SARDP- NE on EPC Mode in the state of Assam Pkg- IV Structures & Toll Plaza",187,100.22,0.0,0,13/10/2025,,04/01/2016,-46.406417112299465,0.0,March_2026
1096,Roads & Highways,Ministry of Road Transport & Highways,NHIDCL,619013,"Construction of Balance Work of 4-Laning of the Section from Jhanji to Demow of NH-37 Old from Km 501.800 to Km 514.800 13.000 Km, under SARDP- NE under EPC Mode in the state of Assam Pkg-II Road Works",509,542.87,58.12,47,22/01/2026,,31/10/2014,6.654223968565816,11.418467583497053,March_2026
1097,Roads & Highways,Ministry of Road Transport & Highways,NHIDCL,619060,"Construction of Balance Work of 4-Laning of the Section from Jhanji to Demow of NH-37 Old from Km 514.800 to Km 534.800 20.000 Km, under SARDP- NE under EPC Mode in the state of Assam Pkg-III Road Works",345,619.7,46.37,63,28/09/2025,,31/10/2014,79.62318840579712,13.440579710144926,March_2026
1098,Roads & Highways,Ministry of Road Transport & Highways,NHIDCL,618439,"Construction of Balance Work of 4-Laning of the Section from Jorhat to Jhanji of NH-37 Old from Km 453000 to Km 463000 10.000 Km, under SARDP- NE under EPC Mode in the state of Assam Pkg-I Road Works",478,0.0,0.0,97,11/08/2024,,10/01/2024,-100.0,0.0,March_2026
1099,Roads & Highways,Ministry of Road Transport & Highways,NHIDCL,618444,"Construction of Balance Work of the 4-Laning of the Section from Jorhat to Jhanji of NH-37 Old from Km 453.000 to Km 490.800, under SARDP- NE , under EPC Mode in the state of Assam Pkg-IV Structures & Toll Plaza",279,0.0,0.0,95,11/08/2024,,10/01/2024,-100.0,0.0,March_2026
1100,Roads & Highways,Ministry of Road Transport & Highways,NHIDCL,618443,"Construction of Balance Work of the 4-Laning of the Section from Jorhat to Jhanji of NH-37 Old from Km 463.00 to Km 477.000 14.000 Km, under SARDP- NE under EPC Mode in the state of Assam Pkg-II Road Works",438,0.0,0.0,96,11/08/2024,,10/01/2024,-100.0,0.0,March_2026
1101,Roads & Highways,Ministry of Road Transport & Highways,NHIDCL,618442,"Construction of Balance Work of the 4-Laning of the Section from Jorhat to Jhanji of NH-37 Old from Km 477.000 to Km 490800 13.800 Km, under SARDP- NE under EPC Mode in the state of Assam Pkg-III Road Works",359,0.0,0.07,99,11/08/2024,,10/01/2024,-100.0,0.019498607242339837,March_2026
1102,Roads & Highways,Ministry of Road Transport & Highways,NHIDCL,619186,Construction of Balance works of Major Bridge over Middle Strait Creek between Km.106.590 to km108.553 of NH-04 connecting South Andaman & Baratang Island in the Union Territory of Andaman & Nicobar Islands on EPC basis,263,371.88,0.0,10,25/02/2026,31/12/2026,31/03/2015,41.39923954372623,0.0,March_2026
1103,Roads & Highways,Ministry of Road Transport & Highways,MoRTH,618054,Construction of Balrampur bypass with 2L flexible pavement configuration from km.223.000 of NH-330 to km.328.300 of NH-730 under EPC mode,516,0.0,104.56,44,02/02/2026,16/08/2026,13/12/2022,-100.0,20.26356589147287,March_2026
1104,Roads & Highways,Ministry of Road Transport & Highways,MoRTH,618243,Construction of Basti Ring Road Phase-I with 4L configuration for Basti City in the state of Uttar Pradesh on HAM mode,1139,0.0,0.0,24,12/06/2027,12/06/2027,08/12/2022,-100.0,0.0,March_2026
1105,Roads & Highways,Ministry of Road Transport & Highways,MoRTH,618004,Construction of Bhabhua Bypass from Ch. 10800Design Ch. 10800 to Ch. 19860 Design Ch. 18150 and Chand Bypass from Ch. 38060 Design Ch. 36250 to Ch. 40460 Design Ch. 38650 and widening of existing road to 2 - lane with Paved shoulder from Ch. 40460 Design Ch. 38650 to Ch. 46860 Design Ch. 45050 of NH-219 Total length-16.150 Kmunder EPC mode in the state of Bihar,180,0.0,0.0,0,03/07/2026,30/04/2027,17/02/2022,-100.0,0.0,March_2026
1106,Roads & Highways,Ministry of Road Transport & Highways,MoRTH,618083,Construction of byepass around Lohardaga town of NH-143A in the Sate of Jharkhand under EPC mode.,459,0.0,0.0,2,05/01/2026,30/09/2026,22/02/2022,-100.0,0.0,March_2026
1107,Roads & Highways,Ministry of Road Transport & Highways,MoRTH,619005,Construction of bypass around Chatra Town on NH-22 old NH-99 in the state of Jharkhand under EPC Mode,235,199.2,0.0,5,01/01/2028,05/01/2026,17/03/2023,-15.234042553191493,0.0,March_2026
1108,Roads & Highways,Ministry of Road Transport & Highways,MoRTH,618028,"Construction of Bypass at Kuknoor, Yelburga, Gajendragada of Bhanapur Gaddanakeri section of NH-367 in the State of Karnataka under NHO on EPC mode under Annual Plan 2022-23. NH-367-KNT-2022-23-973 dated 08.02.2023",334,0.0,37.36,20,26/06/2027,25/06/2027,08/02/2023,-100.0,11.18562874251497,March_2026
1109,Roads & Highways,Ministry of Road Transport & Highways,MoRTH,617930,Construction of Bypass on NH-59 from Km 336/350 to 349/910 13.56 km near Berhampur town including 4-lane RoB in the state of Odisha.,197,0.0,51.15,75,11/12/2025,30/06/2026,31/03/2021,-100.0,25.96446700507614,March_2026
1110,Roads & Highways,Ministry of Road Transport & Highways,MoRTH,617990,Construction of bypass road to Adoni town connecting NH-167 Hagari - Jadcharla road from km.62/700 to 71/400 in Kurnool District in the State of Andhra Pradesh.,242,0.0,78.49,96,04/11/2025,,30/03/2023,-100.0,32.43388429752066,March_2026
1111,Roads & Highways,Ministry of Road Transport & Highways,MoRTH,617904,Construction of Bypass road to Balangir town from km 72/400 Desing km 0/0 to km 79/800 Design km 11/670 of NH-26 in the State of Odisha.,239,0.0,6.09,55,25/10/2025,31/07/2026,22/02/2022,-100.0,2.5481171548117154,March_2026
1112,Roads & Highways,Ministry of Road Transport & Highways,MoRTH,617925,Construction of Bypass to Khordha town from Km 294/000 to 300/300 on NH-57 including LA in the State of Odisha on EPC mode.,157,0.0,33.61,82,02/11/2024,30/06/2026,09/02/2022,-100.0,21.40764331210191,March_2026
1113,Roads & Highways,Ministry of Road Transport & Highways,MoRTH,617962,"Construction of Bypass to Madurai Achambathu Viratipathu in between km 6/850 10/382 of NH 49 Extn New NH 85 including Land Acquisition on Engineering, Procurement & Construction EPC basis Contract under NH O Annual Plan 2021-22 in the state of Tamil Nadu job No.NH-49 Extn New NH 85 - TN-2021-22-997",239,260.07,119.33,92,23/08/2026,23/08/2026,21/03/2022,8.815899581589955,49.92887029288703,March_2026
1114,Roads & Highways,Ministry of Road Transport & Highways,MoRTH,617924,Construction of bypass to Nayagarh town from km 235.469 to 252.482 of NH-57 including land acquisition in the state of Odisha.,300,0.0,82.33,100,30/04/2025,31/03/2026,20/01/2022,-100.0,27.44333333333333,March_2026
1115,Roads & Highways,Ministry of Road Transport & Highways,National Highways Authority of India [NHAI],618950,Construction of Bypass to NH-114A Connecting NH-333 and NH-133 Deoghar Bypass from design km 0.000 to design Km 49.000,1565,0.0,0.12,4,27/01/2028,27/03/2028,27/11/2024,-100.0,0.0076677316293929714,March_2026
1116,Roads & Highways,Ministry of Road Transport & Highways,MoRTH,617890,Construction of Champawat Bypass with two lane with paved shoulder configuration starting from existing chainage 121.700 to existing chainage 129.450 Design Length 9.847 of NH-125 in District-Champawat in the state of Uttrakhand on EPC mode.,221,0.0,0.0,0,31/12/2027,,20/02/2025,-100.0,0.0,March_2026
1117,Roads & Highways,Ministry of Road Transport & Highways,MoRTH,618262,Construction of Deoria Bypass from existing Km. 27.140 to existing Km. 46.780 Design Km. 49.109 on NH727A Design length 21.969 Km. to four lane with paved shoulder configuration under Hybrid Annuity Mode HAM in the State of Uttar Pradesh,1735,0.0,0.0,7,31/07/2027,31/07/2027,27/03/2023,-100.0,0.0,March_2026
1118,Roads & Highways,Ministry of Road Transport & Highways,MoRTH,618079,Construction of Dharmagarh Bypass on NH-130C including land acquisition in the state of Odisha on EPC Mode under Annual plan 2022-23.,173,0.0,0.0,15,21/10/2026,21/10/2026,13/03/2023,-100.0,0.0,March_2026
1119,Roads & Highways,Ministry of Road Transport & Highways,MoRTH,619004,"Construction of Dubrajpur Bypass with 4-lane configuration of length 5.676 km on NH-60 new NH-14 from design chainage 0.00 existing km 316.135 on NH-60 to design chainage 5.676 existing km 320.980 on NH-60 in the district of Birbhum, West Bengal under Annual Plan 2022-23 in EPC Mode- reg. Job. No. 014-WB-2022-23/518 .",561,0.0,0.0,2,18/12/2027,18/12/2027,29/03/2023,-100.0,0.0,March_2026
1120,Roads & Highways,Ministry of Road Transport & Highways,MoRTH,617935,"Construction of Elevated corridor from Km. 135.650 to 136.300 on 63, from Km. 249 to Km. 250.050 on old NH-4 and from Km. 192.910 to Km. 193.350 on NH-218 from decongestion of traffic in Ranichennamma circle in Hubli city in the state of Karnataka on EPC basis",298,349.49,167.23,52,04/06/2024,30/11/2026,31/08/2020,17.27852348993289,56.11744966442953,March_2026
1121,Roads & Highways,Ministry of Road Transport & Highways,National Highways Authority of India [NHAI],618525,Construction of flyover at Gammon Junction at Km.903.265 on NH16 including vent at Diwancheruvu junction at Km.902.308 Blackspot ID No.AP03299 in Andhra Pradesh on EPC mode under NHO,327,223.29,5.34,6,20/10/2027,20/10/2027,07/03/2025,-31.715596330275233,1.6330275229357798,March_2026
1122,Roads & Highways,Ministry of Road Transport & Highways,National Highways Authority of India [NHAI],619141,Construction of four lane access controlled highway from Chillakuru cross road to Turpu KanupurPart 1 of Package - II km 0.000 131.500 of NH - 16 to km 23.770 on New NH-516W including sixlane flyover and approaches on NH-16 length km 1.050 and six lane access controlled from TurpuKanupur to Port South Gate Part 2 of Package - II km 23.770 to km 35.015 on New NH-516W inthe state of Andhra Pradesh on HAM Mode under Bharatmala Pariyojana Phase I,864,844.39,294.13,50,06/12/2025,22/11/2026,10/08/2022,-2.2696759259259274,34.042824074074076,March_2026
1123,Roads & Highways,Ministry of Road Transport & Highways,National Highways Authority of India [NHAI],618853,Construction of Four lane Elevated Structure at Raniwada Circle in Sanchore City on NH-68,353,241.34,156.66,79,11/07/2026,11/07/2026,29/01/2024,-31.63172804532578,44.37960339943343,March_2026
1124,Roads & Highways,Ministry of Road Transport & Highways,National Highways Authority of India [NHAI],618883,Construction of Four Lane Highway form Ghazipur- Ballia-UP/Bihar State Border Greenfield section of NH-31 Package I [from Hridaipur km 0.000 to Shahapur km 42.500] on EPC Mode in the state of Uttar Pradesh.,1706,1579.59,799.01,99,02/07/2025,30/04/2026,07/10/2022,-7.409730363423217,46.83528722157092,March_2026
1125,Roads & Highways,Ministry of Road Transport & Highways,National Highways Authority of India [NHAI],618884,Construction of Four Lane Highway from Ghazipur- Ballia-UP/Bihar State Border Greenfield section of NH-31 Package II [from Shahapur km 42.500 to Pindari km 78.150] on EPC Mode in the state of Uttar Pradesh.,1494,1311.44,679.94,95,26/10/2025,31/07/2026,14/10/2022,-12.219544846050868,45.51137884872825,March_2026
1126,Roads & Highways,Ministry of Road Transport & Highways,National Highways Authority of India [NHAI],619154,Construction of Four Lane Highway from Ghazipur- Ballia-UP/Bihar State Border Greenfield section of NH-31 Package III [from Pindari km 78.150 to Rawalganj Bypass Km 117.120] on EPC Mode in the state of Uttar Pradesh.,1494,1493.59,509.37,75,28/08/2025,15/08/2026,05/10/2022,-0.027443105756364248,34.09437751004016,March_2026
1127,Roads & Highways,Ministry of Road Transport & Highways,National Highways Authority of India [NHAI],618885,Construction of Four Lane Highway from Ghazipur- Ballia-UP/Bihar State Border Greenfield section of NH-31 Package IV [from Buxur Spur of length km 17.270 on EPC Mode in the state of Uttar Pradesh.,618,549.02,232.0,84,14/06/2025,31/08/2026,12/10/2022,-11.161812297734631,37.54045307443366,March_2026
1128,Roads & Highways,Ministry of Road Transport & Highways,MoRTH,618164,Construction of four lane highway with paved shoulder from Km.74.700 to Km.112.950 of NH-731A i/c Yamuna Bridge on HAM in the state of Uttar Pradesh.,1142,1157.31,0.0,80,23/06/2026,23/06/2026,30/03/2022,1.340630472854636,0.0,March_2026
1129,Roads & Highways,Ministry of Road Transport & Highways,MoRTH,618003,Construction of four lane ROB and its approaches in lieu of existing Level Crossing No. RV-71 at km 435 on NH-217 New NH-353 at Khariar including land acquisition under NHO in Annual Plan 2021-22 for the state of Odisha for F.Y. 2021-22 to F.Y 2033-34,154,0.0,22.32,72,26/12/2024,30/06/2026,15/11/2021,-100.0,14.493506493506494,March_2026
1130,Roads & Highways,Ministry of Road Transport & Highways,MoRTH,618059,Construction of four-lane Concrete Road from Police Headquarter Gondia City to Rawanwadi Village Birsi Airport Junction from design km 0.000 to km 15.781 existing km 39/720 of NH-753 to existing Km 8/400 of NH 543 on sections from Kohmara- Goregaon- Police HeadquarterKaranja - Collector Office Square - Balaghat T Point- Rawanwadi- Rajegaon of NH-753 and NH-543 in Gondia District in the state of Maharashtra. Total Length of the project 15.781 Km.,328,0.0,0.0,34,14/08/2025,17/07/2026,14/02/2023,-100.0,0.0,March_2026
1131,Roads & Highways,Ministry of Road Transport & Highways,MoRTH,618008,"Construction of four-lane elevated viaduct from km.4634 to km.6345 on NH-24A including Retaining wall, service lane, at grade road and improvement of junctions, on EPC mode",185,269.81,175.09,100,27/09/2023,31/12/2024,31/03/2021,45.84324324324324,94.64324324324325,March_2026
1132,Roads & Highways,Ministry of Road Transport & Highways,MoRTH,618120,construction of Four-Lane of chausa-Buxar Bypass from Km 45.000 to Km 65.915 Package - 2 in the State of Bihar on EPC Mode.,1060,0.0,0.0,0,13/01/2028,13/01/2028,22/09/2022,-100.0,0.0,March_2026
1133,Roads & Highways,Ministry of Road Transport & Highways,National Highways Authority of India [NHAI],619068,Construction of Greenfield Connectivity to Jewar International Airport from DND-Faridabad-Ballabhgarh Bypass KMP Link - Spur to Delhi Mumbai Expressway,2921,3485.77,941.1,67,21/06/2025,16/04/2027,07/07/2022,19.33481684354673,32.21841834988018,March_2026
1134,Roads & Highways,Ministry of Road Transport & Highways,NHIDCL,618412,Construction of i Connecting Road from Z-Morh Tunnel to Zojila Tunnel Road Length 18.475km and ii 14.150 Km long 2-L Bi-directional single tube Zoji-la Tunnel across Zojila Pass on Sonamarg - Kargil section from Km 82 to Km 118 of NH-01 under PMDP,6809,0.0,3214.27,66,30/09/2026,28/02/2028,18/01/2018,-100.0,47.20619767954178,March_2026
1135,Roads & Highways,Ministry of Road Transport & Highways,NHIDCL,618405,"Construction of Intermediate Lane of Pango to Jorging Road from 0000 to Design Km Design Km 40000 Design Length 40.00 Km, Pkg-l, Greenfield Alignment in the State of Arunachal Pradesh on EPC mode Pkg-1",898,0.0,0.0,35,16/07/2027,16/07/2027,15/01/2024,-100.0,0.0,March_2026
1136,Roads & Highways,Ministry of Road Transport & Highways,NHIDCL,618403,Construction of Intermediate Lane Road with hard shoulder from design Km 0.000 to Km 17.387 Total length 17.387 km of Hunli to Ithun Bridge section on NH-913 Frontier Highway in State of Arunachal Pradesh on EPC mode under NHO-NE,276,0.0,0.0,49,30/01/2027,30/01/2027,27/02/2024,-100.0,0.0,March_2026
1137,Roads & Highways,Ministry of Road Transport & Highways,NHIDCL,618402,"Construction of Intermediate Lane with Hard Shoulder of Hunli to Hayuliang from Design Km 0.000 to Km 53.000 Design Length 53.000 km, Greenfield Section of Frontier Highway NH-913 in the State of Arunachal Pradesh on EPC Mode Package-I",1262,0.0,233.81,17,29/02/2028,01/03/2028,27/02/2024,-100.0,18.52694136291601,March_2026
1138,Roads & Highways,Ministry of Road Transport & Highways,NHIDCL,618401,"Construction of Intermediate Lane with Hard Shoulder of Hunli to Hayuliang Package-III from design Km 60.000 to Km 121.500 Design Length 61.500 km, Greenfield Section of Frontier Highway NH-913 in the State of Arunachal Pradesh on EPC Mode Pkg-3",1419,0.0,0.0,2,17/07/2028,17/07/2028,27/02/2024,-100.0,0.0,March_2026
1139,Roads & Highways,Ministry of Road Transport & Highways,MoRTH,617957,Construction of Jasra Bypass with four lane paved shoulder configurationfrom Km 379.670 on NH-76New NH-35 to Km 18.00 on NH-27New NH-30 on EPC in the State of Uttar Pradesh.,274,0.0,0.0,92,15/09/2025,,15/02/2023,-100.0,0.0,March_2026
1140,Roads & Highways,Ministry of Road Transport & Highways,MoRTH,617922,Construction of Jharsuguda Bypass including Land acqusition on NH-49 from km 258.636 to km 283.300 design chainage 258.636 to km 289.876 under NHO in Annual Plan 2022-23 for the state of Odisha Job No.NH-49-OD-2022-23-655,587,0.0,52.43,21,07/07/2027,07/07/2027,26/09/2021,-100.0,8.931856899488928,March_2026
1141,Roads & Highways,Ministry of Road Transport & Highways,MoRTH,618068,"Construction of Kaithi-Padaria Kala bypass, Patna-Tamoli bypass, Jaso bypass and Nagod bypass total length 15.44 Km to 2-lane with paved shoulders flexible pavement on NH-943 in the State of Madhya Pradesh on EPC Mode.",158,0.0,0.0,60,06/10/2025,31/12/2026,04/03/2022,-100.0,0.0,March_2026
1142,Roads & Highways,Ministry of Road Transport & Highways,MoRTH,618129,"Construction of Kasrawad bypass, Selani bypass, Khargone bypass & Bistan bypass Total length. 31.950 km Section of NH-347 C to Two lane with paved shoulder configuration in the State of Madhya Pradesh on EPC mode.",468,0.0,0.0,86,31/12/2026,31/12/2026,24/03/2023,-100.0,0.0,March_2026
1143,Roads & Highways,Ministry of Road Transport & Highways,NHIDCL,618399,Construction of Kishtwar bypass with 2 lane with paved shoulder from Design Km. 80.675 Dulhasti to km 95.550 Bandarkoot of 14.88 km & a link road to Kishtwar town from 0000 to 1.871 of length1.871 Km on Khellani - Kishtwar - Chattroo section in UT of Jammu and Kashmir on EPC Mode Pkg-4,860,0.0,308.95,50,23/08/2023,30/06/2027,30/03/2021,-100.0,35.92441860465116,March_2026
1144,Roads & Highways,Ministry of Road Transport & Highways,National Highways Authority of India [NHAI],618554,Construction of left out portion of Agra Inner Ring Road connecting village Deori to NH-44 village Bad from Km. 0.000 to Km. 7.772,879,787.58,611.57,91,19/09/2024,31/05/2026,15/07/2022,-10.400455062571098,69.57565415244596,March_2026
1145,Roads & Highways,Ministry of Road Transport & Highways,NHIDCL,618404,Construction of lntermediate Lane Road with hard shoulder from design chainage Km 0.000 to Km 53.040 Existing Length68.500 Km & Total Design length 53.04 km of Tato to Monigong section of NH-913 Frontier Highway on Nafra Bomdila to Vijaynagar along China border in state of Arunachal pradesh on EPC mode,626,0.0,0.0,21,14/11/2027,14/11/2027,07/12/2023,-100.0,0.0,March_2026
1146,Roads & Highways,Ministry of Road Transport & Highways,MoRTH,618144,Construction of Major Bridge Across Sharavathi Backwaters and approches between Ambargodu and Kalasavalli Near Sigandhur in Sagar Taluk on NH 369E in the State of Karnataka on EPC mode.Job No. NH-369E-KNT-2018-19-895 dated 06.03.2019.,423,0.0,0.0,0,10/12/2022,,06/03/2019,-100.0,0.0,March_2026
1147,Roads & Highways,Ministry of Road Transport & Highways,MoRTH,617989,Construction of Major Bridge at Km.180.865 across river Krishna on NH 167 Hagari Jadcherla section,157,187.61,103.33,68,06/11/2021,31/03/2026,06/03/2019,19.496815286624212,65.81528662420382,March_2026
1148,Roads & Highways,Ministry of Road Transport & Highways,NHAI,618956,Construction of Major Bridge over Baghmati and Lakhandei River along with Approaches from Design km.16.500 to km.21.500,499,380.3,3.19,17,30/04/2027,30/04/2027,14/02/2024,-23.7875751503006,0.6392785571142284,March_2026
1149,Roads & Highways,Ministry of Road Transport & Highways,MoRTH,617895,Construction of Mangaldoi Bypass NH-15 starting at Ch 26400 and terminating at Ch 41505 under Rangia NH Division L 15.105 Km in the State of Assam. Job No. 15/AS/2021-22/234,535,0.0,161.56,95,28/04/2025,09/12/2026,30/03/2022,-100.0,30.198130841121497,March_2026
1150,Roads & Highways,Ministry of Road Transport & Highways,MoRTH,618081,Construction of Mariahu Bypass with four lane paved shoulder configuration Km. 53.540 to Km.59.200 of NH-135A on EPC mode in the state of Uttar Pradesh,438,362.39,0.0,50,28/02/2026,30/06/2026,01/03/2023,-17.262557077625573,0.0,March_2026
1151,Roads & Highways,Ministry of Road Transport & Highways,MoRTH,618045,"Construction of Mihona bypass, Lahar bypass, Daboh bypass & Bhander Bypass total length 20.60 km to 2-lane with paved shoulder from on Mihona-Bhander-MP/UP border section of NH 552E in the State of Madhya Pradesh on EPC mode",179,0.0,71.77,67,19/12/2024,,30/03/2022,-100.0,40.0949720670391,March_2026
1152,Roads & Highways,Ministry of Road Transport & Highways,MoRTH,618156,"Construction of Morena bypass, Ambah bypass & Porsa bypass Totat length 27.16 km Section of NH-552 Ext. to TWo lane with paved shoulder configuration in the state of Madhya Pradesh on EPC mode",493,0.0,0.0,63,02/10/2026,02/10/2026,08/02/2023,-100.0,0.0,March_2026
1153,Roads & Highways,Ministry of Road Transport & Highways,MoRTH,618159,"Construction of new 2 Lane with paved shoulders of NH Standards from km 0.080 to km 11.690 L11.610 km in Majuli and from km 19.715 to km 27.484 L 7.769 km in Jorhat on the newly declared NH 715K and construction of 1.10 km flyover on NH-715 with its approaches and service roads L1.10 km, Total Length 20.479 km in the State of Assam Job No. 715K/AS/2023-24/256",382,0.0,19.65,0,28/03/2027,28/03/2027,23/02/2024,-100.0,5.143979057591622,March_2026
1154,Roads & Highways,Ministry of Road Transport & Highways,NHIDCL,618286,Construction of New 2-Lane Bridge with its approaches from km 0000 to Km 4385 across River Brahmaputra on NH-17 at Jogighopa in Assam on EPC mode,747,0.0,410.28,76,10/11/2024,18/12/2026,09/09/2021,-100.0,54.92369477911646,March_2026
1155,Roads & Highways,Ministry of Road Transport & Highways,MoRTH,617926,Construction of new 4 lane major bridge with approaches on Sabarmati River near Dharoi at Km. 82/00 to 86/00 Design length 3.300 km on NH-58 in the State of Gujarat on Hybrid Annuity Mode HAM,398,0.0,0.0,28,19/08/2027,19/08/2027,15/03/2024,-100.0,0.0,March_2026
1156,Roads & Highways,Ministry of Road Transport & Highways,MoRTH,618246,Construction of New 4-Lane Bridge Parallel to existing Vikramashila Setufrom km 8920 to Km 13375including approach road 35m Naugachhia side &53 m Bhagalpur sideacross River Ganga on newly declared NH-131B at Bhagalpur in the State of Bihar,1110,0.0,0.0,49,08/05/2027,08/05/2027,17/07/2020,-100.0,0.0,March_2026
1157,Roads & Highways,Ministry of Road Transport & Highways,National Highways Authority of India [NHAI],618801,Construction of New Double Tier 4-lane Elevated Corridor from Chennai Port to Maduravoyal in Chennai District from Km -0342 to Km 20223 Package 1 from Km -0342 to Km 4604,1389,1388.59,150.68,21,20/05/2026,16/11/2027,15/03/2023,-0.02951763858891878,10.84809215262779,March_2026
1158,Roads & Highways,Ministry of Road Transport & Highways,National Highways Authority of India [NHAI],618800,Construction of New Double Tier 4L Elevated Corridor from Chennai Port to Maduravoyal in Chennai District from km -0.342 to Km 20.593 and Package II from Km 4.604 to Km 9.700,1617,1616.97,141.23,17,20/05/2026,16/11/2027,15/03/2023,-0.0018552875695715964,8.734075448361162,March_2026
1159,Roads & Highways,Ministry of Road Transport & Highways,National Highways Authority of India [NHAI],619139,Construction of New Double Tier 4L Elevated Corridor from Chennai Port to Maduravoyal in Chennai District from km -0.342 to Km 20.593 and Package III from Km 9.700 to Km 14.185,1299,1299.36,123.13,16,20/05/2026,16/11/2027,15/03/2023,0.027713625866043104,9.478829869130099,March_2026
1160,Roads & Highways,Ministry of Road Transport & Highways,National Highways Authority of India [NHAI],619045,Construction of New Double Tier 4L Elevated Corridor from Chennai Port to Maduravoyal in Chennai District from km -0.342 to Km 20.593 and Package IV from Km 14.185 to Km 20.593,1205,1210.21,39.06,7,20/05/2026,16/11/2027,15/03/2023,0.4323651452282188,3.24149377593361,March_2026
1161,Roads & Highways,Ministry of Road Transport & Highways,MoRTH,617932,Construction of New Four Lane Bypass to Parbhani City Parwa to Asola Km 463/265 to Km 481/180 Design Ch. 19220 to Ch. 34434 Length-15.214 Km section of NH-61 on EPC mode in the State of Maharashtra.,497,0.0,0.0,68,15/10/2024,09/06/2026,29/03/2022,-100.0,0.0,March_2026
1162,Roads & Highways,Ministry of Road Transport & Highways,MoRTH,617960,Construction of new road at the missing link portion of NH-81 along approved alignment between Harishchandrapur and Eastern approach of Kalindri Bridge from Km 46.550 to Km 59.697 in the district of Malda. Job No-081-WB-2015-16/400,271,291.2,209.23,84,01/11/2018,30/06/2026,12/08/2016,7.453874538745383,77.20664206642066,March_2026
1163,Roads & Highways,Ministry of Road Transport & Highways,NHIDCL,618355,"Construction of of 2 -Lane with paved shoulders road from Tamenglong-Tousem-Lisang-Mahur Road NH-137 starting near Dialong Village from km 10.000 at Dialong to km 31.430 near Old Tamenglong , near Barak River on EPC Mode Package-2",484,0.0,361.96,94,16/03/2023,31/03/2026,20/07/2021,-100.0,74.78512396694215,March_2026
1164,Roads & Highways,Ministry of Road Transport & Highways,MoRTH,618254,Construction of Paderu bypass Km 0000 to Km 13000 of 2- lane with paved shoulder on NH-516E,244,0.0,11.67,13,08/07/2026,31/12/2026,29/03/2023,-100.0,4.782786885245901,March_2026
1165,Roads & Highways,Ministry of Road Transport & Highways,MoRTH,618055,Construction of Pratapgarh Bypass Extension connecting NH-31 to NH-330 on EPC mode in the State of Uttar Pradesh.,225,0.0,0.0,71,30/06/2025,,10/10/2022,-100.0,0.0,March_2026
1166,Roads & Highways,Ministry of Road Transport & Highways,MoRTH,617897,Construction of proposed 4Lane Revelgunj bypass NH-19 in the State of Bihar on EPC mode connecting NH 19 to 85 origin,295,0.0,33.07,80,09/07/2025,30/06/2026,31/03/2022,-100.0,11.210169491525424,March_2026
1167,Roads & Highways,Ministry of Road Transport & Highways,MoRTH,618244,Construction of Raebareli Ring Road Phase-2 with four Lane configuration for Raebareli City in the state of Uttar Pradesh on Hybrid Annuity Model HAM basis,1274,0.0,0.0,42,01/05/2027,01/05/2027,31/03/2022,-100.0,0.0,March_2026
1168,Roads & Highways,Ministry of Road Transport & Highways,MoRTH,618204,Construction of realignment between Pandrass- Pashkyun Total length 27.10 km on road Zozila-Kargil -Leh NH-1 to 2 lane specifications i.e. Drass alignment 9.30 km Kharboo realignment 6.30 km & Kargil alignment 11.50 km under project Vijayak BRO in the UT of Ladakh on EPC Mode,426,0.0,97.91,55,18/06/2025,31/07/2026,09/11/2021,-100.0,22.98356807511737,March_2026
1169,Roads & Highways,Ministry of Road Transport & Highways,MoRTH,617909,Construction of Rewa Bypass to 4-lane with paved shoulder along with service road from Ratahara Chowk to Chorhata Chowk Road section of NH-30 from km 00.000 to 19.200 in the State of Madhya Pradesh on Hybrid Annuity Mode HAM.,648,0.0,0.0,50,26/02/2027,26/02/2027,15/03/2024,-100.0,0.0,March_2026
1170,Roads & Highways,Ministry of Road Transport & Highways,National Highways Authority of India [NHAI],618540,Construction of Ring Road around Kanpur from Ch.23.325 to Ch.32.090 Chaudhariya to Transganga Package-IIA,1089,977.45,69.75,34,31/10/2027,29/04/2028,02/08/2024,-10.243342516069784,6.40495867768595,March_2026
1171,Roads & Highways,Ministry of Road Transport & Highways,National Highways Authority of India [NHAI],618538,Construction of Ring Road around kanpur from Ch.51.200 to Ch. 68.650 Badarka to Harbanch-Uchti Pkg-III,1793,1126.75,139.93,21,27/07/2027,27/07/2027,06/09/2023,-37.15839375348578,7.804238706079198,March_2026
1172,Roads & Highways,Ministry of Road Transport & Highways,National Highways Authority of India [NHAI],618536,Construction of Ring Road around Kanpur from Ch.68.650 to Ch.93.209 Jarkala to Pakari Package-IV in State of Uttar Pradesh.,1604,1192.16,157.34,28,29/06/2027,29/06/2027,10/02/2023,-25.675810473815456,9.809226932668329,March_2026
1173,Roads & Highways,Ministry of Road Transport & Highways,National Highways Authority of India [NHAI],618537,Construction of Ring Road around Kanpur from Km.000 to Km. 23.325 Chachendi Sachendi I to Maharajpur Package-I,1754,1311.7,355.19,54,06/06/2026,06/06/2026,01/01/2023,-25.21664766248574,20.250285062713797,March_2026
1174,Roads & Highways,Ministry of Road Transport & Highways,National Highways Authority of India [NHAI],618539,Construction of Ring Road Kanpur from Ch. 32.090 to Ch.51.200 Transganaga to Sathara Package-II B,1089,1106.92,36.93,12,21/09/2027,21/09/2027,02/08/2024,1.6455463728191067,3.391184573002755,March_2026
1175,Roads & Highways,Ministry of Road Transport & Highways,MoRTH,617931,Construction of ROB and its approaches in lieu of LC No. 10/B/T at Km 307.050 of NH-60.,156,138.57,0.0,16,06/08/2025,31/03/2027,04/03/2016,-11.173076923076927,0.0,March_2026
1176,Roads & Highways,Ministry of Road Transport & Highways,MoRTH,617967,Construction of Rudraprayag tunnel of length 900.30 MTR including approaches and one major bridge on river Alaknanda connecting NH-107/old-109 to NH-07old-58 on EPC mode in the state of Uttarakhand.,252,0.0,0.0,99,25/07/2025,31/03/2026,16/02/2021,-100.0,0.0,March_2026
1177,Roads & Highways,Ministry of Road Transport & Highways,National Highways Authority of India [NHAI],618912,Construction of Rudrapur Bypass Section from Km. 0.000 to 20.640 in the state of Uttar Pradesh & Uttarakhand,1052,1117.17,652.51,98,11/01/2026,30/04/2026,27/03/2023,6.194866920152098,62.025665399239536,March_2026
1178,Roads & Highways,Ministry of Road Transport & Highways,MoRTH,618260,"Construction of Salempur bypass to 4LPS from km 64.000 of NH-727A Km 171.00 of Sonauli Balia Marg, old SH-01, near Mahadahan Chauraha to km 61.500 of NH-727B Km 178.500 of Sonauli Balia Marg, old SH-01, near near Ahirauli Village under Hybrid Annuity Mode HAM in the State of Uttar Pradesh",1348,0.0,0.0,24,10/11/2027,11/11/2027,27/03/2022,-100.0,0.0,March_2026
1179,Roads & Highways,Ministry of Road Transport & Highways,MoRTH,618057,Construction of Shohratgarh Bypass on NH-730 under EPC mode in the State of Uttar Pradesh,189,0.0,0.0,46,23/05/2025,31/12/2026,10/10/2022,-100.0,0.0,March_2026
1180,Roads & Highways,Ministry of Road Transport & Highways,MoRTH,618038,Construction of Shopian Bypass on NH-444 taking off from existing chainage Km 36500 and re-joining at km 47588 of existing Chainage New Design Ch. From km 28000 to km 36925 as 2- lane with paved shoulder in the UT of Jammu & Kashmir on EPC mode.,224,0.0,0.0,0,11/01/2028,,11/03/2024,-100.0,0.0,March_2026
1181,Roads & Highways,Ministry of Road Transport & Highways,MoRTH,617980,Construction of six lane elevated corridor from km 7.950 Uppal to km 14.200 of NH-163 to De-Congest the urban limits of Hyderabad-Bhoopalapatnam section on EPC mode in the state of Telangana,627,0.0,16.13,51,01/07/2020,30/10/2026,27/03/2018,-100.0,2.5725677830940987,March_2026
1182,Roads & Highways,Ministry of Road Transport & Highways,MoRTH,617942,Construction of Six lane Elevated Corridor from Km. 508.000 to Km. 513.150 including approaches on NH-66,641,0.0,0.0,79,15/04/2026,14/10/2026,25/04/2023,-100.0,0.0,March_2026
1183,Roads & Highways,Ministry of Road Transport & Highways,National Highways Authority of India [NHAI],618535,Construction of Six lane elevated flyover including reconstruction/rehabilitation of existing pavement from Km 406100 to Km 411150 Length 5.05 Km at Gobindpur area in the Barwa Adda Panagarh section of NH-19 from Km.398.240 to Km.521.120 including Panagarh Bypass in the State of Jharkhand on EPC Mode.,688,442.52,21.7,9,21/03/2028,21/03/2028,27/01/2025,-35.68023255813954,3.1540697674418605,March_2026
1184,Roads & Highways,Ministry of Road Transport & Highways,MoRTH,619042,"Construction of six lane Flyover at Katraj junction at Km, 3/880 of NH 548-DD Vadgaon - Katraj - Kondhwa - Mantarwadi Chowk - Loni Kalbhor - Theur Phata - Lonikand Road in Pune Dist of the State of Maharashtra. On Engineering Procurement and construction EPC Basis mode L.1.326 Km,",164,0.0,0.0,78,18/02/2026,25/02/2023,23/02/2021,-100.0,0.0,March_2026
1185,Roads & Highways,Ministry of Road Transport & Highways,MoRTH,617950,Construction of Srinivasapura Bypass from existing Km 453.890 Design Ch. 0000 to existing Km 461.450 Design Ch 10080 on NH-69 in the State of Karnataka Under NH O in EPC mode under Annual Plan 2022-23 NH-69-KNT-2022-23-966 dated 22.11.2022,204,0.0,0.0,0,11/01/2027,11/01/2027,30/11/2022,-100.0,0.0,March_2026
1186,Roads & Highways,Ministry of Road Transport & Highways,National Highways Authority of India [NHAI],618939,Construction of Standalone Flyover cum ROB from Design Ch.66.600 to Design Ch.68.800 in Gadchandur Town on NH-353B,191,107.76,17.78,27,25/07/2027,25/07/2027,24/02/2025,-43.581151832460726,9.30890052356021,March_2026
1187,Roads & Highways,Ministry of Road Transport & Highways,National Highways Authority of India [NHAI],618480,Construction of Trumpet Interchange Connecting Bangalore Chennai Expressway km.261705 to km. 262800 with Maduravoyal to Walajapet Section of NH 48 near Sriperumbudur Toll Plaza at km. 35700,163,162.56,35.71,24,23/08/2025,31/07/2026,03/05/2023,-0.2699386503067471,21.9079754601227,March_2026
1188,Roads & Highways,Ministry of Road Transport & Highways,National Highways Authority of India [NHAI],618549,Construction of twin tube tunnels on Jammu Kashmir Ring Road NH-244A Between Design Ch. 50600 to 51700 and design Ch. 53535 to 55700 on EPC mode under residual NHDP component of Bharatmala Pariyojna,243,731.59,638.36,84,07/06/2025,30/06/2026,28/11/2022,201.06584362139918,262.69958847736626,March_2026
1189,Roads & Highways,Ministry of Road Transport & Highways,NHIDCL,618323,Construction of Twin Tube Uni-directional Aizawl Bypass Tunnel of 2.5 km and its approaches of 2.1 km from km 10.600 to km 15.200 on Sarrang - Phaibawk section of NH-6 in the State of Mizoram on EPC Mode under NHO-NE Package-2,1313,0.0,0.0,0,02/12/2028,,10/01/2024,-100.0,0.0,March_2026
1190,Roads & Highways,Ministry of Road Transport & Highways,MoRTH,618170,Construction of Two lane with paved shoulder configuration of Shujalpur Bypass section of NH-752C from km 33100 Design to km. 42570 Design total design length 10.470 km in the State of Madhya Pradesh on EPC mode.,214,0.0,0.0,35,14/09/2025,29/05/2026,22/03/2023,-100.0,0.0,March_2026
1191,Roads & Highways,Ministry of Road Transport & Highways,MoRTH,617891,"Construction of Two lane with Paved Shoulder for Fatehpur Bypass Design Km 0.000 to Km 7.400 , Mandawa Bypass Design Km 20.925 to Km 27.300 & Jhunjhunu Bypass Design Km 41.625 to Km 54.689 of NH-11 on EPC Mode in the state of Rajasthan .",186,0.0,66.7,100,13/08/2024,31/08/2025,30/03/2022,-100.0,35.86021505376345,March_2026
1192,Roads & Highways,Ministry of Road Transport & Highways,MoRTH,618075,Construction of two lane with paved shoulder from existing Km.0.000 to Km.55.610 design km. 0.000 to km. 54.048 of NH-124D,841,773.58,167.6,60,08/02/2026,30/06/2026,22/12/2021,-8.016646848989293,19.928656361474435,March_2026
1193,Roads & Highways,Ministry of Road Transport & Highways,MoRTH,618071,Construction of two lane with paved shoulder Gangtok Bypass Road from Ranipool to Burtuk Ch 0.00 Km to 23.316 L23.316 Km in the State of Sikkim,385,342.89,0.0,90,22/05/2024,30/06/2026,18/10/2021,-10.93766233766234,0.0,March_2026
1194,Roads & Highways,Ministry of Road Transport & Highways,MoRTH,618169,Construction of Two Lane with paved shoulder highway from Design Ch.0.000 to Ch.49.2OO of NH-731B on EPC Mode,640,602.76,239.2,95,29/11/2025,31/07/2026,24/03/2022,-5.818750000000001,37.375,March_2026
1195,Roads & Highways,Ministry of Road Transport & Highways,MoRTH,619251,Construction of two lane with paved shoulder of Ghatol Bypass from km 133.250 to km 140.950 of NH-56 old NH No. 113 on EPC mode in the State of Rajasthan.,170,0.0,0.0,0,23/09/2027,,30/03/2025,-100.0,0.0,March_2026
1196,Roads & Highways,Ministry of Road Transport & Highways,National Highways Authority of India [NHAI],618843,Construction of two lane with paved shoulders bypass to Mungrabadshapur town starting from near Kodahu at Km 47/225 of NH-319D and ending near Nauwadandi at Km 219/720 of NH-31 under NHO in the state of Uttar Pradesh on EPC mode,198,165.28,27.57,12,21/03/2027,21/03/2027,13/02/2025,-16.525252525252522,13.924242424242426,March_2026
1197,Roads & Highways,Ministry of Road Transport & Highways,National Highways Authority of India [NHAI],618848,Construction of Underpass beneath airport runway on NH-31 old NH-56 for proposed expansion of runway of Babatpur Airport Varanasi,649,0.0,0.09,7,29/09/2027,29/09/2027,03/02/2025,-100.0,0.01386748844375963,March_2026
1198,Roads & Highways,Ministry of Road Transport & Highways,MoRTH,617894,"Construction or 4 lane Raniganj Bypass of length 5.261 km on NH-60 new NH-14 from km 273.00 of NH to km 478.18 of NH-2 New NH 16 in paschim Bardhaman, West Bengal in EPC Mode- reg. Job No. 014-WB-2022-23/514",411,0.0,157.03,63,08/03/2026,31/12/2026,06/03/2023,-100.0,38.20681265206813,March_2026
1199,Roads & Highways,Ministry of Road Transport & Highways,MoRTH,617902,construction or By-pass road on NH-26 for Nabrangpur Town,169,0.0,7.84,21,01/12/2026,31/12/2026,27/03/2023,-100.0,4.63905325443787,March_2026
1200,Roads & Highways,Ministry of Road Transport & Highways,National Highways Authority of India [NHAI],618963,Construction work of 4-laning of Shahganj bypass end to Badi Package-IV of NH-146B from design km 102.000 to design km 142.357 Design length 40.357 km,784,836.64,284.02,40,24/03/2027,24/03/2027,28/02/2024,6.714285714285713,36.22704081632653,March_2026
1201,Roads & Highways,Ministry of Road Transport & Highways,NHIDCL,618390,"Construction, Operation & Maintenance of 2-L Bi-directional Silkyara Bend- Barkot Tunnel with escape passage including approaches Tunnel-4.531 & Approach road- 0.328 on Dharasu-Yamunotri section b/w Chainage 25.400km and 51.00km falling along NH-134 Old NH-94 on EPC mode",1384,0.0,688.93,70,08/07/2022,31/03/2027,09/03/2018,-100.0,49.778179190751445,March_2026
1202,Roads & Highways,Ministry of Road Transport & Highways,NHIDCL,618426,Construction/Up gradation of Existing road to 2 Lane with Paved Shoulder including Geometric Improvement from Ranipool to Pakyong Balance work from Km 2.000 to 16.167 of NH-717-A on EPC basis under SARDP-NE Phase A in the State of Sikkim,265,380.94,0.0,85,06/07/2024,30/04/2026,22/03/2018,43.75094339622642,0.0,March_2026
1203,Roads & Highways,Ministry of Road Transport & Highways,NHIDCL,619038,Construction/upgradation to 2-lane with paved shoulder from Design Km 95.55 Bandarkoot to Km. 111.06 Chattroo of 15.52 Km length on Khellani-Kishtwar-Chattroo section on NH-244 in UT of Jammu and Kashmir on EPC Mode Pkg-5,497,0.0,240.1,100,19/02/2023,06/06/2025,31/03/2021,-100.0,48.309859154929576,March_2026
1204,Roads & Highways,Ministry of Road Transport & Highways,National Highways Authority of India [NHAI],618849,Conversion of Partially Excavated Escape Tunnel to Uni-Directional 2L Tunnelincluding construction of cross passages and approach roads on either side of the tunnel from Km 12.732 to Km 14.568 of Kiratpur to Nerchowk Section of NH-21,444,412.88,394.6,100,15/03/2024,30/04/2026,08/05/2022,-7.009009009009009,88.87387387387388,March_2026
1205,Roads & Highways,Ministry of Road Transport & Highways,National Highways Authority of India [NHAI],618550,Corridor Efficiency Improvement including removal of black spots in Lakhanpur - Samba section of NH-44 from Chainage Km. 16.300 to Km. 74.100,856,215.68,189.56,75,11/06/2024,30/06/2026,16/06/2022,-74.80373831775701,22.14485981308411,March_2026
1206,Roads & Highways,Ministry of Road Transport & Highways,National Highways Authority of India [NHAI],619119,Cuttack-Angul Section of NH-42 New NH-55 from km 0.400 to km 60.200 Pkg-I in the State of Odisha,999,1178.31,497.62,99,16/07/2020,30/04/2026,25/10/2017,17.948948948948942,49.811811811811815,March_2026
1207,Roads & Highways,Ministry of Road Transport & Highways,National Highways Authority of India [NHAI],619215,Cuttack-Angul Section of NH-42 New NH-55 from Km.60.200 to Km. 112.000 Pkg-II in the State of Odisha,991,1168.82,499.34,100,06/09/2020,15/04/2026,25/10/2017,17.94349142280524,50.387487386478305,March_2026
1208,Roads & Highways,Ministry of Road Transport & Highways,National Highways Authority of India [NHAI],618518,Davanagere - Haveri of NH-48 Old NH-4 from km. 260.00 to km. 338.923,1455,1805.84,633.86,99,24/07/2020,30/09/2026,12/01/2017,24.112714776632295,43.56426116838488,March_2026
1209,Roads & Highways,Ministry of Road Transport & Highways,National Highways Authority of India [NHAI],618804,Dedicated Port road to Krishnapatnam Port Package-I from Km. 0.000 to Km. 18.000,349,341.36,181.22,78,19/12/2020,31/08/2026,27/03/2018,-2.189111747850999,51.92550143266475,March_2026
1210,Roads & Highways,Ministry of Road Transport & Highways,National Highways Authority of India [NHAI],618497,Delhi Amritsar Katra Expressway Phase-II Pkg XVIII Development and Upgradation of Four lane Access Control Expressway from Design Chainage KM 530.00 to KM 545.300 Sidhra to Domel Section of NH-44,975,975.38,470.83,62,19/11/2025,31/03/2027,20/12/2022,0.03897435897435851,48.29025641025641,March_2026
1211,Roads & Highways,Ministry of Road Transport & Highways,National Highways Authority of India [NHAI],618482,Delhi-Amritsar-Katra Expressway Phase-I Pkg-I from Jussur Kheri on NH-KMP Expressway to Junction with Rohtak-Panipat road NH-709 near Rukhi Paani village Km 0000 to Km 34000,1866,2429.9,964.23,100,26/12/2023,30/04/2026,07/12/2020,30.219721329046095,51.673633440514465,March_2026
1212,Roads & Highways,Ministry of Road Transport & Highways,National Highways Authority of India [NHAI],618483,Delhi-Amritsar-Katra Expressway Phase-I Pkg-II from Junction with Rohtak-Panipat road NH-709 near Rukhi Paani village to Junction with Jind-Panipat road NH-352A near Gangana village Km 34000 to Km 60800,1534,1792.53,879.35,100,13/01/2024,30/04/2026,23/12/2020,16.853324641460233,57.323989569752285,March_2026
1213,Roads & Highways,Ministry of Road Transport & Highways,National Highways Authority of India [NHAI],618484,Delhi-Amritsar-Katra Expressway Phase-I Pkg-III from Junction with Jind-Panipat road NH-352A near Gangana village to Junction with Jind-Karnal road NH-709A near Alewa village Km 60800 to Km 91400,1606,1813.91,631.62,79,23/12/2023,21/05/2024,17/12/2020,12.945828144458288,39.32876712328767,March_2026
1214,Roads & Highways,Ministry of Road Transport & Highways,National Highways Authority of India [NHAI],618485,Delhi-Amritsar-Katra Expressway Phase-I Pkg-IV from Junction with Jind-Karnal road NH-709A near Alewa village to Junction with Ambala-Kaithal-Hissar road NH-152 near Kharak Pandwa village Km 91400 to Km 120250,1307,1578.66,563.2,76,13/12/2023,28/03/2024,15/01/2021,20.785003825554714,43.09104820198929,March_2026
1215,Roads & Highways,Ministry of Road Transport & Highways,National Highways Authority of India [NHAI],618489,Delhi-Amritsar-Katra Expressway Phase-I Pkg-IX from Junction with Ludhiana-Moga road NH-5 near Mullanpur Dakha to Junction with Jalandhar - Moga road NH-703 near Kang Sahibu village Km 260860 to km 303900,1851,2407.14,1331.72,73,16/07/2024,30/06/2026,23/12/2020,30.04538087520259,71.94597514856834,March_2026
1216,Roads & Highways,Ministry of Road Transport & Highways,National Highways Authority of India [NHAI],618486,Delhi-Amritsar-Katra Expressway Phase-I Pkg-V from Junction with Ambala-Kaithal-Hissar road NH-152 near Kharak Pandwa village to Junction with Patiala-Samana-Patran road SH-10 near Ghagga village Km 120250 to Km 157920,1742,2281.02,883.28,99,22/05/2024,31/05/2026,28/01/2021,30.942594718714123,50.704936854190585,March_2026
1217,Roads & Highways,Ministry of Road Transport & Highways,National Highways Authority of India [NHAI],618487,Delhi-Amritsar-Katra Expressway Phase-I Pkg-VII from Junction with Patiala-Bathinda road NH-7 near Bhawanigarh to Junction with Ludhiana-Malerhkotla SH-11 near Bhogiwal village Km 188830 to km 225770,1760,1774.32,1250.45,96,09/07/2024,30/06/2026,23/12/2020,0.8136363636363599,71.04829545454547,March_2026
1218,Roads & Highways,Ministry of Road Transport & Highways,National Highways Authority of India [NHAI],618488,Delhi-Amritsar-Katra Expressway Phase-I Pkg-VIII from Junction with Ludhiana-Malerkotla SH-11 near Bhogiwal village to Junction with Ludhiana-Moga road NH-5 near Mullanpur Dakha Km 225770 to km 260860,1896,2034.94,751.95,31,13/03/2025,,23/12/2020,7.32805907172996,39.65981012658228,March_2026
1219,Roads & Highways,Ministry of Road Transport & Highways,National Highways Authority of India [NHAI],618490,Delhi-Amritsar-Katra Expressway Phase-I Pkg-X from Jn. with Jalandhar - Moga road NH-703 to Jn. with Jalandhar-Kapurthala road NH-703A and to Jn. with Kapurthala - Sultanpur Lodhi road NH-703A km 000 to km 24000 to Amritsar connectivity,2178,2062.74,1004.28,63,09/07/2024,30/09/2025,23/12/2020,-5.292011019283756,46.11019283746556,March_2026
1220,Roads & Highways,Ministry of Road Transport & Highways,National Highways Authority of India [NHAI],618491,Delhi-Amritsar-Katra Expressway Phase-I Pkg-XI from Junction with Jalandhar - Kapurthala road NH-703A near khojewal village to Junction with Amritsar-Mehta-SriHargobindpur-Tanda road NH-503A near SriHargobindpur Km 319400 to km 362420,2175,2206.71,941.19,43,14/11/2024,,04/03/2021,1.4579310344827603,43.27310344827586,March_2026
1221,Roads & Highways,Ministry of Road Transport & Highways,National Highways Authority of India [NHAI],618492,Delhi-Amritsar-Katra Expressway Phase-I Pkg-XII from Junction with Amritsar-Mehta-SriHargobindpur-Tanda road NH-503A near SriHargobindpur to Junction with Pathankot-Gurdaspur road NH-54 near Gurdaspur Km 362420 to km 397700,1734,1538.47,470.92,27,30/12/2025,20/02/2027,04/03/2021,-11.276239907727795,27.15801614763553,March_2026
1222,Roads & Highways,Ministry of Road Transport & Highways,National Highways Authority of India [NHAI],618493,Delhi-Amritsar-Katra Expressway Phase-I Spur-I from Jn. with Kapurthala - Sultanpur Lodhi Road NH-703A near Isharwal village to Jn. with Kapurthala - Tarn Taran road NH-703AA near Goinwal Sahib [Km 24000 to Km 41000 of Amritsar connectivity],2165,1519.6,359.7,31,16/04/2026,10/03/2028,13/12/2021,-29.810623556581987,16.61431870669746,March_2026
1223,Roads & Highways,Ministry of Road Transport & Highways,National Highways Authority of India [NHAI],619200,Delhi-Amritsar-Katra Expressway Phase-I Spur-III from Junction with Amritsar-Jalandhar road NH-3 near Bhishambarpura to Junction with Amritsar-Anjala road NH-354 near Amritsar Airport [Km 71000 to Km 99000 of Amritsar connectivity],1642,1951.7,983.87,31,26/10/2024,21/06/2027,04/03/2021,18.861144945188794,59.9190012180268,March_2026
1224,Roads & Highways,Ministry of Road Transport & Highways,National Highways Authority of India [NHAI],619066,Delhi-Amritsar-Katra Expressway Phase-II Pkg-XIV from Junction with Pathankot-Gurdaspur road NH-54 near Balsua to Junction with Hiranagar Road near village Gurha Baildaran km 423500 to km 468100,3044,3707.91,1538.57,84,25/09/2024,30/06/2026,29/10/2021,21.8104467805519,50.544349540078834,March_2026
1225,Roads & Highways,Ministry of Road Transport & Highways,National Highways Authority of India [NHAI],618494,Delhi-Amritsar-Katra Expressway Phase-II Pkg-XV [Junction with Hiranagar Road near village Gurha Baildaran to Junction with Jammu Ring Road NH-244A near Jakh village from Km 468100 to Km 503250],2715,3716.56,1620.48,89,25/09/2024,30/10/2026,07/10/2021,36.88987108655617,59.68618784530387,March_2026
1226,Roads & Highways,Ministry of Road Transport & Highways,National Highways Authority of India [NHAI],618496,Delhi-Amritsar-Katra Expressway Phase-II Pkg-XVI Existing Jakh Vijaypur-Kunjwani section of NH-44 including spur Connectivity to Jammu Airport NH-144A [Km 503500 to km 514500],1822,2522.56,1157.4,94,26/09/2024,30/06/2026,03/09/2021,38.45005488474204,63.523600439077946,March_2026
1227,Roads & Highways,Ministry of Road Transport & Highways,National Highways Authority of India [NHAI],618457,Delhi-Vadodara Greenfield Alignment NH-148N Pkg-10 Ch. 292.950 to Ch. 319.400 [End of Interchange on NH-166 near village Mui to Hardeoganj village near Indergarh],1273,1265.16,1086.63,95,21/05/2023,30/06/2026,25/11/2019,-0.6158680282796479,85.35978004713276,March_2026
1228,Roads & Highways,Ministry of Road Transport & Highways,National Highways Authority of India [NHAI],618456,Delhi-Vadodara Greenfield Alignment NH-148N Pkg-14 Ch. 388.420 to Ch. 419.000 [Junction with NH- 76 to Junction with NH-12 near village Ummedpura],1119,1194.17,975.7,100,23/05/2023,05/03/2025,25/11/2019,6.717605004468282,87.19392314566578,March_2026
1229,Roads & Highways,Ministry of Road Transport & Highways,National Highways Authority of India [NHAI],618458,Delhi-Vadodara Greenfield Alignment NH-148N Pkg-15 Ch. 419.000 to Ch.427.300 [Junction with NH-12 near village Ummedpura to Major bridge over Takli river near Nayagaon Jageer village],1855,1854.68,1331.43,92,04/01/2024,31/05/2026,03/07/2020,-0.017250673854444006,71.77520215633425,March_2026
1230,Roads & Highways,Ministry of Road Transport & Highways,National Highways Authority of India [NHAI],618459,Delhi-Vadodara Greenfield Alignment NH-148N Pkg-26 Ch.696890 to Ch.726390,1555,1556.4,989.48,77,31/08/2024,30/04/2026,08/09/2020,0.09003215434084186,63.63215434083601,March_2026
1231,Roads & Highways,Ministry of Road Transport & Highways,National Highways Authority of India [NHAI],619197,Delhi-Vadodara Greenfield Alignment NH-148N Pkg-27 Ch.729.700 to Ch.756.052,1186,1259.27,970.22,96,14/02/2024,30/04/2026,08/09/2020,6.177908937605395,81.80607082630692,March_2026
1232,Roads & Highways,Ministry of Road Transport & Highways,National Highways Authority of India [NHAI],618460,Delhi-Vadodara Greenfield Alignment NH-148N Pkg-28 Ch.756052 to Ch.781282,1263,1266.98,864.33,100,15/11/2023,30/04/2026,08/09/2020,0.315122723673794,68.43467933491686,March_2026
1233,Roads & Highways,Ministry of Road Transport & Highways,National Highways Authority of India [NHAI],618462,Delhi-Vadodara Greenfield Alignment NH-148N Pkg-31 Ch.824920 to Ch.844382 [Junction near Pratap nagar Village - Junction near Dodka Village],1645,1651.14,961.69,100,18/05/2023,30/04/2026,25/11/2019,0.3732522796352644,58.4613981762918,March_2026
1234,Roads & Highways,Ministry of Road Transport & Highways,National Highways Authority of India [NHAI],618612,Deogarh near Dhandhaniya-Rajasthan/Gujarat Border Phase-I AJ/DRGB-Package-6,847,740.62,671.43,100,11/08/2023,30/04/2026,01/10/2019,-12.559622195985831,79.27154663518299,March_2026
1235,Roads & Highways,Ministry of Road Transport & Highways,National Highways Authority of India [NHAI],618613,Deogarh near Dhandhaniya-Rajasthan/Gujarat Border Phase-I AJ/DRGB-Package-7,662,597.77,507.78,99,15/07/2023,30/04/2026,01/10/2019,-9.702416918429007,76.70392749244712,March_2026
1236,Roads & Highways,Ministry of Road Transport & Highways,National Highways Authority of India [NHAI],618803,Development of 4L Road from Samarlakota to Achampeta Junction as part of Kakinada Port Connectivity to NH-16 Rajanagaram Junction in East Godavari District,646,750.2,569.44,89,15/08/2025,12/05/2026,05/09/2022,16.13003095975233,88.14860681114553,March_2026
1237,Roads & Highways,Ministry of Road Transport & Highways,National Highways Authority of India [NHAI],618552,Development of 6L Greenfield Jalandhar Bypass starting from Kahlwan NH-03 ending at Kang Sahbu NH-703 via Sarmastpur NH-44 - Madara NH-03 - Khajurla NH-44,1755,2167.39,797.54,43,14/01/2025,30/06/2027,31/03/2021,23.49800569800569,45.44387464387464,March_2026
1238,Roads & Highways,Ministry of Road Transport & Highways,National Highways Authority of India [NHAI],618675,Development of 6L of Basanwahi Marangpuri Section from km 99.500 to km 124.661 of NH-130-CD,1307,1303.63,446.43,62,15/10/2025,31/12/2026,21/03/2022,-0.25784238714612784,34.15684774292272,March_2026
1239,Roads & Highways,Ministry of Road Transport & Highways,National Highways Authority of India [NHAI],618673,Development of 6L of Jhanki Sargi Section Road from km 0.000 to km 42.800 of NH-130CD Pkg-CG-1,1368,1129.14,621.25,98,28/09/2024,31/12/2026,22/11/2021,-17.460526315789465,45.41301169590643,March_2026
1240,Roads & Highways,Ministry of Road Transport & Highways,National Highways Authority of India [NHAI],618674,Development of 6L Sargi Basanwahi Section from km 42.800 to km 99.500 of NH-130CD Pkg-CG-2,1471,1461.81,694.45,94,08/01/2025,30/04/2026,20/12/2021,-0.6247450713800173,47.2093813732155,March_2026
1241,Roads & Highways,Ministry of Road Transport & Highways,National Highways Authority of India [NHAI],618509,Development of 6L UER II [Package - I] NH-1 Near Bakoli till Karala Kanjhawala Road from km. 0.70 to km.15.00,2090,2203.45,1797.78,100,27/10/2023,30/04/2026,03/07/2020,5.428229665071762,86.01818181818182,March_2026
1242,Roads & Highways,Ministry of Road Transport & Highways,MoRTH,617977,Development of Chiloda - Gandhinagar- Sarkhej ofNH-147 Package -II,211,234.44,0.0,100,21/11/2020,14/07/2022,13/04/2018,11.109004739336491,0.0,March_2026
1243,Roads & Highways,Ministry of Road Transport & Highways,NHIDCL,618455,Development of External Trunk Connectivity and Internal Infrastructure Works at Multi Model Logistics ParkMMLP at Jogighopa in the State of Assam on EPC Mode Package-I Road and Utility Works,694,0.0,296.96,100,01/04/2022,30/09/2024,03/02/2020,-100.0,42.789625360230545,March_2026
1244,Roads & Highways,Ministry of Road Transport & Highways,MoRTH,618010,Development to 4-lane with paved shoulder for the road section Talwandi Sabo-Raman road to refinery Road junction with Bathinda Dabwali Road of NH-254 from existing Km 131.600 to Km 155.650 Design Km 131600 to km 155600 in the State of Punjab. Job No NH-254-PB-2022-23-565,547,0.0,0.0,45,05/11/2026,05/11/2026,29/03/2023,-100.0,0.0,March_2026
1245,Roads & Highways,Ministry of Road Transport & Highways,National Highways Authority of India [NHAI],618824,"Development to 4-laning of the de-scoped stretches from Km 115.342 to Km 191.700 of NH-34 in Nadia District 3.962 & Murshidabad District 5.538 pertaining to Krishnagar to Berhampore section of NH-34 New NH-12 , in the state of West Bengal under NHO.",201,197.74,47.32,48,16/01/2026,16/07/2026,05/03/2024,-1.6218905472636773,23.54228855721393,March_2026
1246,Roads & Highways,Ministry of Road Transport & Highways,MoRTH,618227,Development to 4/6-lanning of NH-31 New NH-10 with both side service roads from km 569.258 to km 581.030 end of AH-02 project on NH- 31 near Shivmandir to Sevoke Army Cantonment in districts of Darjeeling and Jalpaiguri in the state of West Bengal on EPC Mode Job No. 010/WB/2021-22/490,995,1059.2,456.48,69,19/09/2025,31/03/2027,16/03/2022,6.452261306532668,45.87738693467337,March_2026
1247,Roads & Highways,Ministry of Road Transport & Highways,MoRTH,618155,Development/Widening of Talegaon Chakan Shikrapur Nhavara Section of NH-548D from existing chainage km. 54/000 to 82/300 and Design chainage Km. 54/000 to 82/120 Shikrapur to Nhavara Section to 2LPS/4L Configuration on EPC Mode in the State of Maharashtra.,396,0.0,85.57,63,09/07/2026,04/07/2026,12/03/2024,-100.0,21.608585858585858,March_2026
1248,Roads & Highways,Ministry of Road Transport & Highways,National Highways Authority of India [NHAI],619100,Dhangaon - Borgaon section km 81.000 to km 139.000 [Indore - Edlabad Pkg IV],866,1185.04,590.91,100,03/08/2023,31/05/2026,03/01/2020,36.840646651270205,68.23441108545035,March_2026
1249,Roads & Highways,Ministry of Road Transport & Highways,National Highways Authority of India [NHAI],619210,Dharampuri-Lonand from km. 117.00 to 166.40 Pkg-IV on Mohol-Alandi Section,1412,1358.68,1015.63,97,14/09/2023,30/04/2026,15/01/2021,-3.776203966005661,71.92847025495752,March_2026
1250,Roads & Highways,Ministry of Road Transport & Highways,NHIDCL,618325,Dillai to Lahorijan Package-7,204,0.0,0.0,0,20/07/2024,04/12/2025,23/11/2021,-100.0,0.0,March_2026
1251,Roads & Highways,Ministry of Road Transport & Highways,National Highways Authority of India [NHAI],618562,Dindigul Bypass - Samyanallore from km. 373.275 to km. 426.00,579,295.5,1.4,100,29/01/2009,,,-48.96373056994819,0.24179620034542312,March_2026
1252,Roads & Highways,Ministry of Road Transport & Highways,National Highways Authority of India [NHAI],618710,DL/UP Border - EPE Crossing Pkg-02,2003,1889.78,1732.8,100,07/11/2023,16/04/2026,08/09/2020,-5.652521218172742,86.51023464802795,March_2026
1253,Roads & Highways,Ministry of Road Transport & Highways,MoRTH,618062,Dornala to Kunta Junction from Design Chainage Km 244000 to 267990 section of NH-765 Package-2,245,0.0,0.0,100,13/09/2025,31/01/2026,22/12/2022,-100.0,0.0,March_2026
1254,Roads & Highways,Ministry of Road Transport & Highways,National Highways Authority of India [NHAI],618589,Durg-Raipur Bypass Section Package - 1 from km. 0.00 to km. 44.50 near Tendesara to near Khatti Village,1828,1656.73,626.17,69,20/07/2025,31/12/2026,29/06/2022,-9.36925601750547,34.254376367614874,March_2026
1255,Roads & Highways,Ministry of Road Transport & Highways,National Highways Authority of India [NHAI],618590,Durg-Raipur-Arang Package - 2 from km. 44.50 to km. 92.23 near Khatti Village to near Aurang,1959,1561.97,536.21,66,28/05/2025,31/12/2026,29/06/2022,-20.266972945380296,27.37161817253701,March_2026
1256,Roads & Highways,Ministry of Road Transport & Highways,MoRTH,618192,Duttalur at NH-565 Junction to Kavali Joining on NH-16 Chainage Km. 36/400 to Km. 107/224 excluding the stretch from Km 101.880 to 105.300 67.404 Km of NH-167BG from in the State of Andhra Pradesh on EPC mode,424,0.0,0.0,95,03/07/2024,30/04/2026,31/03/2021,-100.0,0.0,March_2026
1257,Roads & Highways,Ministry of Road Transport & Highways,National Highways Authority of India [NHAI],619202,Dwarka Expressway from Km -0.600 to Km 5.300 - Pkg-I Shivmurti Chowk-RuB near Dwarka Sector 21,2145,3929.5,2990.33,99,24/09/2022,30/04/2026,15/03/2018,83.19347319347318,139.409324009324,March_2026
1258,Roads & Highways,Ministry of Road Transport & Highways,National Highways Authority of India [NHAI],618577,Dwarka Expressway Pkg-III Delhi/HR Border to Start of RoB Gurugram,2228,2298.37,990.89,100,27/11/2020,30/04/2026,18/01/2018,3.1584380610412874,44.47441651705565,March_2026
1259,Roads & Highways,Ministry of Road Transport & Highways,NHIDCL,618454,"Earthwork in Formation, Road Work, Construction of Bridges, Blanketing, P. Way Linking works including Supply of P. Way Fittings and Track Ballast in connection with Construction of Railway Siding from Jogighopa Railway Station to MMLP at Jogighopa from Ch. 00 to 3760 on Item Rate basis Package -3, Railway Siding from Jogighopa Railway Station to MMLP",694,0.0,37.6,93,01/06/2022,20/09/2024,03/02/2020,-100.0,5.417867435158501,March_2026
1260,Roads & Highways,Ministry of Road Transport & Highways,MoRTH,618146,Estimate for Improvement to two lane with paved shoulder from Ramnagar to Roseda from km 3.500 to 43.000 of NH 527 E on EPC mode in State of Bihar,495,0.0,0.0,32,11/04/2026,30/04/2027,11/01/2022,-100.0,0.0,March_2026
1261,Roads & Highways,Ministry of Road Transport & Highways,National Highways Authority of India [NHAI],618555,"Flyover at Km.544.650 including ROB, Service Roads ,Footpath for RCC drains on urban link to Nagpur -Raipur road Pardi octroi Naka to Itwari",1098,758.4,308.61,98,30/03/2019,30/04/2026,22/12/2015,-30.92896174863388,28.106557377049178,March_2026
1262,Roads & Highways,Ministry of Road Transport & Highways,National Highways Authority of India [NHAI],618866,"Four Lane Highway from Chandan Nagar Existing Km. 59.025 of NH 530B/Design Km. 179.5000 to Bareilly BypassStartExisting Km. 59.025 of NH 530B/Design Km. 218.000 Section of NH 530B, in the State of Uttar Pradesh on HAM Mode under NH0",2077,1112.44,144.68,12,18/11/2027,18/11/2027,09/12/2024,-46.44005777563794,6.965816080885894,March_2026
1263,Roads & Highways,Ministry of Road Transport & Highways,National Highways Authority of India [NHAI],618626,Four laning from Dive Ghat Km. 220.900 to Hadapsar Km. 234.150 of Mohol Alandi section Pkg VI of NH-965,820,400.0,104.41,60,14/10/2026,12/04/2027,14/12/2023,-51.21951219512195,12.732926829268292,March_2026
1264,Roads & Highways,Ministry of Road Transport & Highways,National Highways Authority of India [NHAI],619118,Four Laning of Angul to Sambalpur from Km.112.000 to Km.265.000,2510,2632.91,1194.08,100,31/08/2019,30/04/2026,22/09/2016,4.896812749003978,47.57290836653386,March_2026
1265,Roads & Highways,Ministry of Road Transport & Highways,National Highways Authority of India [NHAI],619131,Four Laning of Chettikulam to Natham section of NH-785,838,823.93,168.75,100,03/11/2020,31/05/2026,13/03/2018,-1.6789976133651612,20.13723150357995,March_2026
1266,Roads & Highways,Ministry of Road Transport & Highways,National Highways Authority of India [NHAI],618874,Four Laning of Trichy - Dindigul from km. 333.00 to km. 421.273 of NH-45,1003,435.81,8.36,100,14/07/2010,30/04/2026,19/12/2006,-56.549351944167505,0.8334995014955134,March_2026
1267,Roads & Highways,Ministry of Road Transport & Highways,National Highways Authority of India [NHAI],619145,Four Laning of Una to Kodinar from km. 180.478 to km. 221.610 Package-V,878,1126.66,611.08,100,08/08/2019,31/03/2025,17/02/2016,28.32118451025058,69.5990888382688,March_2026
1268,Roads & Highways,Ministry of Road Transport & Highways,NHAI,619295,Four/Six laning of Bhaniyawala-Jollygrant-Rishikesh spur section of NH-07 from Km. 0.000 to Km 19.780,742,664.92,0.3,0,30/11/2027,30/11/2027,03/02/2023,-10.388140161725074,0.04043126684636119,March_2026
1269,Roads & Highways,Ministry of Road Transport & Highways,MoRTH,617961,Gaya-Hisua-Rajgir-Nalanda-Biharsharif section km0.00 to 92.935 NH-82,1409,2138.16,0.0,97,06/11/2019,31/07/2026,21/01/2014,51.75017743080198,0.0,March_2026
1270,Roads & Highways,Ministry of Road Transport & Highways,National Highways Authority of India [NHAI],619096,Goa / Karnataka Km.93.700 to Kundapur Km.283.30,1645,1990.99,326.66,98,28/08/2016,31/07/2026,31/07/2012,21.032826747720364,19.85775075987842,March_2026
1271,Roads & Highways,Ministry of Road Transport & Highways,National Highways Authority of India [NHAI],618580,Gohana - Sonipat PKG-2,1275,1957.44,722.22,98,24/07/2022,30/04/2026,25/01/2019,53.52470588235294,56.644705882352945,March_2026
1272,Roads & Highways,Ministry of Road Transport & Highways,MoRTH,618052,Gorantla - Hindupur section from Km 120/300 to 165/000 of NH716G in the State of Andhra Pradesh,809,0.0,0.0,9,17/08/2027,17/08/2027,15/10/2024,-100.0,0.0,March_2026
1273,Roads & Highways,Ministry of Road Transport & Highways,National Highways Authority of India [NHAI],618737,Grade separated Interchanges at Km. 113.730 junction with Ranchi Hazaribagh Road & Km. 139.225 junction with Ranchi Jamshedpur road on 4L Ranchi Bypass of NH-33,304,5.58,0.73,0,25/12/2027,25/12/2027,29/01/2025,-98.16447368421053,0.24013157894736842,March_2026
1274,Roads & Highways,Ministry of Road Transport & Highways,National Highways Authority of India [NHAI],618551,Greenfield connectivity from Govindsar village on Delhi Amritsar Katra Expressway to Talwara village on NH-44 Pathankot by-pass,667,690.47,36.91,22,15/07/2027,15/07/2027,08/11/2024,3.5187406296851615,5.533733133433283,March_2026
1275,Roads & Highways,Ministry of Road Transport & Highways,MoRTH,617984,"Gudivada Town 2 RoB, and Road improvement NH-165",317,0.0,0.0,73,21/05/2025,01/06/2026,16/03/2022,-100.0,0.0,March_2026
1276,Roads & Highways,Ministry of Road Transport & Highways,MoRTH,618097,Guhagar - Rampur - 2L-PS - km 0/00 Guhagar to 26/230 Rampur and 40/00 Mirjoli to 53/600 Sati on NH-166E,407,0.0,0.0,92,13/06/2019,31/08/2025,24/01/2017,-100.0,0.0,March_2026
1277,Roads & Highways,Ministry of Road Transport & Highways,National Highways Authority of India [NHAI],618934,Guwahati Ring Road in the State of Assam,5729,0.0,2.25,0,22/01/2030,22/01/2030,02/08/2024,-100.0,0.039273869785302847,March_2026
1278,Roads & Highways,Ministry of Road Transport & Highways,National Highways Authority of India [NHAI],618951,Hariharganj to Parwa Mode section from km 23.284 to km 57.049 of NH-98,1126,1186.56,573.03,91,29/02/2024,30/04/2026,29/09/2020,5.378330373001771,50.890763765541735,March_2026
1279,Roads & Highways,Ministry of Road Transport & Highways,National Highways Authority of India [NHAI],619117,Hassan km 184.912 to Maranahally km 230.060 of NH - 75 in Karnataka,1022,1091.4,695.38,98,07/03/2019,30/04/2026,29/12/2015,6.790606653620361,68.04109589041096,March_2026
1280,Roads & Highways,Ministry of Road Transport & Highways,National Highways Authority of India [NHAI],619144,Hospet - Chitradurga from km. 299.00 to km. 418.750,1520,387.48,35.48,100,15/08/2018,30/06/2026,17/03/2015,-74.5078947368421,2.3342105263157893,March_2026
1281,Roads & Highways,Ministry of Road Transport & Highways,National Highways Authority of India [NHAI],618581,Hosur to Dhamrapuri Pkg-1 [Neraluru - Thorapalli Agraharam],1757,1828.66,927.75,79,24/10/2024,31/07/2026,07/10/2021,4.078542970973255,52.8030734206033,March_2026
1282,Roads & Highways,Ministry of Road Transport & Highways,National Highways Authority of India [NHAI],618944,Hyderabad - Maneguda,959,1218.49,142.89,12,26/11/2026,26/11/2026,07/10/2021,27.058394160583944,14.899895724713241,March_2026
1283,Roads & Highways,Ministry of Road Transport & Highways,National Highways Authority of India [NHAI],618663,i 4L Vidisha to Hinotiya from km 0.000 to Km 27.000 Vidisha Mehulwa-Talbehat Pkg-I Section of NH- 346 and ii 4L Vidisha to Morikori from Km 39.000 to 59.476 section of NH-146,1004,941.12,342.87,80,20/12/2025,30/05/2026,19/09/2022,-6.2629482071713145,34.15039840637451,March_2026
1284,Roads & Highways,Ministry of Road Transport & Highways,National Highways Authority of India [NHAI],618928,"Improvement & Up-gradation of NH-734 Section of Moradabad-Thakurdwara Kashipur including Moradabad & Kashipur Bypasse Package-III Kashipur Bypass Length 14.490 Km., Starts from Ch. 38770 and ends at Ch. 53260 existing Ch. 05560",936,717.5,300.06,42,14/09/2025,31/12/2026,02/02/2023,-23.344017094017094,32.05769230769231,March_2026
1285,Roads & Highways,Ministry of Road Transport & Highways,NHIDCL,618350,Improvement & widening of existing NH-08 to 4-lane with Paved Shoulder from Champak Nagar to Khayerpur section design Km 242500 to Km 261610 in the state of Tripura on EPC basis under NHO-NE,921,0.0,0.0,44,28/09/2026,31/03/2027,21/12/2023,-100.0,0.0,March_2026
1286,Roads & Highways,Ministry of Road Transport & Highways,National Highways Authority of India [NHAI],618586,Improvement and strengthening of existing 2 lane stretch to 2-Lane with PS 1.5m on both sides on Ghoti-Sinnar section of NH-160A using Thin White Topping 200mm thick in the State Of Maharashtra on EPC Mode,255,147.64,99.89,76,16/06/2026,15/06/2026,06/03/2025,-42.10196078431373,39.17254901960784,March_2026
1287,Roads & Highways,Ministry of Road Transport & Highways,MoRTH,618251,"Improvement and Up gradation to four lane with Paved shoulder configuration from Existing Km 0000 to Km 39500 design km 0500 to Km 40342, Design length km of NH 227A near Mehrauna GhatUP Bihar Border to Siwan on the state of Bihar on Hybrid Annuity Model HAM basis",1661,0.0,0.0,5,05/03/2028,05/03/2028,09/03/2023,-100.0,0.0,March_2026
1288,Roads & Highways,Ministry of Road Transport & Highways,National Highways Authority of India [NHAI],618855,"Improvement and Up-Gradation of Existing Road to 2/4L PS from Km 40.000 to 88.750, start of Khutar bypass to start of Shahjahanpur bypass of NH 731Pkg-I",839,838.68,560.48,99,02/02/2025,15/04/2026,30/03/2022,-0.03814064362336711,66.80333730631705,March_2026
1289,Roads & Highways,Ministry of Road Transport & Highways,National Highways Authority of India [NHAI],618856,"Improvement and Up-Gradation of Existing Road to 4L PS from Km 123.650 to 175.080, from Start of Shahabad Bypass to End of Hardoi bypass of NH 731 Pkg-2B",1102,1212.26,312.89,60,19/11/2025,31/12/2026,18/09/2022,10.005444646098002,28.39292196007259,March_2026
1290,Roads & Highways,Ministry of Road Transport & Highways,National Highways Authority of India [NHAI],618859,"Improvement and Up-Gradation of Existing Road to 4L PS from Km 229.070 to 260.800, End of Hardoi District to Lucknow Ring road of NH 731 Pkg-4",576,553.61,371.48,99,23/10/2024,30/04/2026,17/09/2021,-3.8871527777777755,64.49305555555556,March_2026
1291,Roads & Highways,Ministry of Road Transport & Highways,National Highways Authority of India [NHAI],618858,"Improvement and Up-Gradation of Existing Road to 4L PS from Km 88.750 to 123.650, from Start of Shahjahanpur Bypass to start of Shahabad bypass of NH 731Pkg.-2A",955,955.34,240.51,62,18/01/2026,31/12/2026,18/09/2022,0.03560209424084103,25.184293193717277,March_2026
1292,Roads & Highways,Ministry of Road Transport & Highways,MoRTH,618112,"Improvement and up-gradation of NH-227B 84 Kosi Parikrama Marg Package I, from km 228.920 Jagarnathpur to Km 235.960/0.000 MakhaudaDham to Km 29.000 Sarpur in the State of Uttar Pradesh on EPC basis",912,0.0,0.0,3,27/11/2026,27/11/2026,31/03/2022,-100.0,0.0,March_2026
1293,Roads & Highways,Ministry of Road Transport & Highways,MoRTH,618113,"Improvement and up-gradation of NH-227B 84 Kosi Parikrama Marg Package III, from Km.47.800 Gosaiganj to Km.73.300 Bikapur in the State of Uttar Pradesh on EPC basis.",588,0.0,37.37,28,18/11/2026,18/11/2026,31/03/2022,-100.0,6.355442176870747,March_2026
1294,Roads & Highways,Ministry of Road Transport & Highways,MoRTH,618162,"Improvement and up-gradation to 2LPS of NH-227B 84-Kosi Parikrama Marg PackageVI, Design Km 160200 Bahuvan Madar Majha to Km 224040 Jagarnathpur under HAM",2009,0.0,0.0,5,15/01/2028,15/01/2028,23/05/2023,-100.0,0.0,March_2026
1295,Roads & Highways,Ministry of Road Transport & Highways,MoRTH,618056,Improvement and Up-gradation to two Lane with Paved Shoulder Configuration from existing km. 420.00 Shohrathgarh to km. 454.00 Uska Bazar of NH-730 in the state of Uttar Pradesh EPC basis,510,484.42,98.47,54,14/09/2025,31/12/2026,08/01/2022,-5.0156862745098,19.307843137254903,March_2026
1296,Roads & Highways,Ministry of Road Transport & Highways,MoRTH,618252,"Improvement and Up-gradation to two Lane with Paved Shoulder/Four Lane configuration from existing Km 130.000 to Km 191.000 design km 131.500 to Km 188.735, Design length 57.235 Km of NH-227A near Barhalganj to Mehrauna Ghat in the state of Uttar Pradesh on Hybrid Annuity Model HAM basis",974,1344.61,0.73,44,04/05/2027,03/05/2027,08/01/2022,38.05030800821354,0.07494866529774127,March_2026
1297,Roads & Highways,Ministry of Road Transport & Highways,MoRTH,618110,Improvement and upgradation to two lane with Paved Shoulder configuration from existing km 55.00 to km 90.00 Design length 34.76 of NH-227A near Chhapia Village to near Sikriganj in the State of UP on EPC Mode.,307,0.0,125.88,0,02/05/2024,05/07/2025,08/11/2021,-100.0,41.00325732899023,March_2026
1298,Roads & Highways,Ministry of Road Transport & Highways,MoRTH,618111,Improvement and upgradation to two lane with paved shoulder configuration from existing km 90.00 to 130.00 Design length 39.15 of NH-227A near Sikriganj to Barhalganj in the State of UP on EPC Mode.,403,345.34,0.0,93,10/06/2025,30/04/2026,08/08/2021,-14.307692307692314,0.0,March_2026
1299,Roads & Highways,Ministry of Road Transport & Highways,NHIDCL,618294,Improvement and Widening of National Highway No. 127B Darugiri - Songsak - Williamnagar Junction Section to two lane with paved shoulder from design Km 0000 to Km 36635 Design length 36.635 Km existing Km 112000 to Km 151060 of NH-1278 under Bharatmala Pariyojana Lot-1 Pkg-1B Meghalaya portion,801,0.0,64.53,24,26/09/2027,26/09/2027,31/03/2023,-100.0,8.0561797752809,March_2026
1300,Roads & Highways,Ministry of Road Transport & Highways,NHIDCL,618368,Improvement and Widening to 2-lane with paved shoulder of road from design Km 36.000 Rangamati to design Km 72.000 Pati Chhari Total length 36.000 Km on Teliamura to Harina section of NH 208 in the state of Tripura on EPC mode under JICA ODA Loan Phase VI Package-3,671,0.0,0.0,12,02/09/2026,02/09/2026,09/01/2024,-100.0,0.0,March_2026
1301,Roads & Highways,Ministry of Road Transport & Highways,NHIDCL,618367,Improvement and Widening to 2-lane with paved shoulder of road from design Km 72.000 Pati Chhari to design Km 107.654 Harina Total length 35.654 Km on Teliamura to Harina section of NH 208 in the state of Tripura on EPC mode under JICA ODA Loan Phase VI Package-4,727,0.0,194.74,8,20/12/2026,20/12/2026,09/01/2024,-100.0,26.786795048143052,March_2026
1302,Roads & Highways,Ministry of Road Transport & Highways,NHIDCL,618369,Improvement and Widening to 2-lane with paved shoulder of road from existing Km 438.170 Khowai Chowmuhani to existing Km 439.410 South Pulinpur of NH-08 and from design Km 0.000 South Pulinpur to design Km 36.00 near Rangamati of NH 208 on Khowai Teliamura- Harina section Total length 37.24 in the state of Tripura on EPC mode under JICA ODA Loan Phase VI Package-2,657,0.0,0.0,55,02/09/2026,02/09/2026,09/01/2024,-100.0,0.0,March_2026
1303,Roads & Highways,Ministry of Road Transport & Highways,NHIDCL,618370,Improvement and Widening to 2-lane with paved shoulder of road from Km 101.300 to km 127.319 Total Length 26.019 Km i.e. the Khowai Teliamura-Amarpur-Harina-Sabroom section of NH 208 in the state of Tripura on EPC under JICA ODA Loan Phase VI Package-1,432,0.0,0.0,55,17/07/2026,18/12/2026,09/01/2024,-100.0,0.0,March_2026
1304,Roads & Highways,Ministry of Road Transport & Highways,MoRTH,618076,Improvement and Widening two lannig with paved Shoulder of NH 127B from km 31.500 Goeragre to km 63.224 Package-II in state of Meghalaya,504,350.67,0.0,2,15/05/2027,,08/12/2023,-30.422619047619044,0.0,March_2026
1305,Roads & Highways,Ministry of Road Transport & Highways,National Highways Authority of India [NHAI],618806,Improvement of 4L road to 6L road and 4L dedicated Port Roads for the Port connectivity road from Convent junction to Sheelanagar Junction,686,680.21,444.34,79,13/02/2026,30/06/2026,20/01/2023,-0.844023323615155,64.77259475218659,March_2026
1306,Roads & Highways,Ministry of Road Transport & Highways,NHIDCL,618416,"Improvement of existing road to 2 laning with Hard Shoulders of Maram -Peren section Package-1A, length- 22.340Km from Design Chainage 0.000 km to 22.340 km on NH-129A in the State of Manipur on EPC mode",226,0.0,179.09,75,22/12/2022,31/07/2026,11/02/2021,-100.0,79.2433628318584,March_2026
1307,Roads & Highways,Ministry of Road Transport & Highways,NHIDCL,618415,"Improvement of existing road to 2 laning with Hard Shoulders of Maram-Peren section Package-1B, length- 17.660 km from Design Chainage 22.340 km to 40.000 km on NH-129A in the State of Manipur on EPC mode",188,0.0,0.0,100,22/12/2022,06/03/2026,11/02/2021,-100.0,0.0,March_2026
1308,Roads & Highways,Ministry of Road Transport & Highways,National Highways Authority of India [NHAI],618558,Improvement of Geometrics of Kalkallu to Gundla Pochanpalli from Km 454.00 to Km 471.00 of NH-44,955,903.17,427.43,36,22/01/2025,30/07/2026,04/03/2022,-5.427225130890056,44.75706806282723,March_2026
1309,Roads & Highways,Ministry of Road Transport & Highways,National Highways Authority of India [NHAI],618560,Improvement of Geometrics of Thondupally to Kothur from Km 22.300 to Km 34.14 of NH-44,542,527.43,72.23,17,16/09/2024,,04/03/2022,-2.6881918819188284,13.326568265682656,March_2026
1310,Roads & Highways,Ministry of Road Transport & Highways,MoRTH,618073,Improvement to Two lane with Paved Shoulder from Junction of NH22 near Hajipur to Junction of NH -122 at Bachhwara via Mahnar and Mohiuddin Nagar from Km 0.00 to Km 29.730 of NH 122 B in the State of Bihar.,226,0.0,0.0,44,28/02/2026,31/12/2026,27/02/2024,-100.0,0.0,March_2026
1311,Roads & Highways,Ministry of Road Transport & Highways,MoRTH,618080,Improvement to two lane with paved shoulders of BH WB Border Amdabad Manihari section from design Km 0.000 to Km 23.945 of NH 131 A Total length 23.945 Km under EPC mode in the state of Bihar,353,0.0,0.0,3,26/03/2026,,24/01/2022,-100.0,0.0,March_2026
1312,Roads & Highways,Ministry of Road Transport & Highways,MoRTH,618121,Improvement to two lane with paved shoulders of NH-319A from km 0 to km 45 in state of Bihar under EPC mode,427,0.0,178.43,93,19/12/2024,26/07/2026,09/02/2022,-100.0,41.78688524590164,March_2026
1313,Roads & Highways,Ministry of Road Transport & Highways,MoRTH,618211,Improvement/construction of 2-lane with paved shoulder of Askote Llipulekh road from Tawaghat village to Budhi village design km. 56935 to km 95748 and from end of Tunnel portal to Kali Mandir design km 113828 to km. 133078 [total design length 58.063 km] under project Hirak of BRO in the state of Uttarakhand under Bharatmala Pariyojna on EPC Mode,650,0.0,0.0,30,24/11/2026,24/11/2026,19/05/2022,-100.0,0.0,March_2026
1314,Roads & Highways,Ministry of Road Transport & Highways,MoRTH,618216,"Improvement/construction of existing CL-5 Road to NH Intermediate lane specification with hard shoulder from Km 133.000 to 166.000 net Length 33.000 kms of NH-505 Sumdo-Kaza-Gramphoo road in the state of Himachal Pradesh on EPC mode under project Deepak, BRO",231,203.15,15.16,23,30/06/2026,30/06/2026,08/03/2021,-12.056277056277054,6.562770562770563,March_2026
1315,Roads & Highways,Ministry of Road Transport & Highways,MoRTH,618215,"Improvement/construction of existing CL-5 Road to NH Intermediate lane specification with hard shoulder from Km 166.000 to 203.77 net Length 37.770 kms of NH-505 Sumdo-Kaza-Gramphoo road in the state of Himachal Pradesh on EPC mode under project Deepak, BRO",274,194.0,0.0,22,09/06/2027,09/06/2027,14/06/2021,-29.1970802919708,0.0,March_2026
1316,Roads & Highways,Ministry of Road Transport & Highways,MoRTH,618217,Improvement/construction of existing Class-5 Road to NH Intermediate lane specification with hard shoulder from existing Km 76/340 to 134/940 Design chainage from Km 76/300 to 133/000 net Length 56.700 kms of NH-505 Sumdo-Kaza-Gramphoo road in the state of Himachal Pradesh Package I,315,244.15,76.97,60,11/05/2026,11/05/2026,03/03/2021,-22.49206349206349,24.434920634920633,March_2026
1317,Roads & Highways,Ministry of Road Transport & Highways,NHIDCL,618299,Improvement/Up-gradation of existing 2-Lane Road to 4-Lane Divided Highway from Daili to Kuraopokpi section of Imphal-Kohima road NH-02 Design Chainage from Km 274610 to Km 287000 in the state of Manipur on EPC mode Pkg-4B,269,0.0,0.0,53,05/06/2026,05/06/2026,01/09/2020,-100.0,0.0,March_2026
1318,Roads & Highways,Ministry of Road Transport & Highways,NHIDCL,618300,Improvement/Up-gradation of existing 2-Lane Road to 4-Lane Divided Highway from Taphukuki to Daili section of Imphal-Kohima road NH-02 Design Chainage from Km 262175 to Km 274610 in the state of Manipur on EPC mode Pkg-4A,379,0.0,301.89,87,18/04/2022,31/08/2026,01/09/2020,-100.0,79.65435356200527,March_2026
1319,Roads & Highways,Ministry of Road Transport & Highways,NHIDCL,618295,Improvement/Widening of New NH-217 Dainadubi-Darugiri section to Two lane with paved shoulder in Meghalaya from design Km 0000 to Km 40840 existing Km 8600 to Km 53000 of Old NH-62 under BMP Lot-1 Pkg-1B Meghalaya portion,706,0.0,0.0,39,20/03/2027,19/03/2027,22/03/2023,-100.0,0.0,March_2026
1320,Roads & Highways,Ministry of Road Transport & Highways,NHIDCL,618374,Improvement/Widening to 2-L with Paved Shoulder/ 4-Laning of NH-40 section from Km 151330 to Km 163400 design Km 63.530 to Km 71.520 including Dawki Bridge of length 368 m between Shillong-Dawki under JICA ODA Loan assistance Phase-II Pkg-5 -Balance work,284,0.0,0.0,39,13/11/2026,13/11/2026,13/07/2020,-100.0,0.0,March_2026
1321,Roads & Highways,Ministry of Road Transport & Highways,NHIDCL,618377,Improvement/Widening to 2-L with Paved Shoulder/4-L from Km 81740 to Km 93490 design Km 0000 to Km 10670 of NH-40 New NH-106 & 206 section & 4-L from design Km 0.00 to Km 0.930 of NH-44 section between Shillong-Dawki under JICA ODA Loan assistance Phase-II -Balance Work Pkg-1,351,0.0,0.0,93,22/10/2025,15/04/2026,13/07/2020,-100.0,0.0,March_2026
1322,Roads & Highways,Ministry of Road Transport & Highways,NHIDCL,618376,Improvement/Widening to 2-Lane with Paved Shoulder between Shillong-Dawki road up to Bangladesh Border from design Km 10.670 to Km 37.550 under JICA ODA Loan assistance Phase-II -Balance Work-Pkg-2,526,0.0,0.0,49,07/08/2026,31/12/2026,13/07/2020,-100.0,0.0,March_2026
1323,Roads & Highways,Ministry of Road Transport & Highways,NHIDCL,618375,Improvement/Widening to 2-Lane with Paved Shoulder from design Km 45.760 to Km 63.530 between Shillong-Dawki under JICA ODA Loan assistance Phase-II -Balance work Pkg-4,446,0.0,42.32,49,19/04/2026,31/10/2026,13/07/2020,-100.0,9.488789237668161,March_2026
1324,Roads & Highways,Ministry of Road Transport & Highways,National Highways Authority of India [NHAI],618561,Improving the Alignment of Thoppur Ghat Section from Km 158.500 to Km 165.100 in Dharmapuri - Salem Section of NH-44,905,731.09,137.39,34,20/03/2028,20/03/2028,07/03/2024,-19.216574585635353,15.181215469613257,March_2026
1325,Roads & Highways,Ministry of Road Transport & Highways,National Highways Authority of India [NHAI],618621,Indore - Edlabad Pkg-II [Tejajinagar to Balwara],1163,1530.82,486.3,84,15/01/2025,31/05/2026,11/03/2022,31.626827171109195,41.814273430782464,March_2026
1326,Roads & Highways,Ministry of Road Transport & Highways,National Highways Authority of India [NHAI],618625,Indore - Gujarat / MP Border from km. Km 9.500 to Km 171.000 of NH-59 in MP,1175,217.22,14.04,100,14/02/2013,31/05/2026,16/12/2009,-81.5131914893617,1.1948936170212765,March_2026
1327,Roads & Highways,Ministry of Road Transport & Highways,National Highways Authority of India [NHAI],618694,Indore - Harda Pkg-I [Indore to Raghav Garh from km. 0.25 to km. 26.903],1011,813.03,371.56,91,31/10/2024,31/05/2026,31/01/2022,-19.581602373887243,36.75173095944609,March_2026
1328,Roads & Highways,Ministry of Road Transport & Highways,National Highways Authority of India [NHAI],619114,Indore - Harda Pkg-II [Raghavgarh to Nanasa from km. 29.30 to km. 92.30],1082,1146.63,345.65,40,14/03/2026,31/12/2026,04/01/2023,5.973197781885407,31.94547134935305,March_2026
1329,Roads & Highways,Ministry of Road Transport & Highways,National Highways Authority of India [NHAI],618695,Indore - Harda Pkg-III [Nanasa to Pidgaon Section from km 95.000 to km 142.445],1146,1240.64,566.38,96,06/10/2023,30/04/2026,01/01/2020,8.258289703315889,49.42233856893542,March_2026
1330,Roads & Highways,Ministry of Road Transport & Highways,National Highways Authority of India [NHAI],618762,Itarsi Km. 63.000 to Betul Km. 137.000 of NH-69 in Madhya Pradesh,950,788.33,395.04,100,21/02/2020,30/04/2026,31/08/2017,-17.017894736842102,41.58315789473684,March_2026
1331,Roads & Highways,Ministry of Road Transport & Highways,National Highways Authority of India [NHAI],618936,Jagadhari - Tajewala from Km -0.175 to 32.337 km of NH-344,1270,919.43,651.45,59,06/02/2025,30/11/2026,31/03/2022,-27.60393700787402,51.295275590551185,March_2026
1332,Roads & Highways,Ministry of Road Transport & Highways,NHIDCL,618407,Jammu-Akhnoor Road Pkg-I,245,0.0,82.06,68,09/01/2025,30/04/2026,14/03/2018,-100.0,33.493877551020404,March_2026
1333,Roads & Highways,Ministry of Road Transport & Highways,MoRTH,618007,Jaynagar-Narahia Section km 156.500 to km 219.945 Lot-III,553,706.39,0.0,99,11/11/2018,31/08/2025,01/02/2016,27.7377938517179,0.0,March_2026
1334,Roads & Highways,Ministry of Road Transport & Highways,National Highways Authority of India [NHAI],619208,Kadambattukonam-Kazhakuttom,3636,3526.33,524.28,44,18/01/2025,31/12/2026,06/12/2021,-3.016226622662268,14.41914191419142,March_2026
1335,Roads & Highways,Ministry of Road Transport & Highways,National Highways Authority of India [NHAI],619146,Kagvadar - Una Package-IV,751,955.78,331.94,98,16/09/2019,30/04/2026,17/02/2016,27.267643142476693,44.19973368841544,March_2026
1336,Roads & Highways,Ministry of Road Transport & Highways,National Highways Authority of India [NHAI],618899,Kallagam km.38.700 to Meensurutti Km.98.433 of NH-227 in Tamil Nadu,1499,1499.12,640.87,100,22/04/2021,30/04/2026,27/02/2018,0.00800533689125356,42.753168779186126,March_2026
1337,Roads & Highways,Ministry of Road Transport & Highways,National Highways Authority of India [NHAI],618895,Kamalapuram to Oddanchatram from km. 0.00 to km. 35.822,1319,1319.42,388.15,92,20/01/2023,31/05/2026,22/01/2019,0.031842304776351235,29.4275966641395,March_2026
1338,Roads & Highways,Ministry of Road Transport & Highways,MoRTH,617948,Kante - Wakad section of NH-66 4L PS from Km.281/300 to 332/200,1118,2020.56,287.96,90,12/11/2019,30/11/2025,17/03/2016,80.7298747763864,25.756708407871198,March_2026
1339,Roads & Highways,Ministry of Road Transport & Highways,National Highways Authority of India [NHAI],618521,Karaipettai to Walajapet from Km 71.015 to 107.091,767,766.51,427.32,94,09/02/2021,30/04/2026,08/08/2018,-0.06388526727509897,55.71316818774446,March_2026
1340,Roads & Highways,Ministry of Road Transport & Highways,NHIDCL,618408,Kargil Zanskar Road,398,0.0,282.19,91,02/01/2023,15/07/2026,31/03/2021,-100.0,70.90201005025125,March_2026
1341,Roads & Highways,Ministry of Road Transport & Highways,National Highways Authority of India [NHAI],619201,Karnal ring road Lot-4/Pkg-1,1741,2041.54,410.51,92,30/08/2025,31/10/2026,04/11/2022,17.262492820218263,23.57897759908099,March_2026
1342,Roads & Highways,Ministry of Road Transport & Highways,MoRTH,617944,Kashedi ghat tunnel NH-66 [Bhogaon Khurd - Kashedi section] 4 lanes under NHDP on EPC mode,680,701.46,0.0,98,14/04/2021,14/04/2021,25/09/2018,3.155882352941182,0.0,March_2026
1343,Roads & Highways,Ministry of Road Transport & Highways,MoRTH,617946,Kashedi to Parshuram Ghat section of NH-66 from Km 161/600 - Km 205/400 - 4L PS,1143,0.0,0.0,98,02/02/2020,31/12/2025,07/03/2016,-100.0,0.0,March_2026
1344,Roads & Highways,Ministry of Road Transport & Highways,National Highways Authority of India [NHAI],618746,Khammam-Devarapalle Pkg I [4L Access Controlled Greenfield from Thallampadu village to Somavaram village Design Chainage 0000 to 33604],797,1337.18,570.71,95,30/10/2024,30/04/2026,22/01/2021,67.77666248431619,71.60727728983689,March_2026
1345,Roads & Highways,Ministry of Road Transport & Highways,National Highways Authority of India [NHAI],619128,Khammam-Devarapalle Pkg II [4L Access Controlled Greenfield from Somavaram village to Chintagudem village Design Chainage 33604 to 63117],616,981.64,363.74,98,12/09/2024,30/04/2026,22/01/2021,59.357142857142854,59.0487012987013,March_2026
1346,Roads & Highways,Ministry of Road Transport & Highways,National Highways Authority of India [NHAI],618747,Khammam-Devarapalle Pkg III [4L Access Controlled Greenfield from Chintagudem village to Recherla village Design Chainage 63117 to 105236],830,1227.07,441.32,99,26/09/2024,30/04/2026,22/01/2021,47.83975903614457,53.17108433734939,March_2026
1347,Roads & Highways,Ministry of Road Transport & Highways,National Highways Authority of India [NHAI],618748,Khammam-Devarapalle Pkg IV [4L Access Controlled Greenfield from Recherla village to Gurvaygudem village Design Chainage 105236 to 132664],569,752.02,355.88,100,25/09/2024,31/05/2025,23/11/2020,32.16520210896309,62.54481546572935,March_2026
1348,Roads & Highways,Ministry of Road Transport & Highways,National Highways Authority of India [NHAI],618749,Khammam-Devarapalle Pkg V [4L Access Controlled Greenfield from Gurvaygudem village to Devarapalle village Design Chainage 132664 to 162126,712,926.48,407.99,98,25/09/2024,30/04/2026,07/12/2020,30.123595505617978,57.30196629213483,March_2026
1349,Roads & Highways,Ministry of Road Transport & Highways,National Highways Authority of India [NHAI],618833,Kodinar - Veraval Package VI from km. 221.610 to km. 263.00 of NH-8E & km. 120.900 to km. 121.150 of NH-8D,894,1127.42,453.77,99,30/07/2020,30/04/2026,17/02/2016,26.109619686800905,50.757270693512304,March_2026
1350,Roads & Highways,Ministry of Road Transport & Highways,MoRTH,618101,Kondamodu to Perecherla Section Design Ch. Km 000 to Km 49917 of NH-167AG to to 4LPS,882,0.0,0.0,25,19/04/2027,19/04/2027,15/10/2024,-100.0,0.0,March_2026
1351,Roads & Highways,Ministry of Road Transport & Highways,MoRTH,617965,Kopargaon to Savali Vihir section,195,0.0,0.0,80,13/07/2024,30/06/2026,22/06/2022,-100.0,0.0,March_2026
1352,Roads & Highways,Ministry of Road Transport & Highways,National Highways Authority of India [NHAI],618607,Kottankulangara- Start of Kollam Bypass,2842,3680.49,783.02,74,07/10/2024,31/08/2026,08/06/2021,29.50351864883884,27.551724137931032,March_2026
1353,Roads & Highways,Ministry of Road Transport & Highways,National Highways Authority of India [NHAI],619098,Kozhikode Bypass Calicut Bypass Vengalam Jn. to Ramanattukara Jn.,1425,2139.18,927.08,99,21/02/2023,12/04/2026,15/02/2018,50.117894736842096,65.05824561403509,March_2026
1354,Roads & Highways,Ministry of Road Transport & Highways,MoRTH,617986,Kurnool/Kadapa Border-Jammalamadugu section of NH-167K i.e. Design Ch. Km 248010 to km 269900 to 2,293,0.0,0.0,83,17/12/2026,17/12/2026,14/03/2023,-100.0,0.0,March_2026
1355,Roads & Highways,Ministry of Road Transport & Highways,MoRTH,617888,Landslide treatment work on NH 58 from Kodiyala Km. 266.130 to Devprayag Km. 296.925 10 location under EPC mode in the State of Uttarakhand on EPC Mode,193,0.0,0.0,99,11/02/2025,23/06/2026,09/01/2023,-100.0,0.0,March_2026
1356,Roads & Highways,Ministry of Road Transport & Highways,MoRTH,618116,lmprovement and Up-gradation from Km. 73.300 Bikapur to Km.140.960 Patranga of NH-227B 84 Kosi Parikrama Marg to 2LPS along with Parikrama Path,1680,0.0,66.99,13,27/01/2028,27/01/2028,09/11/2022,-100.0,3.9874999999999994,March_2026
1357,Roads & Highways,Ministry of Road Transport & Highways,NHIDCL,618331,lmprovement to 4-Lane with Paved Shoulder from existing km 260000 Design Ch.4560 km to existing km Ch.233000 D. Ch.24560 of Silchar near Nutan Dayapur village - Budha Nagar Section Length-20.00 Km of NH-37 under Package Silchar-Jiribam Pkg-1 in the state of Assam on HAM Mode,958,0.0,149.51,37,15/01/2028,15/01/2028,24/01/2024,-100.0,15.606471816283923,March_2026
1358,Roads & Highways,Ministry of Road Transport & Highways,National Highways Authority of India [NHAI],618653,Loha-Waranga Section of NH-361 from km 187.800 to km 244.369,1236,3466.58,832.88,96,24/03/2021,15/05/2026,01/03/2018,180.46763754045307,67.38511326860841,March_2026
1359,Roads & Highways,Ministry of Road Transport & Highways,National Highways Authority of India [NHAI],619129,Mahabalipuram - Pondicherry Pkg-I [Mamallapuram to Mugaiyur],1361,1477.94,552.9,59,10/05/2024,31/08/2026,14/02/2019,8.59221160911095,40.62454077883908,March_2026
1360,Roads & Highways,Ministry of Road Transport & Highways,National Highways Authority of India [NHAI],619130,Mahabalipuram - Pondicherry Pkg-II [Mugaiyur to Marakkanam],1116,1463.75,520.05,53,05/12/2025,31/08/2026,14/02/2019,31.160394265232977,46.59946236559139,March_2026
1361,Roads & Highways,Ministry of Road Transport & Highways,National Highways Authority of India [NHAI],618903,Maheshkunt -Saharsa-Purnea Pkg II,1028,1244.09,815.63,91,11/12/2020,30/06/2026,30/03/2017,21.020428015564192,79.34143968871595,March_2026
1362,Roads & Highways,Ministry of Road Transport & Highways,National Highways Authority of India [NHAI],618902,Maheshkunt-Saharsa-Purnea Pkg I km 0.00 to km. 90.00 of NH-107,662,1311.22,917.26,85,19/12/2021,31/07/2026,27/02/2017,98.06948640483384,138.55891238670694,March_2026
1363,Roads & Highways,Ministry of Road Transport & Highways,National Highways Authority of India [NHAI],618624,Mangloor to Telangana Maharashtra Border,1083,1323.12,180.13,96,10/04/2021,12/03/2021,26/03/2018,22.17174515235456,16.632502308402586,March_2026
1364,Roads & Highways,Ministry of Road Transport & Highways,National Highways Authority of India [NHAI],618797,Mayjilar Jaisalmer with Jaisalmer Bypass Link Road Section of NH-11 Part of BM-7 & Sundra Myajilar Ambsingh ki Dhani Road part of Munabao Tanot project NH-70,1238,927.02,0.53,6,18/12/2027,18/12/2027,26/03/2025,-25.119547657512122,0.04281098546042004,March_2026
1365,Roads & Highways,Ministry of Road Transport & Highways,NHIDCL,618411,Melaghar-Srimantapur section on NH-08 Spur from Km 23 to Km 34.500 11.5 Km and overlay from Km 20.30 to Km 22.00 1.7 Km Total Length 13.2 Km,196,0.0,86.26,70,27/11/2024,30/06/2026,05/01/2023,-100.0,44.01020408163265,March_2026
1366,Roads & Highways,Ministry of Road Transport & Highways,National Highways Authority of India [NHAI],618756,Melur - Pilayarpatti - Karaikudi from km 99.920 of NH 38 to km 12.9 of NH 383 Ext.,1104,1085.41,669.32,92,15/03/2022,15/07/2026,20/12/2018,-1.6838768115941956,60.6268115942029,March_2026
1367,Roads & Highways,Ministry of Road Transport & Highways,MoRTH,618152,Mhaswad to Tembhurni section of NH-548C - 2L PS,489,0.0,0.0,96,31/07/2019,31/12/2025,25/01/2017,-100.0,0.0,March_2026
1368,Roads & Highways,Ministry of Road Transport & Highways,National Highways Authority of India [NHAI],618764,Moga - Bagha Purana - Bajakhana from km. 0.00 to km. 43.32,1033,1264.17,658.21,76,30/12/2024,31/05/2026,11/05/2020,22.37850919651501,63.71829622458858,March_2026
1369,Roads & Highways,Ministry of Road Transport & Highways,MoRTH,618053,Muddanur to B. Kothapalli section of NH-716G from Km. 0/000 to Km. 56/500 56.500 Km in the State of Andhra Pradesh on EPC mode Job no. 741,1020,0.0,0.0,18,10/08/2027,10/08/2027,15/10/2024,-100.0,0.0,March_2026
1370,Roads & Highways,Ministry of Road Transport & Highways,National Highways Authority of India [NHAI],618629,Nandigama Bypass and Kanchikacherla bypass,416,444.58,110.65,98,04/06/2019,30/04/2026,09/11/2017,6.870192307692304,26.598557692307693,March_2026
1371,Roads & Highways,Ministry of Road Transport & Highways,MoRTH,618088,Nandurshingote to Kolhar,326,0.0,0.24,13,19/12/2026,,25/09/2024,-100.0,0.07361963190184048,March_2026
1372,Roads & Highways,Ministry of Road Transport & Highways,MoRTH,617987,Nandyala-Kurnool/Kadapa Border section of NH-167K i.e. Km 186/000 to Km 250/000Design Ch.186000 to 248010 to 2LPS,692,0.0,0.0,40,04/09/2027,04/09/2027,15/10/2024,-100.0,0.0,March_2026
1373,Roads & Highways,Ministry of Road Transport & Highways,MoRTH,617934,Nasratpur to Barasgaon section of NH-61 2L / 4L PS from Km.514/00 to 558/200,407,0.0,0.0,96,07/09/2019,30/06/2026,05/07/2017,-100.0,0.0,March_2026
1374,Roads & Highways,Ministry of Road Transport & Highways,National Highways Authority of India [NHAI],618850,Nerchowk km 190.000 to Pandoh including Pandoh bypass km221.305,1464,1651.67,843.63,100,11/07/2020,30/04/2026,31/03/2016,12.818989071038256,57.62500000000001,March_2026
1375,Roads & Highways,Ministry of Road Transport & Highways,MoRTH,617898,New construction of Major Bridge with Approaches from Km 0.000 to 1.200 Madhopur -Badabanta section of NH-20 under NHO in Annual Plan 2022-23 in the State of Odisha,200,0.0,0.1,0,09/10/2027,09/10/2027,16/03/2023,-100.0,0.05,March_2026
1376,Roads & Highways,Ministry of Road Transport & Highways,National Highways Authority of India [NHAI],619120,Nidagatta-Mysore Pkg II,2920,4113.89,1378.91,99,07/06/2022,30/04/2026,27/02/2018,40.88664383561645,47.222945205479455,March_2026
1377,Roads & Highways,Ministry of Road Transport & Highways,National Highways Authority of India [NHAI],618688,Outer Ring Road of Jabalpur Town from Amjhar Road including Airport Connectivity to barela Pkg-V,795,539.9,46.92,20,11/10/2027,11/10/2027,28/10/2024,-32.08805031446541,5.901886792452831,March_2026
1378,Roads & Highways,Ministry of Road Transport & Highways,National Highways Authority of India [NHAI],618687,Outer Ring Road of Jabalpur Town from Barela to Manegaon Pkg-1,652,651.88,444.83,88,05/03/2025,30/04/2026,01/09/2022,-0.01840490797546082,68.22546012269939,March_2026
1379,Roads & Highways,Ministry of Road Transport & Highways,National Highways Authority of India [NHAI],618686,Outer Ring Road of Jabalpur Town from Kushner to Amjhar Road including Airport Connectivity Pkg-IV,613,509.82,326.81,76,05/03/2026,15/06/2026,26/08/2022,-16.831973898858077,53.313213703099514,March_2026
1380,Roads & Highways,Ministry of Road Transport & Highways,National Highways Authority of India [NHAI],618684,Outer Ring Road of Jabalpur Town from Manegaon to NH-45 Pkg-2,917,786.47,459.78,75,07/03/2026,31/10/2026,07/11/2022,-14.234460196292254,50.13958560523446,March_2026
1381,Roads & Highways,Ministry of Road Transport & Highways,National Highways Authority of India [NHAI],618685,Outer Ring Road of Jabalpur Town from NH45 to Kushner Pkg-3,911,773.23,459.73,77,04/03/2026,15/05/2026,20/09/2022,-15.122941822173432,50.46432491767289,March_2026
1382,Roads & Highways,Ministry of Road Transport & Highways,MoRTH,618172,Paithan - Shirur section 2LPS Km 0.0 to 55.00,342,0.0,0.0,82,02/06/2019,31/05/2026,01/03/2017,-100.0,0.0,March_2026
1383,Roads & Highways,Ministry of Road Transport & Highways,MoRTH,618177,Pal Phata Phulambri - Khultabad 2LPS,227,0.0,0.0,99,29/12/2019,31/12/2025,27/03/2018,-100.0,0.0,March_2026
1384,Roads & Highways,Ministry of Road Transport & Highways,National Highways Authority of India [NHAI],618851,Pandoh bypass 221.305 to Takoli 242.000 of NH-21 in the state of Himachal Pradesh,3420,4465.94,1848.29,96,23/09/2021,16/06/2026,13/06/2017,30.5830409356725,54.04356725146199,March_2026
1385,Roads & Highways,Ministry of Road Transport & Highways,National Highways Authority of India [NHAI],618606,Paravoor-Kottankulangara,3274,3200.24,1185.17,71,23/02/2025,08/08/2026,22/12/2021,-2.252901649358589,36.19945021380575,March_2026
1386,Roads & Highways,Ministry of Road Transport & Highways,MoRTH,618094,Pen to Khopoli 2LPS,369,0.0,323.75,86,21/12/2019,31/12/2025,20/03/2018,-100.0,87.73712737127371,March_2026
1387,Roads & Highways,Ministry of Road Transport & Highways,National Highways Authority of India [NHAI],618571,Permanent rectification of 3 nos. of black spots in project Highway NH-27 of U.P border - Dewapur - Kotwa section from Km.360.915 to km.440.000 Total Length of 79.085 Km of NH-27& Permanent rectification of 5 nos. of black spots of project Highway NH-27 of Kotwa - Mehsi - Muzaffarpur Section from km.440.000 to km.520.000 Total length 80.00Km,227,321.23,208.23,77,11/12/2025,27/07/2026,12/04/2022,41.51101321585904,91.73127753303964,March_2026
1388,Roads & Highways,Ministry of Road Transport & Highways,National Highways Authority of India [NHAI],618699,Pipli Bhavnagar-Package 1 from km 136.025 to km 169.328,819,1297.38,188.7,100,03/09/2021,,01/03/2018,58.41025641025642,23.04029304029304,March_2026
1389,Roads & Highways,Ministry of Road Transport & Highways,National Highways Authority of India [NHAI],618846,Poondiyankuppam Km.67.000 to Sattanathapuram Km.123.800,2566,2319.35,1077.71,100,19/01/2024,30/04/2026,01/03/2018,-9.612236944660953,41.9996102883866,March_2026
1390,Roads & Highways,Ministry of Road Transport & Highways,MoRTH,618074,Pre construction activity of NH 122B from km 0 to 72.348 and Improvement to two lane with paved shoulders of NH 122B from km 29.730 to km 72.348 in state of Bihar under EPC mode,624,0.0,153.21,91,11/11/2024,30/06/2026,09/02/2022,-100.0,24.552884615384617,March_2026
1391,Roads & Highways,Ministry of Road Transport & Highways,MoRTH,618126,"Pre-Construction activities from Km 134.000 to Km 190.233 of NH-333A and Construction of 4 no. of Bypasses at Katoria, Lakhpura, Banka & Panjwara total length-14.359 Km to two lane with paved shoulders standard in State of Bihar.",479,0.0,0.0,55,08/12/2026,08/12/2026,10/11/2022,-100.0,0.0,March_2026
1392,Roads & Highways,Ministry of Road Transport & Highways,National Highways Authority of India [NHAI],618845,Puducherry Km.29.000 to Poondiyankuppam Km.67.000,1588,1415.9,397.76,99,14/11/2023,30/04/2026,01/03/2018,-10.83753148614609,25.047858942065492,March_2026
1393,Roads & Highways,Ministry of Road Transport & Highways,MoRTH,618180,Pune raigarh District Border To Mangaon Ch 69000 to 103775 NH-753F,223,0.0,0.0,89,30/12/2019,30/06/2024,15/03/2018,-100.0,0.0,March_2026
1394,Roads & Highways,Ministry of Road Transport & Highways,NHIDCL,618428,Realignment of NH-717A from Design Ch.0.00 Km 77.800 of NH-10 to Design Ch.2.00 Km 3.100 of NH-717A with two lane paved shoulder including Major Bridge of 680 m in the State of Sikkim on EPC Mode-COS work,265,380.94,61.11,98,10/04/2023,16/04/2026,04/01/2021,43.75094339622642,23.060377358490566,March_2026
1395,Roads & Highways,Ministry of Road Transport & Highways,MoRTH,618220,Reconstruction and widening to 2 lane with paved shoulder from existing chainage km 102000 to km 134950 Design chainage km 90150 to km 116980 including construction of Naushera Tunnel Total length of tunnel 0.700 km under 31 TF on Akhnoor-Poonch road NH-144A in the UT of Jammu & Kashmir under Project Sampark BRO on EPC mode Package-V Job no NH-144A-J&K-2020-21-104,642,572.51,0.0,100,18/07/2024,31/03/2026,03/03/2021,-10.823987538940811,0.0,March_2026
1396,Roads & Highways,Ministry of Road Transport & Highways,MoRTH,617970,Reconstruction of existing 2 L/IL to 2L with paved shoulder from existing km 52.200 to 92.880 of NH-,282,0.0,166.13,100,18/06/2019,20/10/2023,26/10/2016,-100.0,58.9113475177305,March_2026
1397,Roads & Highways,Ministry of Road Transport & Highways,MoRTH,618025,Rehabiitation and upgradation from km 121/000 to 154/000 Nakrekal to Mallampally section of NH-365 to 2 lane with paved shoulders in the state of Telangana in the EPC mode,193,0.0,141.81,96,08/12/2019,31/05/2026,13/03/2018,-100.0,73.47668393782384,March_2026
1398,Roads & Highways,Ministry of Road Transport & Highways,MoRTH,618099,"Rehabilitation & up-gradation for Talere Gaganbawada - kolhapur Road NH 166G stretch start from km. 0/00 to Km. 06/00 and km. 13/00 to km 19/440 of NH-166G, length 12.440 km in the State of Maharashtra.",164,0.0,98.68,100,11/04/2026,11/04/2026,14/03/2024,-100.0,60.17073170731708,March_2026
1399,Roads & Highways,Ministry of Road Transport & Highways,MoRTH,618067,"Rehabilitation & Up-gradation from design Km. 0.000 to Km. 69.280 of NH-931 Pratapgarh - Amethi - Gauriganj -Musafirkhana to two lane with paved shoulder on Engineering, Procurement & Construction EpC mode in the State of Uttar Pradesh",1086,0.0,0.0,4,09/11/2027,09/11/2027,17/05/2023,-100.0,0.0,March_2026
1400,Roads & Highways,Ministry of Road Transport & Highways,MoRTH,618089,Rehabilitation & Up-gradation of Mudkhed to Nanded section from Km. 372000 to Km 388400 of NH 161A i.e. Nanded-Bhokar-Himayatnagar-Kinwat-Mahur-Arani Road Design chainage from Km 372000 Mudkhed to Km 387650 Nanded of NH 161A Length 15.65 Km to 2/4Lane with paved shoulders configuration in the State of Maharashtra on EPC mode.,207,0.0,0.0,65,02/04/2025,30/06/2026,24/03/2022,-100.0,0.0,March_2026
1401,Roads & Highways,Ministry of Road Transport & Highways,MoRTH,618046,Rehabilitation & Up-gradation of Sabalkhed to Ashti Section from Km 37900 to Km 55100 & Chinchpur to Jamkhed Section from km 70000 to km 72922 of NH-561 to Two lane with Paved shoulder/ Four lane configuration in the State of Maharashtra on EPC Mode Length20.122km.,213,0.0,0.0,96,24/09/2024,,29/03/2022,-100.0,0.0,March_2026
1402,Roads & Highways,Ministry of Road Transport & Highways,MoRTH,618035,Rehabilitation & Upgradation of existing intermediate lane to two Lane with paved shoulder from km. 0.600 Gulganj bypass on NH-34 to km. 43.00 Barna River length 42.400 km. on Gulganj-Amanganj-Pawai-Katni NH43 Extn. in the state of Madhya Pradesh on EPCmode.,275,0.0,0.0,50,19/05/2026,19/05/2026,09/03/2023,-100.0,0.0,March_2026
1403,Roads & Highways,Ministry of Road Transport & Highways,MoRTH,618218,Rehabilitation & upgradation of existing road to 2-lane with hard shoulder from Joshimath km 0.00 to Saraithota km 29.725 road on NH-107B under Bharatmala Pariyojna on EPC mode in the state of Uttarakhand,338,0.0,0.0,78,21/05/2025,31/03/2027,19/10/2022,-100.0,0.0,March_2026
1404,Roads & Highways,Ministry of Road Transport & Highways,NHIDCL,618450,Rehabilitation & Upgradation of existing road to 2-lane with paved shoulder including geometric improvement of section from start of Rabangla km33.600 to km58.840 under SARDP-NE Phase A Pkg- IV,293,0.0,1.91,65,01/05/2022,30/06/2026,09/07/2020,-100.0,0.651877133105802,March_2026
1405,Roads & Highways,Ministry of Road Transport & Highways,MoRTH,618154,"Rehabilitation & upgradation of Jamkhed to Sautada Section of NH548 D from km 195.375 to km 208.774, Length 13.399 Km to 2L PS /4L configuration with rigid pavement in the state of Maharashtra on EPC mode.",158,0.0,0.0,69,14/07/2024,30/06/2026,22/03/2022,-100.0,0.0,March_2026
1406,Roads & Highways,Ministry of Road Transport & Highways,MoRTH,618020,"Rehabilitation & Upgradation of KurwaiMungaoliChanderi Road section of NH-346, from Design Chainge 0.000 to 81.300 Km Total length 83.1 km to Two lane with paved shoulder configuration along with One time improvement in 07 nos of bypassed built-up areas in a total length of 22.615 km in the state of Madhya Pradesh on EPC mode.",386,0.0,164.43,65,03/02/2025,30/06/2026,23/03/2022,-100.0,42.59844559585492,March_2026
1407,Roads & Highways,Ministry of Road Transport & Highways,MoRTH,617992,Rehabilitation & upgradation of NH - 167 from design km 187.723 to 234.434 Miryalaguda to Kodad section to two lane with paved shoulder on EPC mode in the state of Telangana,323,322.81,148.48,98,03/09/2020,30/06/2026,14/03/2018,-0.058823529411764004,45.969040247678016,March_2026
1408,Roads & Highways,Ministry of Road Transport & Highways,MoRTH,618167,Rehabilitation & Upgradation of NH-731A from Km.0.00 to Km.35.00 to 2-lane with paved shoulder under EPC mode,265,0.0,0.0,90,30/08/2023,,31/03/2021,-100.0,0.0,March_2026
1409,Roads & Highways,Ministry of Road Transport & Highways,MoRTH,618239,"Rehabilitation & Upgradation of NH214New NH-216 from Km 34/230 to Km 84/550 Losari to Machavaram Section to two lane with paved shoulder in the state of Andhrapradesh under NHDP-IV through Engineering, Procurement& Construction EPC mode.",445,459.37,0.0,99,07/09/2018,31/07/2025,17/03/2016,3.2292134831460686,0.0,March_2026
1410,Roads & Highways,Ministry of Road Transport & Highways,NHIDCL,618386,Rehabilitation & Upgradation of Road from Km 0.00 to Km 18.600 Total length-18.600 km of Kumarghat-Kailashahar section on NH-208 to 2-lane with Paved shoulder on EPC bais under NHO,278,302.03,0.0,0,13/01/2022,15/10/2024,20/02/2020,8.643884892086321,0.0,March_2026
1411,Roads & Highways,Ministry of Road Transport & Highways,MoRTH,617959,Rehabilitation & Widening work for 2 Lane with Paved Shoulder of Existing NH-80 from km 70.15 to Km 121.025 of Munger-Suttanganj -BhagatpurMirzachowki section on EPC Mode in the State of Bihar.,478,0.0,311.39,96,31/01/2025,,31/03/2021,-100.0,65.14435146443515,March_2026
1412,Roads & Highways,Ministry of Road Transport & Highways,MoRTH,618181,Rehabilitation / Upgradation to 4 Lane with Paved shoulder of Existing Section in Sillod Town with Design Ch. Km54500 to Km 60679 [Length6.179 km] section of NH 753F Aurangabad-Jalgaon road on EPC Mode in the State of Maharashtra,154,0.0,0.0,98,30/07/2025,30/03/2025,30/03/2023,-100.0,0.0,March_2026
1413,Roads & Highways,Ministry of Road Transport & Highways,MoRTH,618134,Rehabilitation /Upgradation from Lagam to Alapalli section Desing Km. 199/400 to km 227/400 Length 28.0 Km to 2 lane with Paved Shoulders/ 4 lane configuration section of NH-353 C Sakoli-Wadsa-Armori-Gadchiroli-Ashti-Alapalli Sironcha in Gadchiroli District on EPC mode in the state of Maharashtra.,459,0.0,0.0,69,08/09/2026,08/09/2026,14/02/2023,-100.0,0.0,March_2026
1414,Roads & Highways,Ministry of Road Transport & Highways,National Highways Authority of India [NHAI],618821,Rehabilitation and Up gradation from 4 to 8 laning of Chandikhole Paradip Section of NH-53 Old NH 5A from Km 18.00 to Km 39.00 in the State of Odisha on HAM mode Package-2,920,950.4,403.51,91,14/12/2025,30/06/2026,27/03/2023,3.3043478260869543,43.85978260869565,March_2026
1415,Roads & Highways,Ministry of Road Transport & Highways,National Highways Authority of India [NHAI],618822,Rehabilitation and Up gradation from 4 to 8 laning of Chandikhole Paradip Section of NH-53 Old NH 5A from Km.0.00 to Km.18.00Package-1,930,869.45,362.18,92,14/12/2025,30/06/2026,27/03/2023,-6.510752688172038,38.94408602150538,March_2026
1416,Roads & Highways,Ministry of Road Transport & Highways,National Highways Authority of India [NHAI],618820,Rehabilitation and Up gradation from 4 to 8 laning of Chandikhole Paradip Section of NH-53 Old NH 5A from Km.39.000 to Km.60.00 Package-3,862,938.55,344.31,91,14/12/2025,30/06/2026,27/03/2023,8.88051044083526,39.943155452436194,March_2026
1417,Roads & Highways,Ministry of Road Transport & Highways,National Highways Authority of India [NHAI],619181,Rehabilitation and Up gradation from 4 to 8 laning of Chandikhole Paradip Section of NH-53 Old NH 5A from Km.60.000 to Km.76.646 Package-4,882,1009.92,122.77,31,31/10/2026,31/01/2027,27/03/2023,14.503401360544213,13.919501133786847,March_2026
1418,Roads & Highways,Ministry of Road Transport & Highways,MoRTH,619008,Rehabilitation and Up gradation of Charthana Jintur Section of NH 752 I Km 25100 to 47100 to 2 Lane with Paved Shoulder configuration Flexible Pavement in the state of Maharashtra on EPC mode. Reg- Resubmission of Annual Plan Estimate.,158,0.0,0.0,0,26/07/2027,27/07/2026,27/03/2025,-100.0,0.0,March_2026
1419,Roads & Highways,Ministry of Road Transport & Highways,NHIDCL,618418,Rehabilitation and up gradation of Nongstoin-Rambrai-Kyrshai road up to Meghalaya-Assam border from Km 0.335 to km 34.039 to 2-Lane under NHO - NE in the State of Meghalaya Package-1,360,0.0,214.12,80,25/05/2024,31/05/2026,21/09/2021,-100.0,59.477777777777774,March_2026
1420,Roads & Highways,Ministry of Road Transport & Highways,NHIDCL,618343,"Rehabilitation and Up gradation to 2-lane with paved shoulder of Keifang Section Economic Corridor of NH-06 from Existing Chainage Km 30050 Keifang to Km 50360 Keifang, Design Chainage Km 27400 to Km 45040 PkgIII in the State of Mizoram under Bharatmala Pariyojna on EPC Mode Seling-Dulte - III",292,0.0,0.0,0,30/06/2022,02/12/2024,18/03/2020,-100.0,0.0,March_2026
1421,Roads & Highways,Ministry of Road Transport & Highways,NHIDCL,619185,Rehabilitation and up-gradation and completion of balance work of section from Km 155.00 to Km 181.00 End of Jarwa to Rangat of NH -4 Total length 26 Km to Intermediate Lane/2-lane with hard shoulders in the UT of A&N Islands on EPC basis - Package-III.B Balance work,184,333.12,0.0,46,05/10/2025,31/05/2026,27/02/2018,81.04347826086958,0.0,March_2026
1422,Roads & Highways,Ministry of Road Transport & Highways,MoRTH,617907,Rehabilitation and Up-gradation from Km 170700 Bhadrachalam to Km 234567 Konta on NH-30 to Two lane with Paved Shoulder in the State of Andra Pradesh on EPC mode.,436,0.0,215.74,100,24/09/2024,30/04/2026,22/12/2021,-100.0,49.48165137614679,March_2026
1423,Roads & Highways,Ministry of Road Transport & Highways,MoRTH,618163,"Rehabilitation and Up-gradation from km. 0000 to km.40390 of NH-730S MaharajganjNichloulThuthibari to two lane with paved shoulders in the State of U.P. on Engineering, Procurement & Construction EPC Basis.",809,603.19,0.0,58,06/12/2025,31/12/2026,01/03/2023,-25.44004944375772,0.0,March_2026
1424,Roads & Highways,Ministry of Road Transport & Highways,MoRTH,618236,Rehabilitation and Up-gradation of Dhindi - Digamarru section from Km 126/510 to Km 135/740 of NH -214New NH -216 and digamarru -Losari section from Km 0/000 tp Km 34/230 of NH-214 ANew Nh-216 to two lane with paved shoulder in the state of AP-NH,316,288.76,220.02,100,11/05/2018,06/11/2023,25/02/2016,-8.620253164556965,69.62658227848102,March_2026
1425,Roads & Highways,Ministry of Road Transport & Highways,MoRTH,618037,Rehabilitation and Up-gradation of existin of road from 2-lane to 2-lane with paved shoulders from km. 0.00 to km 53.590 total length-53.590 km of Raychoti to Vempalli section of NH-440 in the State of Andhra Pradesh on EPC mode.,440,359.52,178.83,79,02/05/2024,30/06/2026,28/12/2021,-18.290909090909093,40.64318181818182,March_2026
1426,Roads & Highways,Ministry of Road Transport & Highways,National Highways Authority of India [NHAI],618888,Rehabilitation and Up-gradation of existing road to 2L PS from End of Hamirpur Bypass near Chilbahal to Bhangbar section from Km. 138.295 to Km.175.270 of NH-88 Pkg-IV,1146,1358.62,293.06,90,27/04/2025,30/06/2026,11/03/2022,18.55322862129144,25.57242582897033,March_2026
1427,Roads & Highways,Ministry of Road Transport & Highways,MoRTH,618139,Rehabilitation and Up-gradation of Gangakhed Loha section of NH-361F from Km 169/00 to 210/00 to two lane with paved shoulder/ four lane configuration in the state of Maharashtra on EPC mode Length - 41.00 Km.,355,0.0,0.0,43,30/09/2026,30/09/2026,15/03/2024,-100.0,0.0,March_2026
1428,Roads & Highways,Ministry of Road Transport & Highways,MoRTH,618150,Rehabilitation and Up-gradation of i. Deogaon phata to Digras phata Ch. 0/000 to 15/000 & Selu to Borgavhan Ch 20/900 to 35/800 [Length 29.9km] ii. Injegaon Dhamoni to Pohner Phata Ch.58/200 to Ch. 83/700 [Length25.5 km] and iii. Pohner phata to Pathri Design Ch. 42/700 to 58/200 [Length 15.5 km] sections of NH-548B to Two lane with paved shoulder configuartion in the state of Maharashtra on EPC mode Total project length 70.9 Km.,762,0.0,0.0,15,08/05/2027,08/05/2027,15/03/2024,-100.0,0.0,March_2026
1429,Roads & Highways,Ministry of Road Transport & Highways,MoRTH,618137,Rehabilitation and Up-gradation of Jarud - Sirsala section of NH-361F km 59500 to km11500 to Two lane with paved shoulder/ Four Lane in the state of Maharashtra on EPC mode Length 55.5 Km.,540,0.0,95.57,43,08/05/2027,08/05/2027,15/03/2024,-100.0,17.698148148148146,March_2026
1430,Roads & Highways,Ministry of Road Transport & Highways,MoRTH,617991,"Rehabilitation and up-gradation of NH-167 from Km 14/900 to Km70/000 Design Ch. 14/900 to 69/700 Chintakunta to Adoni section to two lane with paved shoulders in the State of Andhra Pradesh under Corridor Approach through Engineering, Procurement",290,0.0,140.23,92,30/05/2019,31/07/2026,02/11/2016,-100.0,48.3551724137931,March_2026
1431,Roads & Highways,Ministry of Road Transport & Highways,MoRTH,617885,Rehabilitation and Up-gradation of Nongstoin Wahkaji section of Project Road Km 0000 to Km 43060 to Intermediate Lane with earthern shoulder under SARDP-NE Phase-A in the State of Meghalaya on EPC mode. Job No- SARDP-NE ong-Don-Maw/MG/2020-21/294,303,0.0,182.58,99,10/08/2023,31/05/2026,13/08/2020,-100.0,60.25742574257427,March_2026
1432,Roads & Highways,Ministry of Road Transport & Highways,MoRTH,618237,Rehabilitation and Up-gradation of Pasarlapudi to Dhindi section from Km 105/170 to Km 126/510 of NH -214 New NH -216 to two lane with paved shoulder in the state of Andhra Pradesh under NHDP-IV,263,0.0,151.56,98,26/09/2019,30/09/2025,22/03/2017,-100.0,57.627376425855516,March_2026
1433,Roads & Highways,Ministry of Road Transport & Highways,NHIDCL,618385,Rehabilitation and up-gradation of road from design km 25.250 to km 36.460 Total lengh 11.210 km of Kailashahar-Kurti Bridge section on NH-208A to 2-lane with paved shoulder on EPC basis under NHO Package-III- Balance Work,174,0.0,0.0,42,02/03/2026,02/03/2026,26/02/2020,-100.0,0.0,March_2026
1434,Roads & Highways,Ministry of Road Transport & Highways,NHIDCL,619184,"Rehabilitation and up-gradation of section to Intermediate/2-Lane with hard shoulder from Km 107.760 to Km 129.445 After Middle strait to Humphrey, Km 130.600 to Km 138.00 After Humphrey to Kadamtala & Km 155.00 to Km 181.0 End of Jarwa to Rangat of NH-04 in UT of A&N on EPC Package-IIIA",207,376.48,0.0,72,13/09/2025,31/05/2026,27/02/2018,81.87439613526571,0.0,March_2026
1435,Roads & Highways,Ministry of Road Transport & Highways,MoRTH,618238,Rehabilitation and Up-gradation of Thimmapuram to Gurajanapalli section from Km 26/150 to Km 41/161 of NH - 214 New NH - 216 to two lane with paved shoulder in the state of Andhra Pradesh under NHDP-IV,351,432.91,233.92,98,08/07/2018,31/07/2026,10/08/2016,23.336182336182343,66.64387464387464,March_2026
1436,Roads & Highways,Ministry of Road Transport & Highways,MoRTH,618186,"Rehabilitation and Up-gradation of Valigonda to Thorrur Section to Two Lane with Paved Shoulders from Km 39.180 to Km 108.300 of NH-930P in the State of Telangana on Engineering, Procurement and Construction EPC Basis",549,0.0,296.89,82,28/12/2024,30/04/2026,05/01/2022,-100.0,54.0783242258652,March_2026
1437,Roads & Highways,Ministry of Road Transport & Highways,MoRTH,618096,Rehabilitation and Up-gradation to 2 lane road with paved shoulders configuration for the balance work of 13 km length on Helwak-Patan-Karad section Km. 85000 to 133 417 of NH-166E in the state of Maharashtra on EPC mode.,181,0.0,0.0,87,14/04/2026,30/04/2026,08/02/2024,-100.0,0.0,March_2026
1438,Roads & Highways,Ministry of Road Transport & Highways,MoRTH,618188,Rehabilitation and Up-gradation to 2 lane with paved shoulder configuration of Mahud Sangola road NH 965 G 159400 to 161900and 162400 to 183960 Design Chainage from km. 32/300 to km. 34/800 and km. 35/800 to km. 56/860 Rigid Pavement on EPC mode in the State of Maharashtra.,254,0.0,0.0,100,22/05/2025,30/06/2026,16/02/2023,-100.0,0.0,March_2026
1439,Roads & Highways,Ministry of Road Transport & Highways,MoRTH,618225,Rehabilitation and up-gradation to 2 lane with paved shoulder from existing chainage km 134950 to km 166100 Design chainage km 116980 to km 146700 under 31 TF on Akhnoor-Poonch road NH-144A in the UT of Jammu & Kashmir under Project Sampark BRO on EPC mode Package-VI Job no NH-144A-J&K-2021-22-106,395,0.0,139.45,86,27/07/2024,30/06/2026,02/07/2021,-100.0,35.303797468354425,March_2026
1440,Roads & Highways,Ministry of Road Transport & Highways,MoRTH,618224,Rehabilitation and up-gradation to 2 lane with paved shoulder from existing chainage km 49150 to km 64535 Design chainage km 46.450 to km 55.800 including construction of Sungal Tunnel Total length of Tunnel 2.79 km under 13 TF on Akhnoor-Poonch road NH-144A under Project Sampark BRO in the UT of Jammu & Kashmir on EPC mode Package-II Job no NH-144A-J&K-2019-20-78,797,0.0,426.41,91,20/08/2024,31/05/2026,20/03/2020,-100.0,53.50188205771644,March_2026
1441,Roads & Highways,Ministry of Road Transport & Highways,MoRTH,618223,Rehabilitation and up-gradation to 2 lane with paved shoulder from existing chainage km 64535 to km 85385 Design chainage km 55800 to km 74350 under 13 TF on Akhnoor-Poonch road NH-144A under Project Sampark BRO in the UT of Jammu & Kashmir on EPC mode Package-III Job no NH-144A-J&K-2019-20-79,153,0.0,74.82,88,28/09/2023,31/05/2026,19/03/2020,-100.0,48.90196078431372,March_2026
1442,Roads & Highways,Ministry of Road Transport & Highways,MoRTH,618119,Rehabilitation and up-gradation to 2-lane configuration of Bageshwar to Kangarchina road from km 129.600 to Km 161.600 Existing Chainage 136.00 to Km 169.00 of NH-309Ain the State of Uttarakhand Package-IV under NHO Annual Plan 2021-22,472,0.0,0.0,52,26/02/2027,,31/03/2022,-100.0,0.0,March_2026
1443,Roads & Highways,Ministry of Road Transport & Highways,MoRTH,618263,"Rehabilitation and Up-gradation to 2LPS from Km. 0.000 to Km. 7.800 and Km. 35.400 to Km. 52.345 Design length 24.745 Km., except Bihar portion of NH-727B Tamkuhiraj to Bihar Border and Bihar Border to Majhauli on EPC mode in the State of Uttar Pradesh",701,0.0,0.0,81,31/07/2026,31/07/2026,24/03/2023,-100.0,0.0,March_2026
1444,Roads & Highways,Ministry of Road Transport & Highways,National Highways Authority of India [NHAI],618880,Rehabilitation and Up-gradation to 4L configuration & Strengthening of Thanpuri to Paror section from Km 85.135 to Km 100.840 of NH-154 Pkg-IIC,816,666.79,195.95,49,04/12/2025,30/07/2026,06/07/2022,-18.285539215686278,24.01348039215686,March_2026
1445,Roads & Highways,Ministry of Road Transport & Highways,MoRTH,618176,Rehabilitation and upgradation from ch km 50/200 to 56/800 and km 62/600 to 100/403 of Kolde to Visarwadi Near Junction with NH-6 section of NH 752G total length 44.40 to two-lane with paved shoulder / four lanes in the State of Maharashtra on EPC mode.,349,0.0,0.0,17,02/01/2028,,27/03/2025,-100.0,0.0,March_2026
1446,Roads & Highways,Ministry of Road Transport & Highways,MoRTH,618103,Rehabilitation and upgradation from Km 22300 to 58635 of MudireddyPalle to Kadapa/Nellore Border via porumamilla Section of NH 167 Two Lane with paved Shoulder in,279,0.0,155.02,88,12/04/2026,12/04/2026,22/03/2022,-100.0,55.562724014336915,March_2026
1447,Roads & Highways,Ministry of Road Transport & Highways,MoRTH,618124,Rehabilitation and upgradation from km 51.600 to km 75.700 of NH-321G Nuhkhas to Etah section to two lane with paved shoulder configuration under EPC mode in the State of Uttar Pradesh,344,0.0,75.71,61,28/08/2025,30/06/2026,08/01/2022,-100.0,22.008720930232556,March_2026
1448,Roads & Highways,Ministry of Road Transport & Highways,National Highways Authority of India [NHAI],619136,Rehabilitation and Upgradation of Chorma - Bairgania Section of National Highway No 227F to 2 lane with paved shoulders from Design Ch.0.000 to Ch. 34.566,611,628.65,304.24,100,31/01/2026,15/04/2026,30/06/2022,2.8887070376432042,49.79378068739771,March_2026
1449,Roads & Highways,Ministry of Road Transport & Highways,MoRTH,617974,Rehabilitation and upgradation of 2 lane with paved shoulder from existing km. 195.175 to km. 220.000 Design Chainage km71.300 to Km. 95.947 Excluding existing chainage Km 200.300 to Km 202.400 Design chainage Km 76.400 to Km 78.400 on Dharasu to Yamunotri Road of NH- 134 Old NH-94,345,0.0,0.0,18,02/04/2028,,16/05/2025,-100.0,0.0,March_2026
1450,Roads & Highways,Ministry of Road Transport & Highways,MoRTH,618210,Rehabilitation and upgradation of Askot-Lipulekh on EPC Basis for Phase-I Existing Km 72.00 to 107.620 Design Chainage Km 21330 to Km 56935 under Project Hirak of BRO in the state of Uttarakhand under Bharatmala Pariyojna Phase-I on EPC Mode Length-35.605 Km CA No EPC/MORT&H/HRK/01/2021-22,604,0.0,0.0,81,02/12/2023,30/06/2026,18/09/2020,-100.0,0.0,March_2026
1451,Roads & Highways,Ministry of Road Transport & Highways,MoRTH,617940,"Rehabilitation and Upgradation of LB-Nagar to Malkapur section to 6-Lane main carriageway with service roads, drains cum footpath, including VUPs and widening of Minor bridge & road safety provisions from Km. 15/00 to Km 40/00 of NH-65 Old NH-9 under NH O for the year 2020-21 in the state of Telangana on EPC Mode.",545,0.0,273.89,81,22/07/2024,30/06/2026,26/03/2021,-100.0,50.25504587155963,March_2026
1452,Roads & Highways,Ministry of Road Transport & Highways,MoRTH,618194,Rehabilitation and upgradation of New NH 544DD from design Chainage Km. 56/000 to 102/20 of Kalyandrg - Molakalmuru Section,294,285.29,312.39,99,07/02/2020,15/09/2025,20/03/2018,-2.9625850340135984,106.25510204081633,March_2026
1453,Roads & Highways,Ministry of Road Transport & Highways,MoRTH,618125,Rehabilitation and upgradation of NH 326A from km 0/0 to 41/979 excluding km 2/255 to 3/372 and km 36/820 to 38/275 Odisha border to Narasamapeta to two lane with paved Shoulders in the State of Andhra Pradesh under NHO on EPC Mode,228,0.0,44.45,100,27/03/2020,07/10/2025,13/03/2018,-100.0,19.495614035087723,March_2026
1454,Roads & Highways,Ministry of Road Transport & Highways,MoRTH,617994,Rehabilitation and upgradation of NH-167 from design km 113.900 to 154.479 Mallepally Haliya section to two lane with paved shoulders on EPC mode in the stte of Telangana,294,257.61,239.25,88,28/11/2019,06/12/2025,26/02/2018,-12.37755102040816,81.37755102040816,March_2026
1455,Roads & Highways,Ministry of Road Transport & Highways,MoRTH,617993,Rehabilitation and upgradation of NH-167 from design km 157.707 to 187.723 design length 30.016 km to two lane with paved shoulders of Alinagar-Miryalaguda Sec on EPC mode in the state of Telangana,220,0.0,0.0,98,12/11/2019,01/06/2026,26/02/2018,-100.0,0.0,March_2026
1456,Roads & Highways,Ministry of Road Transport & Highways,MoRTH,618191,"Rehabilitation and upgradation of NH-167AD from Macherla to Dachepalli via Paluvai Junction, Rentachinthala, Gurazala from Km.0.000 to 43.659 to two lane with paved shoulders in the state of Andhra Pradesh job-729",403,0.0,227.13,99,26/01/2025,31/03/2026,27/01/2022,-100.0,56.35980148883375,March_2026
1457,Roads & Highways,Ministry of Road Transport & Highways,MoRTH,619193,Rehabilitation and upgradation of NH-221 from km 121/0 to 165/0 Rudrampur to Bhadrachalam section to two lane with paved shoulder under NHDPIV in the state of Telangana through EPC mode,295,334.82,375.14,83,24/02/2017,30/04/2026,27/01/2015,13.498305084745759,127.16610169491524,March_2026
1458,Roads & Highways,Ministry of Road Transport & Highways,MoRTH,618213,Rehabilitation and Upgradation of road Rishikesh Dharasu Old NH-94 with 2-lane with paved shoulder from km 76.000 to km 110.000 Design Chainage from km 74.733 to km 107.347 32.614 km including construction of Kamand re-alignment from existing Chainage Km 105.200 to Km 108.600 design chainage Km 103.436 to Km 105.949 - total length 2513 mtrs and land slide treatment work between design chainage Km 73.800 to Km 74.00 200m on EPC mode under improvement to NH connectivity to Chardham in,274,0.0,0.0,96,05/01/2021,31/01/2026,20/03/2018,-100.0,0.0,March_2026
1459,Roads & Highways,Ministry of Road Transport & Highways,MoRTH,618187,"Rehabilitation and upgradation of Salon - Jais - Jagdishpur Road section of NH-931A, from design Chainage km 0.000 to km 5.740 to four lane divided carriageway and from design Chainage km 5.740 to km 53.500 to two lane with paved Total length km 53.500 along with One time improvement in 04 no's of realigned/bypassed built-up areas in a total length of 9.732 km in the state of Uttar Pradesh on EPC mode",947,0.0,0.0,4,26/10/2027,26/10/2027,16/05/2023,-100.0,0.0,March_2026
1460,Roads & Highways,Ministry of Road Transport & Highways,MoRTH,618175,Rehabilitation and Upgradation of Satana to Mangrul Chandwad Section of NH752 G Design Ch Km 64.000 to Ch Km 101.140 two lane with paved shoulder/four lane configuration in the state of Maharashtra on EPC mode.,429,0.0,0.0,93,14/05/2025,30/06/2026,22/03/2022,-100.0,0.0,March_2026
1461,Roads & Highways,Ministry of Road Transport & Highways,MoRTH,618179,Rehabilitation and Upgradation of Shewali phata to Kalambhir section i.e. Km 0443 to Km 4500 & Nizampur to Chadwel section i.e. Km 13485 to Km 26265 Length16.317 Km excluding 2 Major Bridges with approaches Km 13735 to Km 14095 & Km 19660 to Km 20030 of NH 753B to 2LPS Configuration in the State of Maharashtra on EPC Mode.,182,0.0,0.0,93,27/02/2026,27/02/2026,04/03/2024,-100.0,0.0,March_2026
1462,Roads & Highways,Ministry of Road Transport & Highways,MoRTH,618214,Rehabilitation and upgradation to 2 lane / 2 lane with paved shoulder configuration for design chainage km 107.347 to km 129.208 & km 133.878 to km 138.570 existing chainage km 110.000 to km 133.020 & km 137.330 to km 142.028 and land slide treatment at existing km 138.500 Design chainage km 134.970 of NH -94 on EPC mode under improvement to NH connectivity to Chardham in the state of Uttarakhand.,346,0.0,0.0,100,09/07/2021,01/06/2024,20/03/2018,-100.0,0.0,March_2026
1463,Roads & Highways,Ministry of Road Transport & Highways,MoRTH,617975,Rehabilitation and upgradation to 2 lane with paved shoulder configuration from km 122.00 Dharasu Bend to km 147.230 Silkyara Bend of NH-94 in the state of Uttarakhand,238,0.0,79.56,100,28/11/2019,31/07/2024,28/03/2017,-100.0,33.42857142857143,March_2026
1464,Roads & Highways,Ministry of Road Transport & Highways,MoRTH,618221,Rehabilitation and upgradation to 2 lane with paved shoulder from existing chainage Km 166.100 to Km 192.98 design chainage Km 146.700 to Km 162.800 including construction of Bhimber Gali Tunnel Total Length of Tunnel 1.100 Km under 31 BRTF on Akhnoor-Poonch Roads on EPC mode NH-144A Package-VII,735,0.0,0.0,43,30/07/2026,,14/09/2021,-100.0,0.0,March_2026
1465,Roads & Highways,Ministry of Road Transport & Highways,MoRTH,618226,Rehabilitation and upgradation to 2 lane with paved shoulder from existing chainage Km 30.053 to Km 49.150 design chainage Km 30.000 to Km 46.450 including Kandi Tunnel under 31 BRTF on Akhnoor-Poonch Road NH-144A Under Project Sampark in the UT of Jammu & Kashmir EPC modePackage-I Job no NH-144A-J&K-2020-21-83.,272,0.0,157.74,94,28/11/2024,30/06/2026,08/07/2020,-100.0,57.99264705882353,March_2026
1466,Roads & Highways,Ministry of Road Transport & Highways,NHIDCL,618342,Rehabilitation and upgradation to 2 Lane with Paved shoulder of Economic corridor of NH-6 from Design chaiange Km 0.000 to Km 13.510 Package-1 in the state of Mizoram under Bharatmala Pariyojana on EPC mode,207,0.0,0.0,0,30/06/2022,30/06/2024,18/03/2020,-100.0,0.0,March_2026
1467,Roads & Highways,Ministry of Road Transport & Highways,MoRTH,618231,Rehabilitation and Upgradation to 2-lane configuration of Hamirpur-Karnohal Section km 141.00 to 181.00 of NH-70 in the State of Himachal Pradesh under Green National Highways Corridor Project GNHCP with the loan assistance of World Bank on EPC mode.Package-1,372,0.0,198.34,91,20/12/2024,31/03/2026,11/08/2020,-100.0,53.31720430107527,March_2026
1468,Roads & Highways,Ministry of Road Transport & Highways,MoRTH,618230,Rehabilitation and Upgradation to 2-lane configuration of Kalwahn-Mandi Section km 208.950 to 250.592 of NH-70 in the State of Himachal Pradesh under Green National Highways Corridor Project GNHCP with the loan assistance of World Bank on EPC mode.Package-3,314,0.0,0.0,67,12/04/2025,30/06/2026,14/08/2020,-100.0,0.0,March_2026
1469,Roads & Highways,Ministry of Road Transport & Highways,MoRTH,618232,Rehabilitation and Upgradation to 2-lane configuration of Karnohal- Kalwahn Section km 181.00 to 208.950 of NH-70 in the State of Himachal Pradesh under Green National Highways Corridor Project GNHCP with the loan assistance of World Bank on EPC mode.Package-2,252,190.02,74.12,55,14/05/2026,01/11/2026,19/08/2020,-24.59523809523809,29.41269841269841,March_2026
1470,Roads & Highways,Ministry of Road Transport & Highways,MoRTH,618266,Rehabilitation and upgradation to 2-lane with paved sholuders configuration of Bewar- Allahaganj- section of NH-730CKm.0.000 to Km 52.770pakage-I in state of Uttar Pradesh undergreen national Highway Corridor ProjectGNHCP with the loan assistance of world Bank on EPC mode.,325,340.16,0.0,98,23/11/2024,30/04/2026,18/04/2020,4.664615384615392,0.0,March_2026
1471,Roads & Highways,Ministry of Road Transport & Highways,MoRTH,618240,Rehabilitation and upgradation to 2-lane with paved sholuders configuration of Bewar-naer Karri village section Km0.00 to Km30.00 Pakage-I of NH-92 in state of Uttar Pradesh undergreen national Highway Corridor ProjectGNHCP with the loan assistance of world Bank on EPC mode.,236,0.0,0.0,90,15/03/2024,30/04/2026,18/04/2020,-100.0,0.0,March_2026
1472,Roads & Highways,Ministry of Road Transport & Highways,MoRTH,618265,Rehabilitation and upgradation to 2-lane with paved sholuders configuration of Miranpur Katra to radhaita section of NH-730CKm.114.000 to Km 137.250pakage-III in state of Uttar Pradesh undergreen national Highway Corridor ProjectGNHCP with the loan assistance of world Bank on EPC mode.,172,169.56,0.0,89,27/07/2024,30/04/2026,18/04/2020,-1.4186046511627894,0.0,March_2026
1473,Roads & Highways,Ministry of Road Transport & Highways,MoRTH,618229,Rehabilitation and upgradation to 2-lane with paved sholuders configuration of Near Karri village-Etawah section Km30.000 to Km 57.346 Pakage-II of NH-92 in state of Uttar Pradesh undergreen national Highway Corridor ProjectGNHCP with the loan assistance of world Bank on EPC mode.,211,206.56,0.0,100,17/02/2024,09/02/2025,18/04/2020,-2.104265402843601,0.0,March_2026
1474,Roads & Highways,Ministry of Road Transport & Highways,MoRTH,618256,"Rehabilitation and Upgradation to 2-lane with paved should ders Sir, configuration of Chaprathipalem to Lambasingi section Km 165500 to Km 205000 of NH-516E in the State of Andhra Pradesh under Green National Highways Corridor Project GNHCP with the loan assistance of World Bank on EPC mode",311,0.0,195.13,91,10/10/2024,30/04/2026,10/08/2020,-100.0,62.742765273311896,March_2026
1475,Roads & Highways,Ministry of Road Transport & Highways,MoRTH,618257,Rehabilitation and Upgradation to 2-lane with paved shoulders configuration of Koyyuru to Chaprathipalem section Km 120000 to Km 165500 of NH-516E in the State of Andhra Pradesh under Green National Highways Corridor Project GNHCP with the loan assistance of World Bank on EPC mode,349,0.0,241.96,100,07/07/2024,31/03/2026,11/08/2020,-100.0,69.32951289398281,March_2026
1476,Roads & Highways,Ministry of Road Transport & Highways,MoRTH,618050,Rehabilitation and Upgradation to 2-lane/Intermediate lane configuration of Ashyari-Shri Kyari Section km 50.000 to km 75.000 of NH-707 in the state of Himachal Pradesh under Green National Highways Corridor Project GNHCP with the loan assistance of World Bank on EPC mode.,346,359.56,146.64,98,23/09/2023,02/11/2024,24/08/2020,3.919075144508671,42.38150289017341,March_2026
1477,Roads & Highways,Ministry of Road Transport & Highways,National Highways Authority of India [NHAI],618879,Rehabilitation and Upgradation to 2L PS configuration & Strengthening of Padhar to Bijni section from Km 180.000 to Km 202.815 of NH-154 Pkg-VA,931,930.86,338.46,88,03/11/2026,03/11/2026,09/06/2022,-0.015037593984960941,36.35445757250268,March_2026
1478,Roads & Highways,Ministry of Road Transport & Highways,National Highways Authority of India [NHAI],618878,Rehabilitation and Upgradation to 4L configuration & Strengthening of Sihuni to Rajol from Km 51.000 to Km 72.000 of NH-154 Package-IIA,697,776.59,312.68,95,26/09/2025,30/06/2026,17/03/2022,11.418938307030134,44.86083213773314,March_2026
1479,Roads & Highways,Ministry of Road Transport & Highways,MoRTH,617963,Rehabilitation and upgradation to four lane road from km 70.500 to km 78.600 of NH-92 under EPC mode in the State of Uttar Pradesh,296,351.78,0.0,26,07/01/2027,07/01/2027,06/01/2022,18.844594594594586,0.0,March_2026
1480,Roads & Highways,Ministry of Road Transport & Highways,MoRTH,617938,Rehabilitation And Upgradation to four lane with paved shoulder configuration from km 24350 to km 61875 Jawale - Borgaon Kale of NH-63 in the State of Maharashtra on EPC mode under Annual Plan 2024-25 Total length - 37.525 Km.,574,0.0,0.06,10,19/03/2027,21/03/2027,20/12/2024,-100.0,0.010452961672473868,March_2026
1481,Roads & Highways,Ministry of Road Transport & Highways,MoRTH,618174,Rehabilitation and Upgradation to two lane with paved shoulder configuration of NH-752G from Sakri to Pimpalner Section Design Ch km 0000 to Ch km 21411 in the state of Maharashtra on EPC Mode. Length 21.411 km.,227,0.0,0.0,61,20/10/2026,21/10/2026,11/03/2024,-100.0,0.0,March_2026
1482,Roads & Highways,Ministry of Road Transport & Highways,MoRTH,618026,Rehabilitation and upgradation to two lane with paved shoulders from Km 0/000 to 72/6 of NH-365 Nakrekal to Tanamcherla section under NHDP IV in the state of Telangana under EPC mode,605,0.0,585.2,100,31/10/2019,30/04/2026,28/06/2017,-100.0,96.72727272727273,March_2026
1483,Roads & Highways,Ministry of Road Transport & Highways,MoRTH,618040,Rehabilitation and Upgradation to Two lanes with Paved Shoulders configuration and Strengthening from Km 175.00 to Km 196.00 Gumkhal to Satpuli of NH-119 New NH-534 in the State of Uttarakhand under NHO Annual Plan 2021-22 under EPC mode,453,0.0,0.0,42,07/01/2027,,31/03/2022,-100.0,0.0,March_2026
1484,Roads & Highways,Ministry of Road Transport & Highways,MoRTH,617911,Rehabilitation and upgradation Umaria to Shahdol section of NH-78 from Existing Km. 68/4 to Km. 142/2 to 2LPS including construction of Birshinghpur and Shahdol Bypass on EPC mode under NHDP-IVA,512,613.16,0.0,94,31/07/2017,30/06/2026,02/03/2015,19.757812499999993,0.0,March_2026
1485,Roads & Highways,Ministry of Road Transport & Highways,MoRTH,617966,Rehabilitation and Upgrading to 2 lanes/2-lane with paved shoulders configuration and strengthening of of Birpur and Bihpur Section from km 0.0 to Km 106 of NH 106 under phase I of National Highways Interconnectivity Improvement Projects NHIIP ICB No. NHIIP-BR-106-7 [NHIIP-BR-106-7],781,961.33,0.04,100,02/10/2019,30/04/2026,02/01/2014,23.08962868117798,0.0051216389244558265,March_2026
1486,Roads & Highways,Ministry of Road Transport & Highways,MoRTH,618041,Rehabilitation and upgrading to two lanes with paved shoulders and Strengthening of Kotdwar-Pauri-Srinagar road section from Km 232.00 to 274.470 on NH-119 New 534 Paidul to Srinagar in the State of Uttarakhand on EPC Mode under NHO Annual Plan 2021-22.,299,0.0,0.0,2,29/12/2027,,10/02/2022,-100.0,0.0,March_2026
1487,Roads & Highways,Ministry of Road Transport & Highways,MoRTH,617979,"Rehabilitation, upgradation & widening of existing highway to 2L/4LPS Rigid Pavement of NH 160 section- Phaltan to Mhaisal near Karnataka Border including Tasgaon Bypass, from existing chainage Km 301/430 to Km 458/415 in the State of Maharashtra. Package-I starting from existing chainage Km 301/430 at Phaltan Village Junction of Phaltan Baramati Road Design Chainage -301/430km & ending at existing chainage Km 341/300 Dahiwadi Village Bus Stop Design chainage Km 340466km in the S",534,0.0,0.0,55,29/05/2027,21/11/2026,15/03/2024,-100.0,0.0,March_2026
1488,Roads & Highways,Ministry of Road Transport & Highways,MoRTH,617978,"Rehabilitation, upgradation & widening of existing highway to 2L/4LPS Rigid Pavement of NH 160 section- Phaltan to Mhaishal near Karnataka Border including Tasgaon Bypass, from existing chainage Km 301/430 to Km 458/415 in the State of Maharashtra- Package-II & Package III combined- starting from existing chainage Km 341/300 to Km 394/130 and design chainage Km 340/250 at Dahiwadi Village to Km 392/950 ending at Vita Village in the State of Maharashtra on EPC Mode.",632,0.0,187.58,73,27/05/2027,28/05/2027,14/03/2024,-100.0,29.680379746835445,March_2026
1489,Roads & Highways,Ministry of Road Transport & Highways,MoRTH,618199,"Rehabilitation, Upgradation & Widening of existing Highway to Rigid Pavement 2 Lane with Paved Shoulder of NH 965DD from Lonand Shirval-Bhor Mandangad-Pchral Section ShindewadiPhata to Varandah Ghat Dist Border from Km 33/550 to 92/550 in the state of Maharashtra on EPC mode.",723,0.0,0.0,45,31/07/2026,31/07/2026,20/02/2023,-100.0,0.0,March_2026
1490,Roads & Highways,Ministry of Road Transport & Highways,MoRTH,618042,"Rehabilitation/ Upgradation of existing Highway to four lane standards in Kurkheda town from km.413257 to km 410775, Two lane in Shankarpur Gurnuli km 42400 to km 43100 section and Reconstruction of Major Bridge at Ch. 448558 Bhuti Nallah and Ch. 411695 Sati River bridge, Minor Bridge at Ch. 411477 and Ch. 405800 Lendhari Bridge of NH 543 Bhamhapuri-wadsa-kurkheda-korchi-Deori-Amgaon road on EPC mode in the State of Maharashtra",164,0.0,0.0,43,01/05/2025,29/03/2026,25/03/2022,-100.0,0.0,March_2026
1491,Roads & Highways,Ministry of Road Transport & Highways,MoRTH,618065,"Rehabilitation/Upgradation of existing Highway to 2LPS/4 lane of Dhawali to Rajoli from Design Km.149476 to 163476 existing Km.150000 to 164000, Pandhasala to Mohadongri from design Km.170476 to 181476 existing Km.171000 to 182000, Ambeshivni Fata to Bodli from design Km.183476 to 185476 existing Km.184000 to 186000 and Made Tukum to Gadchiroli from design Km.188476 to 189476 existing Km.188000 to 18900 having length 28 km of NH-930 of Dhawali to Gadchroli road in the",316,0.0,0.0,32,04/09/2025,25/08/2026,25/03/2022,-100.0,0.0,March_2026
1492,Roads & Highways,Ministry of Road Transport & Highways,National Highways Authority of India [NHAI],618700,Renigunta - Poyya - Naidupeta km 124.60 to km 183.4 of NH 71,1863,2510.14,1346.19,99,31/01/2024,30/04/2026,18/03/2020,34.73644659151905,72.25925925925927,March_2026
1493,Roads & Highways,Ministry of Road Transport & Highways,National Highways Authority of India [NHAI],618886,Road Safety Improvement of Critical Junctions on MuzaffarnagarHaridwar Section of NH-334 from Km 143000 to Km 196000,239,0.1,6.06,9,03/10/2027,03/10/2027,11/04/2025,-99.95815899581591,2.535564853556485,March_2026
1494,Roads & Highways,Ministry of Road Transport & Highways,NHAI,619294,Road Safety Improvement of existing four lane section of Dehradun-Lal Tappar-Nepali Farm Section of NH-7 and Nepali Farm-Motichur NH-34 on EPC Mode in Uttarakhand under NHO.,721,388.19,0.0,0,14/08/2028,14/08/2028,30/05/2025,-46.15950069348128,0.0,March_2026
1495,Roads & Highways,Ministry of Road Transport & Highways,NHIDCL,618434,Roing-Hunli Road Greenfield Alignment Project,1719,0.0,178.83,82,04/03/2022,30/06/2026,15/02/2017,-100.0,10.403141361256544,March_2026
1496,Roads & Highways,Ministry of Road Transport & Highways,National Highways Authority of India [NHAI],618943,Salem - Ulundurpet section from km 0.313 to km 136.670 of NH-68,861,1019.85,135.17,100,14/01/2011,31/05/2026,16/12/2006,18.44947735191638,15.699186991869919,March_2026
1497,Roads & Highways,Ministry of Road Transport & Highways,National Highways Authority of India [NHAI],618614,Sanchore - Santalpur from km 67.000 - km 99.000 of NH-754K AJ-RGBS-Package-3,752,765.25,566.97,99,09/08/2023,15/04/2026,18/02/2020,1.7619680851063828,75.39494680851064,March_2026
1498,Roads & Highways,Ministry of Road Transport & Highways,National Highways Authority of India [NHAI],618615,Sanchore - Santalpur from km 99.000 - km 130.073 of NH-754K AJ-RGBS-Package-4,778,835.55,663.37,100,09/03/2023,30/04/2026,18/02/2020,7.397172236503851,85.26606683804627,March_2026
1499,Roads & Highways,Ministry of Road Transport & Highways,MoRTH,617988,Sangameswaram - Atmakuru section from Km 96 to Km 124 & Velegodu- Nandyal section including Nandyal Bypass from Km 143/6 to 185/9 NH-167K,776,644.14,0.0,16,30/07/2027,30/07/2027,15/10/2024,-16.992268041237114,0.0,March_2026
1500,Roads & Highways,Ministry of Road Transport & Highways,National Highways Authority of India [NHAI],618611,Sangariya near Chautala-Rasisar near Bikaner section of NH-754K Phase-I AJ/SR-Package-7,521,548.42,425.94,100,29/06/2023,30/04/2026,04/02/2019,5.262955854126671,81.75431861804222,March_2026
1501,Roads & Highways,Ministry of Road Transport & Highways,MoRTH,618090,Sarsam - Kothari of NH-161A - 2L PS from Km.33/00 to 90/00,546,0.0,0.0,97,27/06/2019,30/11/2025,20/02/2017,-100.0,0.0,March_2026
1502,Roads & Highways,Ministry of Road Transport & Highways,National Highways Authority of India [NHAI],619069,Satara Km 725.000 to Pune Km 865.350 of NH - 4 New NH - 48 in Maharashtra,362,425.51,58.42,99,04/05/2022,30/06/2026,22/09/2009,17.54419889502762,16.138121546961326,March_2026
1503,Roads & Highways,Ministry of Road Transport & Highways,MoRTH,618153,Satara to Mhaswad,653,0.0,7.33,98,01/08/2019,31/07/2025,25/01/2017,-100.0,1.122511485451761,March_2026
1504,Roads & Highways,Ministry of Road Transport & Highways,National Highways Authority of India [NHAI],618847,Sattanathapuram to Nagapattinam from Km 123.800 to Km 179.555,2900,2899.77,1201.24,81,04/10/2022,31/08/2026,01/03/2018,-0.007931034482759248,41.42206896551724,March_2026
1505,Roads & Highways,Ministry of Road Transport & Highways,MoRTH,618005,Sheohar-Sitamarhi Section km 40.000 to 79.400 km Lot-I,179,278.53,0.0,99,03/05/2018,31/08/2025,01/02/2016,55.60335195530725,0.0,March_2026
1506,Roads & Highways,Ministry of Road Transport & Highways,MoRTH,618173,Shirur-Kharda section from 55937 km to 114486 km to 2LPS/4L,382,0.0,0.0,84,16/06/2019,30/09/2025,17/02/2017,-100.0,0.0,March_2026
1507,Roads & Highways,Ministry of Road Transport & Highways,National Highways Authority of India [NHAI],618840,Simaria Km. 206.050 to Khagaria Km. 266.282,664,891.64,340.09,98,03/04/2019,31/07/2026,01/12/2015,34.28313253012048,51.218373493975896,March_2026
1508,Roads & Highways,Ministry of Road Transport & Highways,MoRTH,618006,Sitamarhi-Jaynagar Section km 79.400 to km 156.500 Lot-II,370,503.28,0.0,99,29/12/2018,31/05/2026,01/02/2016,36.02162162162161,0.0,March_2026
1509,Roads & Highways,Ministry of Road Transport & Highways,National Highways Authority of India [NHAI],619078,Six Laning of Bihar - Jharkhand Border Chordaha - Gorhar section of NH-2 from km 249.525 to km 320.810,1773,1689.17,542.53,78,26/11/2021,31/12/2026,26/12/2017,-4.728144388042861,30.599548787366043,March_2026
1510,Roads & Highways,Ministry of Road Transport & Highways,National Highways Authority of India [NHAI],619205,Six Laning of KT/KL Border Thalapaddy -Chengala from Km. 17.200 to Km. 57.20,1981,2681.48,1041.05,99,15/05/2024,14/04/2026,19/05/2020,35.35991923271075,52.5517415446744,March_2026
1511,Roads & Highways,Ministry of Road Transport & Highways,National Highways Authority of India [NHAI],618530,Six Laning of Varanasi to Aurangabad from km. 786.00 to km. 978.40 of Old NH-2,3242,3241.56,1226.45,96,10/03/2014,30/06/2026,10/02/2009,-0.013571869216534688,37.83004318322023,March_2026
1512,Roads & Highways,Ministry of Road Transport & Highways,National Highways Authority of India [NHAI],619076,Six Laning of Vijayawada Bypass from Chinna Avutapalli to Gollapudi in Vijayawada - Gundugolanu Section from km. 0.00 to km. 30.00 Pkg-III,1581,1883.71,856.44,98,17/02/2023,31/05/2026,20/01/2020,19.14674256799494,54.1707779886148,March_2026
1513,Roads & Highways,Ministry of Road Transport & Highways,National Highways Authority of India [NHAI],618527,Six Laning of Vijayawada Bypass from Gollapudi to Chinnakakani in Vijayawada - Gundugolanu Section from km. 30.00 to km. 47.881 Pkg-IV,1195,1757.82,759.42,100,04/01/2024,30/04/2026,20/01/2020,47.09790794979079,63.549790794979074,March_2026
1514,Roads & Highways,Ministry of Road Transport & Highways,National Highways Authority of India [NHAI],618966,Six laning with both sides Service Road of Ayodhya Bypass from Design Km 0000 near Ashram Tiraha on NH-46 to Km 16439 end at Ratnagiri Tiraha on Nh-146,1123,1103.22,53.31,15,11/08/2027,11/08/2027,28/02/2024,-1.7613535173642008,4.747105966162066,March_2026
1515,Roads & Highways,Ministry of Road Transport & Highways,NHIDCL,619187,"Slope protection and landslide mitigation at 4 vulnerable locations km 1.950 to Km 2.100, km 11.100 to 11.450, km 22.435 to km 22.485 and km 22.610 to km 22.680 within Sevoke-Rangpo section of NH-10 old NH-31A in Darjeeling & Kalimpong district in the State of West Bengal on EPC mode",152,0.0,0.0,22,26/06/2027,26/06/2027,05/02/2024,-100.0,0.0,March_2026
1516,Roads & Highways,Ministry of Road Transport & Highways,National Highways Authority of India [NHAI],619003,Solan - Kaithlighat Section of NH-22 Now NH-5 from Km. 106.139 to Km.129.05,882,1519.53,641.55,90,06/05/2021,16/11/2026,28/03/2018,72.28231292517006,72.73809523809524,March_2026
1517,Roads & Highways,Ministry of Road Transport & Highways,MoRTH,618212,"STABILIZATION OF LAND SLIDE AND SLOPE PROTECTION AT KM 11.00 TO KM 11.08, 29,730 KM TO 30,060 KM, 30,400 KM TO 31,060 KM, 34,750 KM TO 35,300 KM, 38,950 KM TO 39,030 KM & 39,460 KM TO 39,540 KM TWO LOC CLUBBED, KM 40,400 TO KM 40,650, KM 43,500 KM 43,680, 52,460 RISHIKESH - DHARASU ROAD NH-94 ON EPC MODE IN THE STATE OF UTTARAKHAND. NOSE OF LAND SLIDE - 12 NOS",197,0.0,0.0,15,18/04/2027,,31/01/2024,-100.0,0.0,March_2026
1518,Roads & Highways,Ministry of Road Transport & Highways,National Highways Authority of India [NHAI],619084,Start of Karur Bypass - Dindigul from km. 292.600 to km. 305.600 Contract Package No. NS2/BOT/TN-4,462,515.03,42.27,100,16/04/2009,30/04/2026,17/08/2005,11.478354978354972,9.14935064935065,March_2026
1519,Roads & Highways,Ministry of Road Transport & Highways,National Highways Authority of India [NHAI],619207,Start of Kollam Bypass - Kadambattukonam,2641,3309.06,867.3,82,29/03/2025,30/06/2026,08/06/2021,25.295721317682695,32.839833396440746,March_2026
1520,Roads & Highways,Ministry of Road Transport & Highways,MoRTH,617973,Strengthening and widening of existing 2 lane road to two lane paved shoulder from km 7.750 to 26.542 & km. 32.093 to 45.786 of NH-130 on EPC mode in the state of chhattisgarh.job No. 130-CG-2017-18-348,189,0.0,102.56,97,24/11/2020,28/02/2026,08/11/2017,-100.0,54.26455026455027,March_2026
1521,Roads & Highways,Ministry of Road Transport & Highways,MoRTH,618133,Strengthening and Widening of road Sakoli- Wadsa-Armori-Gadchiroli-Ashti- Allapalli -Sironcha National highway NH 353C in Km 262/00 to 321/00 including 16 minor Bridges and 2 Major Bridge Total length 59 Km section from repanpalli to sironcha in Gadchiroli Dist in the State of Maharashtra.,281,0.0,0.0,62,31/05/2024,31/05/2026,31/03/2021,-100.0,0.0,March_2026
1522,Roads & Highways,Ministry of Road Transport & Highways,NHAI,618565,Strengthening of existing 4L Ayodhya Bypass Section from design Km. 121 600 to Km. 144020 of NH 28 New NH 27Pkg-3,526,281.13,259.66,82,08/03/2025,27/08/2025,24/03/2023,-46.553231939163496,49.365019011406844,March_2026
1523,Roads & Highways,Ministry of Road Transport & Highways,National Highways Authority of India [NHAI],618628,Strengthening of Existing Alignment of Pandharpur Town Part Bypassed Section of NH 965 from KM 36.230 to KM 44.230 from Chh. Shivaji Maharaj Chowk to Wakhari,150,87.59,52.83,48,31/10/2025,30/06/2026,12/08/2022,-41.60666666666666,35.22,March_2026
1524,Roads & Highways,Ministry of Road Transport & Highways,MoRTH,618061,"Strengthening, Widening & Up-gradation of newly declared NH-761 from NH-61Junction-BelheAlkutiDevibhoyareNighojShirur, from Design chainage Km 0.000 to Km 37.970 from Single/Intermediate/2L to 2LPS in the State of Maharashtra on EPC Mode Length 37.970 Km",386,0.0,30.86,53,27/09/2026,27/09/2026,15/03/2024,-100.0,7.99481865284974,March_2026
1525,Roads & Highways,Ministry of Road Transport & Highways,MoRTH,617949,Tadipatri Bypass Km 0000 to Km 6285 of 4-Lane on NH-67 in Anantapuramu district of AP state under NHO on EPC Mode under Annual Plan 2022-23,160,0.0,59.26,100,12/03/2026,31/03/2026,30/03/2023,-100.0,37.0375,March_2026
1526,Roads & Highways,Ministry of Road Transport & Highways,National Highways Authority of India [NHAI],618796,Tanot -Ramgarh-Bhadasar-Jaisalmer NH-68 and BhadasarMokal-Sarkaritala up to Pakisthan Border NH-968 Pkg-BM/5,829,830.37,405.13,100,21/04/2021,30/04/2026,23/02/2018,0.16525934861278704,48.86972255729795,March_2026
1527,Roads & Highways,Ministry of Road Transport & Highways,National Highways Authority of India [NHAI],618638,Tarsod - Fagne section of NH-6,2268,2560.5,990.0,99,12/07/2021,30/04/2026,23/06/2016,12.896825396825399,43.65079365079365,March_2026
1528,Roads & Highways,Ministry of Road Transport & Highways,National Highways Authority of India [NHAI],619097,Thalassery Mahe Bypass Km 170.600 to Km 189.200 of NH-17New NH-66 in Kerala,1181,1573.18,708.74,100,31/05/2020,08/04/2026,09/09/2017,33.207451312447084,60.01185436071126,March_2026
1529,Roads & Highways,Ministry of Road Transport & Highways,National Highways Authority of India [NHAI],619165,Thanamcherla-Jamandlapally 2LPS,177,18.65,8.31,100,07/02/2023,31/05/2026,19/11/2013,-89.46327683615819,4.694915254237288,March_2026
1530,Roads & Highways,Ministry of Road Transport & Highways,National Highways Authority of India [NHAI],619094,Thorapalli - Agraharam - Jittandahalli Section from km 23.350 to km 60.100 [Hosur to Dhamrapuri Pkg-2],1244,1272.11,589.41,83,06/12/2023,31/12/2026,14/02/2019,2.259646302250796,47.38022508038585,March_2026
1531,Roads & Highways,Ministry of Road Transport & Highways,National Highways Authority of India [NHAI],619083,Thumbipadi-Namakkal from km. 180.00 to km. 248.625 Package No. NS-2/BOT/TN-02,256,395.43,205.97,100,14/02/2009,31/05/2026,24/06/2005,54.46484375,80.45703125,March_2026
1532,Roads & Highways,Ministry of Road Transport & Highways,National Highways Authority of India [NHAI],618605,Thuravoor Thekku-Paravoor,2879,2638.67,1998.42,76,12/09/2024,31/05/2026,06/09/2021,-8.347690170197982,69.41368530739841,March_2026
1533,Roads & Highways,Ministry of Road Transport & Highways,MoRTH,617889,Treatment of landslide zone from location no. 01 to 28 km 62.860 to 152.750 on NH-12509 in the State of Uttarakhand under EPC mode in NHO Annual Plan 2022-23,192,0.0,0.0,97,20/06/2024,30/04/2026,02/11/2022,-100.0,0.0,March_2026
1534,Roads & Highways,Ministry of Road Transport & Highways,National Highways Authority of India [NHAI],618743,Trichy 135.800 to Karur 218.000 section of NH-67 - Trichy Bypass,877,360.88,66.59,100,03/10/2024,,,-58.850627137970356,7.592930444697833,March_2026
1535,Roads & Highways,Ministry of Road Transport & Highways,National Highways Authority of India [NHAI],619071,Tumkur - Nelamangala 6L,2032,1664.2,504.51,59,25/08/2025,31/03/2027,04/03/2021,-18.1003937007874,24.828248031496063,March_2026
1536,Roads & Highways,Ministry of Road Transport & Highways,National Highways Authority of India [NHAI],619070,Tumkur-Chitradurga,839,47.44,8.24,100,01/12/2013,30/06/2026,17/04/2010,-94.3456495828367,0.9821215733015495,March_2026
1537,Roads & Highways,Ministry of Road Transport & Highways,National Highways Authority of India [NHAI],619220,Tumkur-Shimoga Pkg-III from Km 121.900 Banawara to Km 170.415 Bettadahalli of Old NH-206,1444,1834.81,816.79,97,14/03/2023,30/04/2026,27/02/2018,27.06440443213296,56.56440443213297,March_2026
1538,Roads & Highways,Ministry of Road Transport & Highways,National Highways Authority of India [NHAI],618512,Tunnel at Khambataki Ghat Section and its approaches from existing Km. 771.730 to existing Km. 782.000,907,816.12,526.64,87,27/02/2022,31/08/2026,07/11/2017,-10.019845644983462,58.063947078280044,March_2026
1539,Roads & Highways,Ministry of Road Transport & Highways,National Highways Authority of India [NHAI],618773,Tuticorin - Tirunelveli from km. 0.00 to km. 47.250,450,452.48,1.17,100,25/04/2012,,,0.5511111111111151,0.26,March_2026
1540,Roads & Highways,Ministry of Road Transport & Highways,MoRTH,618258,Two laning with paved shoulders of Gondiguda to Araku uptoBhallaguda section of NH 516E,297,289.11,237.52,92,07/09/2023,09/04/2024,24/08/2020,-2.6565656565656517,79.97306397306397,March_2026
1541,Roads & Highways,Ministry of Road Transport & Highways,MoRTH,618255,Two laning with paved shoulders of Lambasingi to Paderusection of NH 516E,361,358.05,104.0,43,02/11/2025,30/11/2026,17/04/2020,-0.8171745152354539,28.80886426592798,March_2026
1542,Roads & Highways,Ministry of Road Transport & Highways,MoRTH,618259,Two laning with paved shoulders of Paderu to GundigudaSection of NH 516E,223,0.0,122.52,100,30/03/2023,24/03/2024,24/08/2020,-100.0,54.94170403587444,March_2026
1543,Roads & Highways,Ministry of Road Transport & Highways,NHAI,618954,Umagaon - Saharsa Package - I Combined Umagaon-Kaluahi0.000KM to 21.609Km of NH227LSaharghat-Rahika0.000 Km to 26.130KM of NH227JRahika-Rampatti 0.00 KM to 15.00KM of NH527ABideshwarsthan-Bheja0.000KM to 25.915KM of NH527A.,1473,1703.02,550.3,12,01/07/2027,01/07/2027,20/08/2022,15.615750169721654,37.3591310251188,March_2026
1544,Roads & Highways,Ministry of Road Transport & Highways,NHAI,618953,Umagaon-Saharsa Package-IV Koshi Bridge & approach Road - Bheja-Bakaur,1200,1223.94,1086.2,89,11/08/2023,30/09/2026,01/02/2019,1.9950000000000043,90.51666666666667,March_2026
1545,Roads & Highways,Ministry of Road Transport & Highways,NHAI,619166,Umagaon-Saharsa Package-V Bakaur-Parsarma-Bangaon-Bariyahi & Spur to Mahishi,768,968.42,383.1,99,14/12/2025,30/04/2026,07/10/2022,26.096354166666664,49.8828125,March_2026
1546,Roads & Highways,Ministry of Road Transport & Highways,MoRTH,618108,Up-gradation and strengthening to 2lanePS from Km 95/500 to km 129/775 of Nh 168G Idar-Bhiloda-Samlaji in the state of Gujarat Length 34.275 km,237,0.0,0.0,60,06/12/2025,30/05/2026,30/09/2022,-100.0,0.0,March_2026
1547,Roads & Highways,Ministry of Road Transport & Highways,MoRTH,617906,Up-gradation of Dhoraji-Jamkandorna-Kalavad Section of NH-927D from Design Chainage km 0/00 to km 58/115 to Two lane with PS configuration in the State of Gujarat on EPC,247,291.19,0.0,35,24/01/2027,24/01/2027,14/10/2022,17.89068825910931,0.0,March_2026
1548,Roads & Highways,Ministry of Road Transport & Highways,MoRTH,618078,Up-gradation of NH-130C Abhanpur to Paund from NH Km. 0000 to KM 40380 to two lane with paved shoulders in the State of Chhattisgarh on EPC mode.,193,0.0,97.78,85,24/09/2023,15/02/2026,22/12/2020,-100.0,50.66321243523316,March_2026
1549,Roads & Highways,Ministry of Road Transport & Highways,MoRTH,618064,Up-gradation of NH-930 Sherpar to Kohka from Km.67880 to Km.114860 to 2LPS in Chhattisgarh under EPC mode,279,0.0,201.05,90,25/05/2024,,12/03/2020,-100.0,72.06093189964157,March_2026
1550,Roads & Highways,Ministry of Road Transport & Highways,MoRTH,618021,Up-gradation of Pichhore- Dinara section of NH-346 from Km 292.750 to 334.550 to two lane with paved shoulders in the state of Madhya Pradesh on EPC mode,426,0.0,0.0,19,02/06/2027,02/06/2027,01/02/2024,-100.0,0.0,March_2026
1551,Roads & Highways,Ministry of Road Transport & Highways,MoRTH,618093,Up-gradation to 2 lane with Paved shoulder from Charbhuja at Design km 0.00 existing km 150.00 to Neechli Oden Nathdwara at Design ch. Km 88.800 existing km 55.950 of NH-162E on EPC mode.,838,0.0,55.04,0,26/09/2025,,07/02/2022,-100.0,6.5680190930787585,March_2026
1552,Roads & Highways,Ministry of Road Transport & Highways,MoRTH,618092,Up-gradation to 2 lane with paved shoulder from Neechli Oden Nathdwara at Design Km 88.800 existing km 55.95 to Bhatewar at Design Km 142.028 existing km 0.00 of NH-162E in the State of Rajasthan on EPC mode.,607,0.0,0.0,49,04/10/2026,03/10/2026,27/02/2023,-100.0,0.0,March_2026
1553,Roads & Highways,Ministry of Road Transport & Highways,NHIDCL,619010,Up-gradation to 2 lane with paved shoutders of Pawlrang - Rulchawm section- of NH-102B of Aizawl - Imphal Economic Corridor from Existing Chainage km 72.030 to km 104.129 including 2.459 km re-alignment section from Tuivai River to Rulchawm connecting km 48.150 of NH-6 [Design Chainage km 68.170 to km 98.579] in the State of Mizoram under Bharatmala Pariyojna on EPC mode under NHO-NE Package-3 Keifang- Tuivai Pkg-3,501,0.0,305.45,75,08/05/2025,12/07/2025,13/12/2021,-100.0,60.968063872255485,March_2026
1554,Roads & Highways,Ministry of Road Transport & Highways,NHIDCL,618394,Up-gradation to 2-lane with Paved Shoulder from Km 12.850 to Km20.300 of 7.450Km length on Goha-Khellani section and a link road to Goha village of 2.016 km on NH-244 in UT of Jammu and Kashmir on EPC Mode Pkg-1,228,225.37,163.81,97,01/04/2022,31/10/2026,14/07/2020,-1.1535087719298227,71.84649122807018,March_2026
1555,Roads & Highways,Ministry of Road Transport & Highways,NHIDCL,618398,Up-gradation to 2-lane with Paved Shoulder from Km 20.300 to Km 29.030 of 8.730 Km length on Goha-Khellani section on NH-244 in UT of Jammu and Kashmir on EPC Mode Package II,211,0.0,174.92,97,01/04/2022,31/03/2026,14/07/2020,-100.0,82.9004739336493,March_2026
1556,Roads & Highways,Ministry of Road Transport & Highways,NHIDCL,618341,Up-gradation to 2-lane with paved shoulders of Ngopa - Pawlrang section of NH 102B of Aizawl - Imphal Economic Corridor from Existing Chainage km 32.796 to km 72.030 [Design Chainage km 31.280 to km 68.170] in the State of Mizoram under Bharatmala Pariyojna on EPC mode under NHO-NE Package-2 Keifang- Tuivai Pkg-2,524,0.0,394.29,95,22/02/2025,01/06/2026,21/09/2021,-100.0,75.24618320610688,March_2026
1557,Roads & Highways,Ministry of Road Transport & Highways,MoRTH,618049,Up-gradation to 2/4 lane with paved shoulder configuration of NH-652 from Tuljapur Naldurg-Akkalkot road Chainage from Km. 00.000 to km 30.982 in the State of Maharashtra on EPC mode.,183,0.0,64.87,95,08/07/2026,08/07/2026,14/03/2024,-100.0,35.44808743169399,March_2026
1558,Roads & Highways,Ministry of Road Transport & Highways,NHIDCL,618406,Up-gradation to 4-lane with Paved Shoulder of Jammu-Akhnoor road section of NH-144A from Ganesh Vihar Km 6.000 to Khati Chowk Km 26.350 in UT of Jammu and Kashmir on EPC basis Pkg-3A,322,0.0,0.0,0,11/07/2021,04/05/2022,14/03/2018,-100.0,0.0,March_2026
1559,Roads & Highways,Ministry of Road Transport & Highways,NHAI,618766,Up-gradation to Four Lane with Paved Shoulder configuration of the highway starting from existing km 88.400 Savali Vihir to km 163.400 start of Ahmednagar bypass Design Length 75.000 km section of NH-160 in the State of Maharashtra under Bharatmala Pariyojana on EPC Mode,862,617.93,149.73,33,29/04/2027,29/04/2027,28/10/2024,-28.314385150812072,17.370069605568446,March_2026
1560,Roads & Highways,Ministry of Road Transport & Highways,MoRTH,617933,Up-gradation to four lane/ Two lane with paved shoulders configuration of Kalyan - Murbad - Malshej Ghat - Nirmal Road NH- 61 km 15/200 to Km 38/00 and from Km. 58/00 to Km 84/00 Design length 48.58 km of NH-61 on EPC Mode in Thane District in the state of Maharashtra,984,0.0,0.0,100,31/08/2026,31/08/2026,14/02/2023,-100.0,0.0,March_2026
1561,Roads & Highways,Ministry of Road Transport & Highways,MoRTH,618024,Up-gradation to two lane with paved shoulder configuration of NH-354 Section Arifkes-Ferozepur-Muktsar-Malaut from Km 201.500 to Km 212.500 & Km 229.690 to Km 269.960 and strengthening of existing pavement from Km 212.500 to Km 229.690 excluding Km 218.500 to 223.690 of NH-354 on EPC Mode in the State of Punjab. Job No. NH-354-PB-2020-21-532,263,0.0,0.0,83,15/04/2025,30/04/2026,12/03/2021,-100.0,0.0,March_2026
1562,Roads & Highways,Ministry of Road Transport & Highways,MoRTH,617971,Up-gradation to Two/Four lane with paved shoulder Configuration of Kondagaon- Narayanpur from design ch. 0.00 - 48.693 Design Length 47.493 Km. 1.20 Km. retained on NH-130D under EPC mode in the State Chhattisgarh.,322,0.0,1.1,48,16/03/2027,16/03/2027,29/12/2022,-100.0,0.34161490683229817,March_2026
1563,Roads & Highways,Ministry of Road Transport & Highways,MoRTH,618136,Upgradatiobn and Rehabilitation of Section of NH 361 F from Parli 00/000 to Gangakhed 30/400 to Two Lanes with paved shoulder / Four lane configurations on EPC mode in the State of Maharashtra.,224,0.0,0.0,91,16/09/2023,31/03/2026,31/03/2021,-100.0,0.0,March_2026
1564,Roads & Highways,Ministry of Road Transport & Highways,National Highways Authority of India [NHAI],618511,Upgradation & rehabilitation of Service Roads on both sides in urban areas of Pune City on PuneSatara section of NH48,605,388.78,43.71,14,16/06/2026,16/06/2027,12/01/2025,-35.738842975206616,7.224793388429752,March_2026
1565,Roads & Highways,Ministry of Road Transport & Highways,MoRTH,618019,Upgradation & widening of Jharkheda- Berasia - Dholkhedi from design km 0000 to km 87900 Design length 87.90km of NH-346 including 3 nos. bypasses of 13.10 Km in the State of Madhya Pradesh under EPC mode.,365,0.0,0.0,88,19/05/2025,30/06/2026,15/03/2022,-100.0,0.0,March_2026
1566,Roads & Highways,Ministry of Road Transport & Highways,National Highways Authority of India [NHAI],619155,Upgradation and 4L of Haridwar Bypass from Km 0.000 Km 188.100 of NH-58 to Km. 15.100 Km 5.100 of NH 74 PKg-1,1603,1423.89,585.02,76,29/10/2024,31/10/2026,22/11/2021,-11.173424828446656,36.49532127261384,March_2026
1567,Roads & Highways,Ministry of Road Transport & Highways,MoRTH,618043,Upgradation and reconstruction of Dindori - Mandla Section of NH 543 from Km 77100 Design to Km 170580 Design Total length 93.48km to Two lane with paved shoulder configuration along with One time improvement in 04 nos of bypassed built-up areas in a total length of 7.23 km in the state of Madhya Pradesh on EPC mode,492,523.71,0.0,88,28/07/2026,28/07/2026,28/03/2022,6.4451219512195195,0.0,March_2026
1568,Roads & Highways,Ministry of Road Transport & Highways,MoRTH,618036,Upgradation and reconstruction of existing intermediate lane to two Lane with paved shoulder configuration from km. 43.00 Barna River to km. 77.00 ken river length 34.00 km. on Gulganj-Amanganj-Pawai-Katni NH43 Extn. along with One time improvement in 01 no. of bypassed built-up area in a total length of 1.585 km in the state of Madhya Pradesh on EPCmode.,316,0.0,0.0,25,25/11/2026,25/11/2026,24/03/2023,-100.0,0.0,March_2026
1569,Roads & Highways,Ministry of Road Transport & Highways,MoRTH,617914,Upgradation and reconstruction of Shahpura-Dindori Section of NH 45 from Km 103.700 Design to Km 164.580 Design including 3 bypasses Total length 60.88km to Two lane with paved shoulder configuration along with One time improvement in 03 nos of bypassed built-up areas in a total length of 12.341 km in the State of Madhya Pradesh on EPC mode,241,250.09,0.0,29,11/12/2025,30/06/2026,14/03/2022,3.771784232365147,0.0,March_2026
1570,Roads & Highways,Ministry of Road Transport & Highways,National Highways Authority of India [NHAI],618967,Upgradation and Strengthening of Chenani to Nashri Section via Patnitop of NH244 from Km 0.000 to Km 39.100,295,295.06,131.8,62,05/08/2026,05/08/2026,06/03/2024,0.020338983050848226,44.67796610169492,March_2026
1571,Roads & Highways,Ministry of Road Transport & Highways,National Highways Authority of India [NHAI],618754,Upgradation of 2L/4L with Paved Shoulder of Shirwal-Lonand Section from KM 159900 To KM 188025 of NH-965DD Section I and 2L With Paved Shoulder of Lonand-Satara Section from KM 51500 To KM 96246 Of NH-965D Section II in Satara District in the State of Maharashtra on EPC Mode under NHO-,538,307.24,53.91,26,20/06/2027,20/06/2027,06/03/2025,-42.89219330855018,10.020446096654274,March_2026
1572,Roads & Highways,Ministry of Road Transport & Highways,MoRTH,618016,"Upgradation of Ambikapur Ramanujganj - Garhwa Road NH 343 of Package-I, Rajpuri Khurd Village to Padih Village section from existing km 7.830 to km 57.650 Design Ch. 13.700 to Ch. 62.700 of total length 49.00 km to two lane with paved shoulders under EPC mode in the state of Chhattisgarh",397,0.0,18.97,10,26/05/2027,26/05/2027,24/03/2022,-100.0,4.778337531486146,March_2026
1573,Roads & Highways,Ministry of Road Transport & Highways,MoRTH,618014,"Upgradation of Ambikapur-Ramanujganj-Garwa road of NH-343, Package-III, Badki mahri village to Ramanujganj section from existing km 80.600 to km 110.330 Design Ch. 85.370 to Ch. 114.800 of total length 29.430 km to two lane with paved shoulders udner corridor scheme under EPC Mode in the of Chhattisgarh",199,0.0,15.65,29,31/10/2026,31/10/2026,24/03/2022,-100.0,7.864321608040201,March_2026
1574,Roads & Highways,Ministry of Road Transport & Highways,MoRTH,618018,Upgradation of Bilaspur-Takhatpur-Mungeli-Pandariya-Pondi Road on N.H.-130A Package IIIA Takhatpur By-pass from existing Ch. 26.542 to 32.093 [Design Ch. 18.700 to 25.900] & Mungeli By-pass from existing Ch. 45.786 to 56.275 [Design Ch. 29.600 to 51.600] and Package IIIB Pandariya By-Pass from existing Ch. 82.582 to 87.133 [Design Ch. 77.900 to 81.1000 & Pondi By-pass from existing Ch. 103.166 to 104.756 [Design Ch. 97.000 to 103.395] to two lane with paved shoulder configuration in the,351,0.0,11.48,10,17/07/2025,31/12/2026,25/03/2022,-100.0,3.2706552706552703,March_2026
1575,Roads & Highways,Ministry of Road Transport & Highways,MoRTH,617915,Upgradation of Dindori-Sagartola-kabichabutra MP-CG border section of NH -45 from km 000Design to km 77.00 Design to Two lane with paved shoulder configration along with one time improvement in 04 nos. of bypaased built-up areas in a total length of 9.1 km in the state of Madhya Pradesh on EPC mode.,329,319.09,0.0,94,18/09/2025,31/03/2026,12/01/2022,-3.0121580547112536,0.0,March_2026
1576,Roads & Highways,Ministry of Road Transport & Highways,MoRTH,618098,"Upgradation of exhisting 2 lane flexible pavement to 2 lane paved shoulders rigid pavement from design chainage Km 66.00 to Design Km 82.440 Start of Kolhapur Municipal corporation near Phulewadi to kale, design length 16.440 Km section on Talere Gaganbawada-Kolhapur road NH 166G in the state of Maharashtra on EPC mode",168,0.0,0.0,94,13/05/2024,31/03/2026,31/03/2021,-100.0,0.0,March_2026
1577,Roads & Highways,Ministry of Road Transport & Highways,MoRTH,618158,"Upgradation of Goras to Shyampur Road section of NH-552 Ext., from Design Chainge 48.400 to 111.800 Km Total length 63.40 km to two lane with paved shoulder configuration along with One time improvement of 8.91 km in the state of Madhya Pradesh on EPC mode",417,0.0,0.0,13,30/12/2026,30/12/2026,27/03/2023,-100.0,0.0,March_2026
1578,Roads & Highways,Ministry of Road Transport & Highways,MoRTH,618015,"Upgradation of Keonchi - Ratanpur Road of NH 45 Package-I, from design chainage km 237.860 to km 273.200 of length 35.340 km to two lane with paved shoulders under Corridor scheme on EPC mode in the state of Chhattisgarh.",225,228.93,62.63,45,06/01/2026,31/12/2026,31/03/2022,1.7466666666666697,27.83555555555556,March_2026
1579,Roads & Highways,Ministry of Road Transport & Highways,MoRTH,618017,"Upgradation of Keonchi - Ratanpur Road of NH 45 Package-II, from design chainage km 278.75 to km 321.348 of length 42.598 km to two lane with paved shoulders under Corridor scheme on EPC mode in the state of Chhattisgarh.",286,0.0,73.61,50,06/01/2026,31/12/2026,31/03/2022,-100.0,25.737762237762237,March_2026
1580,Roads & Highways,Ministry of Road Transport & Highways,MoRTH,618107,Upgradation of Mehsana-Visnagar-vadnagar-Kheralu-Idar section from km 0/00 to 81/300 of NH 168G Mehsana to Idar in the State of GujaratTotal Length 81.300 Km on Hybrid Annuity Mode HAM,1155,0.0,1.52,5,17/06/2028,19/06/2028,26/02/2024,-100.0,0.1316017316017316,March_2026
1581,Roads & Highways,Ministry of Road Transport & Highways,MoRTH,618085,Upgradation of Nasrullagani-Rehti-Budhni Scction to 2-lane with paved shoulder from Km 0150 to Km 50500 of NH-146B in the state of Madhya Pradesh on EPC mode.,305,293.74,0.0,78,25/10/2024,30/06/2026,06/12/2021,-3.6918032786885213,0.0,March_2026
1582,Roads & Highways,Ministry of Road Transport & Highways,MoRTH,619007,Upgradation of Sarvardewla to Pal MP/MH Border Road section of NH-347 C from Design Chainge km 81.600 to 137.400 Total length 55.80 km to two lane with paved shoulder configuration along with One time improvement of 1 .95 km in the State of Madhya Pradesh on EPC mode.,461,0.0,0.0,0,02/01/2028,,27/03/2023,-100.0,0.0,March_2026
1583,Roads & Highways,Ministry of Road Transport & Highways,MoRTH,618118,Upgradation of two lane paved shoulder from Shahpura existing km. 0.00 Design Ch. 000 to Thanagazi existing Km.37352 Design Ch. 36810 of NH-248A on EPC mode in the State of Rajasthan.,174,0.0,63.55,100,31/07/2024,31/07/2025,08/03/2022,-100.0,36.52298850574712,March_2026
1584,Roads & Highways,Ministry of Road Transport & Highways,MoRTH,618219,Upgradation to 2-lane with Hard shoulder configuration of Suraithota Ch. 29.725 km to Malari Ch. 60.550 km road on NH- 107B under in the state of Uttarakhand.,293,0.0,0.0,72,09/05/2026,31/12/2026,20/10/2022,-100.0,0.0,March_2026
1585,Roads & Highways,Ministry of Road Transport & Highways,MoRTH,618117,Upgradation to 2-Lane with Paved Shoulder from Design Km 36300 to Design Chainage 47918 and from Design Ch 69900 to Design Ch 83940 of NH-248A Natni Ka Bara in the State of Rajasthan on EPC Mode.,155,0.0,11.56,23,29/05/2026,29/05/2026,21/02/2024,-100.0,7.458064516129033,March_2026
1586,Roads & Highways,Ministry of Road Transport & Highways,National Highways Authority of India [NHAI],618787,"Upgradation to 4L PS from Bhimasar, Junction of NH-41 to Anjar- Bhuj upto Airport Junction from Km 0.000 to Km 65.478 of NH-341",1373,1687.25,751.61,96,29/06/2025,30/09/2026,11/03/2022,22.887836853605243,54.742170429715955,March_2026
1587,Roads & Highways,Ministry of Road Transport & Highways,MoRTH,617900,Upgradation to Two Lane Paved Shoulder in km 33/0 to 126/520 of NH-23 Old NH-11B Kothun-Lalsot-Karoli-Dholpur road in the state of Rajasthan under EPC mode Length-93.52 Km.,150,0.0,12.2,97,01/09/2024,30/09/2025,24/12/2021,-100.0,8.133333333333333,March_2026
1588,Roads & Highways,Ministry of Road Transport & Highways,MoRTH,617972,Upgradation to Two lane with Paved Shoulder Configuration of Narayanpur Kasturmeta pkg-II from design ch. 48.693 to 70.453 design length21.760 Km. on NH-130D under EPC mode in the state of Chhattisgarh.,201,0.0,14.99,0,13/06/2026,,29/12/2022,-100.0,7.457711442786069,March_2026
1589,Roads & Highways,Ministry of Road Transport & Highways,MoRTH,618022,Upgradation to two lane with paved Shulder Configuaration from Km. 0/00 to 47/000 of NH 351 Mahuva to Badhada section in the State of Gujarat,173,219.08,22.53,62,22/08/2025,30/05/2026,06/12/2022,26.635838150289025,13.023121387283238,March_2026
1590,Roads & Highways,Ministry of Road Transport & Highways,MoRTH,618069,Upgradation to Two-lane with paved shoulder of Hanumangarh to Kenchiyan section from Km 0.000existing chainage-Km 23.200 to Km 49.605existing chainage-Km 74.645 of NH-54 in the State of Rajasthan on EPC mode.,335,0.0,0.0,68,03/10/2026,03/10/2026,24/03/2022,-100.0,0.0,March_2026
1591,Roads & Highways,Ministry of Road Transport & Highways,National Highways Authority of India [NHAI],619203,Vadape to Thane from km 539.202 to km 563.000 section of NH-3 new NH-848,1253,1371.27,482.14,77,18/07/2021,30/04/2026,26/03/2018,9.438946528332002,38.478850758180364,March_2026
1592,Roads & Highways,Ministry of Road Transport & Highways,National Highways Authority of India [NHAI],618464,Vadodara Mumbai Expressway Ena -Kim Phase IB - Pkg VI [Km 217.500 to Km 254.430],2272,4297.28,2574.28,99,10/12/2023,30/04/2026,07/05/2020,89.14084507042253,113.30457746478875,March_2026
1593,Roads & Highways,Ministry of Road Transport & Highways,National Highways Authority of India [NHAI],618465,Vadodara Mumbai Expressway Gandeva to Ena Phase IB - Pkg VII [Km 190.00 to Km 217.500],1710,3392.21,2152.43,97,09/11/2023,30/04/2026,30/07/2020,98.37485380116959,125.87309941520466,March_2026
1594,Roads & Highways,Ministry of Road Transport & Highways,National Highways Authority of India [NHAI],618466,Vadodara Mumbai Expressway Jujuwa - Gandeva from Km. 154.600 to Km. 190.000 Phase-I Package-VIII,3834,3820.2,197.13,5,02/03/2026,15/11/2026,11/07/2023,-0.35993740219092807,5.141627543035994,March_2026
1595,Roads & Highways,Ministry of Road Transport & Highways,National Highways Authority of India [NHAI],618467,Vadodara Mumbai Expressway Karvad - Jujuwa from Km. 128.000 to Km. 154.600 Phase-I Package-IX,2594,2587.04,211.72,22,13/10/2025,30/06/2026,11/07/2023,-0.26831148804934607,8.161912104857363,March_2026
1596,Roads & Highways,Ministry of Road Transport & Highways,National Highways Authority of India [NHAI],618463,Vadodara Mumbai Expressway Kim to Ankleshwar Phase IA - Pkg V,1325,2807.48,1246.47,91,31/10/2021,30/06/2026,19/02/2018,111.88528301886794,94.07320754716982,March_2026
1597,Roads & Highways,Ministry of Road Transport & Highways,National Highways Authority of India [NHAI],618468,Vadodara Mumbai Expressway Phase II - Pkg XI [Km. 77.000 to Km. 103.400] Ganjad - Talsari,1525,1913.95,813.35,100,17/05/2024,30/04/2026,19/06/2020,25.50491803278689,53.3344262295082,March_2026
1598,Roads & Highways,Ministry of Road Transport & Highways,National Highways Authority of India [NHAI],619198,Vadodara Mumbai Expressway Phase II - Pkg XII [Km. 50.700 to Km. 77.000] Masvan - Ganjad,1711,2388.52,962.91,99,22/03/2024,30/04/2026,07/08/2020,39.5978959672706,56.277615429573345,March_2026
1599,Roads & Highways,Ministry of Road Transport & Highways,National Highways Authority of India [NHAI],618469,Vadodara Mumbai Expressway Phase II - Pkg XIII [Km. 26.582 to Km. 50.700] Shirsad - Masvan,3537,4679.54,1792.81,91,08/02/2024,15/07/2026,06/06/2020,32.30251625671473,50.68730562623692,March_2026
1600,Roads & Highways,Ministry of Road Transport & Highways,National Highways Authority of India [NHAI],618470,Vadodara Mumbai Expressway Phase II - Pkg XIV [Km. 3.000 to Km. 20.200 of Spur] Shirsad - Akloli,2059,2324.72,576.7,86,11/05/2024,31/05/2026,27/05/2021,12.905293831957252,28.008742107819334,March_2026
1601,Roads & Highways,Ministry of Road Transport & Highways,National Highways Authority of India [NHAI],618471,Vadodara Mumbai Expressway Phase II - Pkg XV [Km. 20.200 to Km. 43.000 of Spur] Akloli - Amne,2611,2918.39,596.29,92,11/05/2024,31/05/2026,18/05/2021,11.772883952508613,22.837610111068553,March_2026
1602,Roads & Highways,Ministry of Road Transport & Highways,National Highways Authority of India [NHAI],618472,Vadodara Mumbai Expressway Phase II - Pkg XVI [Km. 43.000 to Km. 69.800 of Spur] Amne - Bhoj,4052,4315.56,824.65,91,31/10/2024,31/05/2026,24/06/2021,6.504442250740385,20.351678183613032,March_2026
1603,Roads & Highways,Ministry of Road Transport & Highways,National Highways Authority of India [NHAI],618473,Vadodara Mumbai Expressway Phase II - Pkg XVII [Km. 69.800 to Km. 79.783 of Spur] Bhoj - Morbe,2209,2463.02,812.58,84,17/07/2025,31/05/2026,03/09/2021,11.499320959710275,36.78497057492078,March_2026
1604,Roads & Highways,Ministry of Road Transport & Highways,National Highways Authority of India [NHAI],619064,Vadodara Mumbai Expressway Talsari to Karvad Phase IB - Pkg X [Km 103.400 to Km 128.000],1910,2652.24,670.18,36,21/03/2024,15/11/2026,07/10/2020,38.860732984293186,35.08795811518324,March_2026
1605,Roads & Highways,Ministry of Road Transport & Highways,National Highways Authority of India [NHAI],618893,Varanasi Gorakhpur Section Packege IV from km. 149.540 to km. 215.160 Mau-Gorakhpur,2967,3475.65,862.58,97,07/10/2019,07/04/2026,16/04/2015,17.14357937310415,29.07246376811594,March_2026
1606,Roads & Highways,Ministry of Road Transport & Highways,National Highways Authority of India [NHAI],618529,Varanasi Ring Road Pkg-II connecting Sandaha Village km 11.70 / NH-29 with Revasa Village km 818.80 / NH-2,1992,1832.66,994.97,94,13/02/2022,30/06/2026,26/12/2017,-7.998995983935739,49.94829317269077,March_2026
1607,Roads & Highways,Ministry of Road Transport & Highways,National Highways Authority of India [NHAI],618844,Viluppuram Km.0.000 to Puducherry Km.29.000,1358,1162.44,467.64,98,24/11/2023,30/04/2026,01/03/2018,-14.400589101620026,34.435935198821795,March_2026
1608,Roads & Highways,Ministry of Road Transport & Highways,National Highways Authority of India [NHAI],618769,Walajahpet/Ranipet to TN/AP Border Section of from Km.106.800 to Km.133.36 NH-4,1338,1214.7,75.65,6,29/09/2027,29/09/2027,06/12/2024,-9.215246636771298,5.653961136023917,March_2026
1609,Roads & Highways,Ministry of Road Transport & Highways,NHIDCL,618354,Wideinig & Upgradation to 2-lanes with paved shoulders road from Tamenglong to Mahur NH-137 in the State of Assam starting from km 96.870 near Jiri River to km 116.550 near Hangrum Package-7 on EPC mode Package7,847,0.0,0.0,85,04/03/2026,30/06/2026,11/12/2023,-100.0,0.0,March_2026
1610,Roads & Highways,Ministry of Road Transport & Highways,MoRTH,618063,Widening & Strenghteningof section from Bharthana chowk to Kodarkoot km.0.00 to km.40.00 of NH-91-A on EPC mode,262,343.77,112.46,90,18/09/2024,30/06/2026,30/03/2020,31.20992366412213,42.9236641221374,March_2026
1611,Roads & Highways,Ministry of Road Transport & Highways,MoRTH,617983,Widening & Strengthening of Existing 2LPS to 4 lane PS from Km 150000 to Km 159000 and Km 165400 to Km 186000 of NH-163 old NH-202 under NH O for the year 2020-21 on EPC Mode in the state of Telangana.,317,300.56,175.26,86,16/07/2024,30/06/2026,30/03/2021,-5.186119873817034,55.28706624605678,March_2026
1612,Roads & Highways,Ministry of Road Transport & Highways,MoRTH,618132,Widening & strengthening of existing carriageway in 2 lane with paved shoulders from km 25/0 to 59/2 design Ch km 25.467 to 59.200 of NH - 353C on EPC mode in the state of Telangana,206,0.0,152.77,99,03/06/2020,,26/02/2018,-100.0,74.1601941747573,March_2026
1613,Roads & Highways,Ministry of Road Transport & Highways,MoRTH,618012,"Widening & strengthenlng to 2LPS from km 0,000 to 40.000 Dhaugaon- Podamari section of NH 326 in the State of Odisha under Annual Plan 2021.22.",187,0.0,42.83,60,04/02/2026,30/06/2026,31/03/2022,-100.0,22.90374331550802,March_2026
1614,Roads & Highways,Ministry of Road Transport & Highways,MoRTH,617958,Widening & Strenthening from km132.895 to km 190.15 NH-80,566,0.0,248.41,91,03/11/2024,16/05/2026,31/03/2021,-100.0,43.8886925795053,March_2026
1615,Roads & Highways,Ministry of Road Transport & Highways,NHIDCL,618410,Widening & Up-gradation to 2 lane with paved shoulder of NH-301 Kargil- Zanskar Road from Design Km .30.040 Ex. Km. 30.000 to Design Km 57.000 Ex. Km. 57.905 of 26.960 Km length Pkg-II,405,0.0,321.28,75,02/01/2023,05/10/2026,31/03/2021,-100.0,79.32839506172839,March_2026
1616,Roads & Highways,Ministry of Road Transport & Highways,NHIDCL,618409,Widening & Up-gradation to 2 lane with Paved shoulder of NH-301 Kargil- Zanskar Road from Design km 57.000 Ex. Km. 57.905 to Km 87.000 Ex. Km. 88.2491 of 30.000 Km length Pkg-lll,381,0.0,221.62,83,02/01/2023,29/07/2026,31/03/2021,-100.0,58.16797900262467,March_2026
1617,Roads & Highways,Ministry of Road Transport & Highways,NHIDCL,618352,Widening & Upgradation to 2 lanes with paved shoulders road from Tamenglong to Mahur NH-137 in the State of Assam starting from km 136.500 near Hejaichak to km 156.489 near P. Leikul Package-9 on EPC mode under NHO-NE Package-9,860,614.43,528.46,88,29/08/2025,30/06/2026,31/03/2023,-28.554651162790705,61.44883720930233,March_2026
1618,Roads & Highways,Ministry of Road Transport & Highways,NHIDCL,618351,Widening & Upgradation to 2 lanes with paved shoulders road from Tamenglong to Mahur NH-137 in the State of Assam starting from km 156.489 near P. Leikul to km 176.410 near Borowapu on EPC mode under NHO-NE Assam portion Package-10,890,693.15,569.61,82,29/08/2025,30/06/2026,31/03/2023,-22.11797752808989,64.00112359550562,March_2026
1619,Roads & Highways,Ministry of Road Transport & Highways,NHIDCL,618353,Widening & Upgradation to 2-lanes with paved shoulders road from Tamenglong to Mahur NH-137 in the State of Assam starting from km 116.480 near Hangrum to km 136.500 near Hejaichak Package-8 on EPC mode under NHO-NE Package 8,904,0.0,520.05,85,29/08/2025,30/06/2026,29/03/2023,-100.0,57.52765486725663,March_2026
1620,Roads & Highways,Ministry of Road Transport & Highways,MoRTH,618082,Widening & Upgradation to four lane configuration from Km.34.900 Bhadohi to km.73.134 Jaunpur of NH-135A on EPC mode,396,392.03,0.0,88,14/05/2024,30/06/2026,31/03/2021,-1.0025252525252595,0.0,March_2026
1621,Roads & Highways,Ministry of Road Transport & Highways,NHIDCL,618372,"Widening / Improvement to 4-Lane with Paved Shoulder configuration of existing single lane road from Kachukhana Harichara Paglagaunj to Dhubri - Phulbari Bridge approach Package-II of Srirampur - Dhubri Section of NH-127B from existing Km 28.050 to Km 55.060 Design Km 27.650 to Km 54.154, Design Length26.504 Km under JICA ODA Loan assistance Phase-V [Srirampur - Dhubri Pkg-2]",909,0.0,638.5,100,01/01/2025,30/06/2025,11/03/2022,-100.0,70.24202420242024,March_2026
1622,Roads & Highways,Ministry of Road Transport & Highways,MoRTH,617928,"Widening 2 lane to 4-lane from KM 92/320 to Km 115/320 Vav Chokdi-Satlasana to to Vrundavan Chokdi, Kheralu on NH-58 in the State of Gujarat.",151,171.27,0.0,97,14/03/2026,10/04/2026,16/03/2022,13.423841059602657,0.0,March_2026
1623,Roads & Highways,Ministry of Road Transport & Highways,MoRTH,618141,Widening and Improvement of existing carriage way to 2 lane with paved shoulders from Km. 86/160 to 131/730 of Jangaon-Duddeda section of NH-365B in the State of Telangana on EPC Mode,423,423.48,160.07,75,18/12/2024,30/04/2026,05/01/2022,0.11347517730496884,37.84160756501182,March_2026
1624,Roads & Highways,Ministry of Road Transport & Highways,MoRTH,618161,Widening and Reconstruction of existing road to four lane from Km.56400 to Km 120300 i.e. from B.Kothapalli Junction to Gorantla excluding Kadiri Bypass from Km 70200 to Km 77105 of NH 716G in the State of Andhra Pradesh on EPC mode Job no. 742,840,0.0,355.56,99,31/12/2025,30/04/2026,31/03/2022,-100.0,42.32857142857143,March_2026
1625,Roads & Highways,Ministry of Road Transport & Highways,MoRTH,618242,Widening and Reconstruction to 4-lane/4-lane with service road including structures from Pokharia More at Km 47.600 Ex. Km 50.230 to Govindpur at km 62.949 Ex. Km 65.325 of Nh-419 in the State of Jharkhand on EPC mode.,300,0.0,76.93,45,03/01/2026,30/06/2026,09/05/2022,-100.0,25.643333333333334,March_2026
1626,Roads & Highways,Ministry of Road Transport & Highways,MoRTH,617982,Widening and strengthening of existing 2-lane to 2- lane with paved shoulders from km 159/0 to 165/4 and 186/0 to 215/0 of NH-163 on EPC mode int the state of Telangana,230,0.0,0.0,0,30/11/2019,03/12/2020,19/01/2018,-100.0,0.0,March_2026
1627,Roads & Highways,Ministry of Road Transport & Highways,MoRTH,618060,Widening and Strengthening of existing paveemnt to two lane with paved shoulders from km 116.00 to km 176.355 of NH-75E in the State of Jharkhand on EPC mode.,315,0.0,129.54,87,16/07/2024,30/04/2026,21/01/2022,-100.0,41.12380952380953,March_2026
1628,Roads & Highways,Ministry of Road Transport & Highways,MoRTH,618178,Widening and strengthening of Gangakhed to Kingaon section of NH-752K in Km 38/750 to 72/304 Flexible Pavement Length33.554 km to 2-lane configuration on EPC mode in the State of Maharashtra.,163,0.0,0.0,72,03/06/2026,,12/02/2024,-100.0,0.0,March_2026
1629,Roads & Highways,Ministry of Road Transport & Highways,MoRTH,618206,Widening and Strengthening of Rafiabad-Kupwara-Chowkibal-Tangdhar-Chamkot NH-701 road from design Ch. From 0000 to 51000 to two lanes with paved shoulders under Project Beacon in the UT of Jammu & Kashmir on EPC mode Package-I.,1405,0.0,118.28,36,08/05/2027,,11/03/2024,-100.0,8.418505338078292,March_2026
1630,Roads & Highways,Ministry of Road Transport & Highways,MoRTH,618201,"Widening and strengthening to 2 lane with paved shoulder from existing Ch. Km 56720 to Km 100820 and Design Ch. From Km 62600 to Km 106360 Total Length43.760 Km on SRINAGAR -BARAMULA URINH-01 in the UT of Jammu & Kashmir under project BEACON, Border Roads Organization BRO on EPC mode.",702,0.0,0.0,44,17/11/2026,,11/09/2023,-100.0,0.0,March_2026
1631,Roads & Highways,Ministry of Road Transport & Highways,MoRTH,618106,Widening and Strengthening to 2/4 lane with paved shoulders of Mahabubnagar Chincholi section from Km 0/0 to Km 60/255 of NH-167N in the state of Telangana under Annual plan 2021-22 on EPC modepackage-I under NHO Job No.167N-TS-2021-22-75,704,0.0,279.58,91,18/01/2025,31/03/2026,24/01/2022,-100.0,39.71306818181818,March_2026
1632,Roads & Highways,Ministry of Road Transport & Highways,MoRTH,617920,Widening and Strengthening to 2LPS including LA from km 318.970 to 353.450 Balikuda-Mulkani Section of NH-55 under NHO in Annual Plan 2022-23 in the State of Odisha. Job No. NH-55-OD-2022-23-656,512,0.0,0.0,3,02/06/2027,02/06/2027,24/01/2022,-100.0,0.0,March_2026
1633,Roads & Highways,Ministry of Road Transport & Highways,MoRTH,617921,Widening and strengthening to 2LPS including LA of Kandarpur-Balikuda from km 277/500 to 318/970 of NH-55 in the State of Odisha under Annual Plan 2021-22.,500,0.0,129.74,61,04/06/2025,31/05/2026,24/03/2022,-100.0,25.948000000000004,March_2026
1634,Roads & Highways,Ministry of Road Transport & Highways,MoRTH,618105,Widening and strengthening to 4 lane / 2-lane with paved shoulders of Mahabubnagar - Chincholi section from km 60/255 to Km 102/834 of NH-167N in the State of Telangana on EPC mode.,631,0.0,92.56,31,08/10/2025,02/11/2026,07/03/2022,-100.0,14.66877971473851,March_2026
1635,Roads & Highways,Ministry of Road Transport & Highways,MoRTH,617899,Widening and Strengthening to 4LPS/2LPS from km 0.000 to 35.800 Kuakhia - Mangalpur section of NH 20 in the state of Odisha on Annual Plan 2021-22,636,0.0,292.73,56,06/02/2026,30/11/2026,31/03/2022,-100.0,46.02672955974843,March_2026
1636,Roads & Highways,Ministry of Road Transport & Highways,MoRTH,618264,"Widening and Strengthening to two Lane with Paved Shoulder/Four Lane with paved shoulder configuration from km. 61.500 of NH-727B near Nawalpur km 178.500 of Sonauli Balia Marg, Old SH-01 i.e. end point of Salempur Bypass to km. 106.495 of NH-727B near Sikanderpur under EPC mode",2062,0.0,0.0,20,30/05/2028,30/05/2028,17/05/2023,-100.0,0.0,March_2026
1637,Roads & Highways,Ministry of Road Transport & Highways,MoRTH,618222,Widening and Strengthening up gradation to 2 lane with paved shoulder from existing chainage Km 192.98 to Km 229.820 design chainage Km 162.800 to Km 198.18 under 31 BRTF on Akhnoor-Poonch Road NH-144A in the UT of Jammu and Kashmir under Project Sampark Border Roads Organisation BRO on EPC Mode Package-VIII Job No NH-144A-J&K-2022-2023-111,562,0.0,127.97,69,04/01/2026,30/09/2026,06/10/2022,-100.0,22.770462633451956,March_2026
1638,Roads & Highways,Ministry of Road Transport & Highways,MoRTH,618123,Widening and Strengthening/Reconstruction to Two Lane with Paved Shoulder/ Two Lane with paved shoulders with service road from km 0000 to km 42250 excluding design Ch. 03220 to 04200 & 28350 to 29060 of NH-320G in the state of Jharkhand under EPC mode,423,0.0,4.11,0,24/08/2025,,17/03/2022,-100.0,0.9716312056737589,March_2026
1639,Roads & Highways,Ministry of Road Transport & Highways,NHIDCL,618380,Widening and Up-gradation to 2- Lane with Paved Shoulder Configuration and geometric improvement from Km. 125. 000 to Km 166 Package-3 on Aizawl Tuipang Section of NH-54 in the State of Mizoram Package-3,867,0.0,159.47,98,24/04/2023,03/04/2025,30/09/2019,-100.0,18.393310265282583,March_2026
1640,Roads & Highways,Ministry of Road Transport & Highways,NHIDCL,618384,Widening and Up-gradation to 2- Lane with Paved Shoulder Configuration and geometric improvement from Km. 166. 000 to Km 208.000 Package-4 on Aizawl Tuipang Section of NH-54 in the State of Mizoram Package-4,899,0.0,191.59,100,24/04/2023,20/04/2025,30/09/2019,-100.0,21.311457174638488,March_2026
1641,Roads & Highways,Ministry of Road Transport & Highways,NHIDCL,618379,Widening and Up-gradation to 2- Lane with Paved Shoulder Configuration and geometric improvement from Km. 208. 000 to Km 250.000 Package-5 on Aizawl Tuipang Section of NH-54 in the State of Mizoram Package-5,753,0.0,125.62,95,24/04/2023,,30/09/2019,-100.0,16.682602921646748,March_2026
1642,Roads & Highways,Ministry of Road Transport & Highways,NHIDCL,618381,Widening and up-gradation to 2-lane with paved shoulder configuration and geometric improvements from km 250.00 Lunglei to km 298.00 on Aizawl-Tuipang section under JICA ODA Loan assistance Phase-I Package-6,769,0.0,168.78,99,16/06/2023,15/05/2025,30/09/2019,-100.0,21.947984395318596,March_2026
1643,Roads & Highways,Ministry of Road Transport & Highways,NHIDCL,618382,Widening and up-gradation to 2-lane with paved shoulder configuration and geometric improvements from km 298.00 to km 339.00 on Aizawl-Tuipang section under JICA ODA Loan assistance Phase-I Package-7,606,750.32,0.01,100,01/04/2024,31/05/2025,30/09/2019,23.815181518151824,0.00165016501650165,March_2026
1644,Roads & Highways,Ministry of Road Transport & Highways,NHIDCL,618383,Widening and up-gradation to 2-lane with paved shoulder configuration and geometric improvements from km 339.00 to km 380.00 Siaha on Aizawl-Tuipang section under JICA ODA Loan assistance Phase-I Package-8,637,0.0,101.89,100,15/09/2023,30/06/2025,30/09/2019,-100.0,15.995290423861853,March_2026
1645,Roads & Highways,Ministry of Road Transport & Highways,NHIDCL,618397,Widening and Up-gradation to 2-Lane with Paved Shoulder of configuration and geometric improvement from Km 0.000 to Km 16.990 on Chenani Sudhmahadev section of NH-244 in UT of Jammu and Kashmir to be executed on EPC basis,256,0.0,0.0,0,21/11/2020,04/02/2022,14/03/2018,-100.0,0.0,March_2026
1646,Roads & Highways,Ministry of Road Transport & Highways,MoRTH,619183,Widening of Existing Road from Intermediate Lane 2-lane to 4-lane Between Km 19.994 to Km 35.180 of NH-848A Rakholi-Khadoli-Velugam Section in U.T. of Dadra and Nagar Haveli and Daman and Diu,198,239.57,73.03,52,14/02/2026,,14/10/2022,20.99494949494949,36.88383838383839,March_2026
1647,Roads & Highways,Ministry of Road Transport & Highways,MoRTH,618193,Widening of Existing Road to Two Lane with Paved Shoulder Configuration from Km 0.00 to 26.000 & Km 45.200 To 59.622 Of NH 365BB in the State of Andhra Pradesh Under Annual Plan 2023-24 through EPC Mode,369,0.0,37.37,23,23/12/2026,23/10/2026,17/01/2024,-100.0,10.127371273712736,March_2026
1648,Roads & Highways,Ministry of Road Transport & Highways,MoRTH,617886,Widening of existing Single lane / Intermediate lane road to 2 lane from Km 101 to Km 125 of NH 61,252,0.0,0.0,44,17/06/2026,31/12/2026,23/06/2020,-100.0,0.0,March_2026
1649,Roads & Highways,Ministry of Road Transport & Highways,MoRTH,618002,Widening of existing single lane to intermediate lane road from Mokokchung to Chare via Dikhu in the state of Nagaland on EPC mode,193,0.0,99.65,0,18/06/2025,,19/02/2021,-100.0,51.63212435233161,March_2026
1650,Roads & Highways,Ministry of Road Transport & Highways,MoRTH,617901,Widening of Pachpadra-Bagundi Section to 4 Lane from Km 73/60 to 95/70 of NH-25 on EPC mode in the state of Rajasthan.,195,0.0,48.47,99,11/12/2024,31/03/2026,13/01/2022,-100.0,24.856410256410257,March_2026
1651,Roads & Highways,Ministry of Road Transport & Highways,NHIDCL,618337,Widening to 2 -Lane with Paved shoulder of Imphal to Jiribam section of NH-37 from Design Chainage 33.000 km to 66.390 Km Existing Chainage from km 33.395 to km 67.496 on EPC Mode in Manipur PKG-3,467,0.0,568.72,86,19/03/2023,02/03/2026,31/03/2021,-100.0,121.78158458244113,March_2026
1652,Roads & Highways,Ministry of Road Transport & Highways,NHIDCL,618336,Widening to 2 -Lane with Paved shoulder of Imphal to Jiribam section of NH-37 from Design Chainage 66.110 km to 101.280 Km Existing Chainage km 67.496 to km 103.557 on EPC Mode in Manipur PKG-4,580,0.0,377.13,84,29/12/2023,31/07/2026,02/09/2021,-100.0,65.02241379310345,March_2026
1653,Roads & Highways,Ministry of Road Transport & Highways,MoRTH,618039,Widening to 2 Lane from Existing Chainage Km 74.700 Km 100.660 Design Chainage Km 53.365 to Km 78.785 on NH- 507 in the State of Uttarakhand.,347,0.0,0.0,22,23/04/2028,,25/01/2024,-100.0,0.0,March_2026
1654,Roads & Highways,Ministry of Road Transport & Highways,NHIDCL,618364,"Widening to 2 Lane with Hard shoulder of Akegwo-Avangkhu section of NH-202K for Package-I Design Chainage 0000 Km to 34795 Km, in the State of Nagaland on EPC mode under NH O-NE",430,0.0,0.0,87,23/02/2026,23/02/2026,16/12/2022,-100.0,0.0,March_2026
1655,Roads & Highways,Ministry of Road Transport & Highways,NHIDCL,618366,Widening to 2 Lane with Hard shoulder of Akegwo-Avangkhu section of NH-202K for Package-II Design Chainage 34795 Km to 69875 Km in the State of Nagaland on EPC mode under NHO-NE,443,0.0,0.0,51,23/02/2026,23/02/2026,16/12/2022,-100.0,0.0,March_2026
1656,Roads & Highways,Ministry of Road Transport & Highways,NHIDCL,618365,Widening to 2 Lane with Hard shoulder of Akegwo-Avangkhu section of NH-202K for Package-III Design Chainage 69875 Km to 106816 Km in the State of Nagaland on EPC mode under NHO-NE,497,0.0,0.0,86,25/02/2026,25/02/2026,16/12/2022,-100.0,0.0,March_2026
1657,Roads & Highways,Ministry of Road Transport & Highways,MoRTH,618122,Widening to 2 lane with paved shoulded of Jareikela Jharkhand/Odisha Border - Dhabaleswar section from 0/0 to 36/0 of NH-320D in the State of Odisha under Annual Plan 2021-22.,172,0.0,0.0,20,13/10/2026,13/10/2026,22/03/2022,-100.0,0.0,March_2026
1658,Roads & Highways,Ministry of Road Transport & Highways,MoRTH,618030,Widening to 2 lane with paved shoulder from Km. 103.225 Pattadakal to Km. 133.00 Shirur cross of NH-367 in the state of Karnataka on EPC Mode.Job No. NH-367-KNT-2021-22-934,264,0.0,3.58,0,27/05/2024,31/12/2026,09/02/2022,-100.0,1.3560606060606062,March_2026
1659,Roads & Highways,Ministry of Road Transport & Highways,NHIDCL,618335,Widening to 2 Lane with Paved shoulder of lmphal to Jiribam section of NH-37 from Design Ch. from Km 101280 Near Khongsang Village to Km 131280 near Puilon Kambiron Village on EPC Mode in Manipur PKG-5,411,0.0,339.14,88,12/05/2024,30/06/2026,03/12/2021,-100.0,82.51581508515815,March_2026
1660,Roads & Highways,Ministry of Road Transport & Highways,NHIDCL,618334,Widening to 2 Lane with Paved shoulder of lmphal to Jiribam section of NH-37 from Design Ch. from km 131.280 to km 169.570 on EPC mode in Manipur under NHO-TSP PKG-6,505,0.0,308.06,95,06/02/2025,31/05/2026,13/12/2021,-100.0,61.0019801980198,March_2026
1661,Roads & Highways,Ministry of Road Transport & Highways,NHIDCL,618333,Widening to 2 lane with Paved shoulder of lmphal to Jiribam section of NH-37 from Design Ch. from km 169570 Near Nungkao vlllage under Tamenglong District to km 205974 near Jiribam Bridge under Jiribam district under NHO-NE PKG-7,760,0.0,414.38,90,28/12/2025,30/06/2026,03/01/2023,-100.0,54.52368421052631,March_2026
1662,Roads & Highways,Ministry of Road Transport & Highways,MoRTH,618130,Widening to 2 lane with paved shoulders from 0.00 to 32.970 ofAdilabadto Bela section of NH 353B in the State of Telangana,491,0.0,0.0,74,03/05/2026,03/05/2026,26/10/2022,-100.0,0.0,March_2026
1663,Roads & Highways,Ministry of Road Transport & Highways,MoRTH,618147,Widening to 2 Lane with Paved Shoulders from design Km 103.200 Existing Km 103.200 to design Km 116.700 Existing Km 118.470 on AP/KNT Border to Sira Section of NH-544E in the State of Karnatakaon EPC mode under Annual plan 2022-23,167,0.0,35.33,40,09/09/2025,31/08/2026,13/01/2023,-100.0,21.15568862275449,March_2026
1664,Roads & Highways,Ministry of Road Transport & Highways,MoRTH,618183,Widening to 2 lane with paved shoulders from Km 62/920 to km 106/830 of Medak - Yellareddy section in the State of Telangana under Annual Plan 2022-23 on EPC mode under NHO,399,0.0,0.0,64,20/08/2026,20/08/2026,14/10/2022,-100.0,0.0,March_2026
1665,Roads & Highways,Ministry of Road Transport & Highways,MoRTH,618196,Widening to 2 lane with Paved Shoulders of Siddipet-Elkathurthy section from Km 69/978 to km 133/619 of NH-765DG in the State of Telangana under Annual plan 2021-22 on EPC mode,579,0.0,0.0,85,21/12/2024,30/06/2026,18/01/2022,-100.0,0.0,March_2026
1666,Roads & Highways,Ministry of Road Transport & Highways,MoRTH,618197,Widening to 2 lane with Paved Shoulders of Medak - Siddipet section from Km 0/0 to km 69/978 of NH-765DG in the State of Telangana under Annual plan 2021-22 on EPC mode,882,0.0,347.58,74,30/01/2025,30/06/2026,20/01/2022,-100.0,39.40816326530612,March_2026
1667,Roads & Highways,Ministry of Road Transport & Highways,MoRTH,618070,Widening to 2 Lanes with paved shoulders from Km.87/000 to 133/720 Nattukal to Thanau Jn. in Palakkad of NH-966 Old NH-213 on EPC mode Basis under NHO Annual Plan 2016-17 in the state of Kerala,294,315.63,0.0,98,22/08/2019,30/04/2026,10/02/2017,7.357142857142855,0.0,March_2026
1668,Roads & Highways,Ministry of Road Transport & Highways,MoRTH,618207,Widening to 2-lane with Hard Shoulder configuration of Mana Ch. 0.00 to Mana Pass Ch. 50.987 road on NH-07 under Bharatmala Pariyojna in the state of Uttarakhand under Annual Plan 2022-23 length 50.987,574,0.0,0.0,21,03/10/2027,03/10/2028,19/10/2022,-100.0,0.0,March_2026
1669,Roads & Highways,Ministry of Road Transport & Highways,NHIDCL,618345,Widening to 2-lane with Hard shoulder of Churachandpur to Tuivai Section from Km 48.587 to Km 69.875 in the State of Manipur on EPC mode under NHO Package-2B,366,0.0,187.39,85,04/08/2022,28/05/2026,18/06/2020,-100.0,51.19945355191257,March_2026
1670,Roads & Highways,Ministry of Road Transport & Highways,NHIDCL,618344,Widening to 2-lane with Hard shoulder of Churachandpur to Tuivai Section of NH-102B from Design Chainage 69.875 Km to 121.769 Km in the State of Manipur on EPC mode Package-3,673,0.0,500.96,83,24/08/2023,31/12/2026,31/03/2021,-100.0,74.4368499257058,March_2026
1671,Roads & Highways,Ministry of Road Transport & Highways,NHIDCL,618347,Widening to 2-lane with Hard shoulder of Churachandpur to Tuivai Section of NH-102B from km 13.747 to km 32.835 in the State of Manipur on EPC mode under NHO Package-1B,242,0.0,152.85,97,30/06/2022,31/03/2026,27/04/2020,-100.0,63.16115702479339,March_2026
1672,Roads & Highways,Ministry of Road Transport & Highways,NHIDCL,618346,Widening to 2-lane with Hard shoulder of Churachandpur to Tuivai Section of NH-102B from km 32.835 to km 48.587 in the State of Manipur on EPC mode under NHO Package-2A,233,0.0,149.21,96,30/06/2022,28/03/2026,27/04/2020,-100.0,64.03862660944206,March_2026
1673,Roads & Highways,Ministry of Road Transport & Highways,MoRTH,618084,Widening to 2-lane with paved shoulder from km 0.00 to 44.00 Kuru-Ghaghra section of NH-143A including re-construction of culverts and bridges.,153,133.67,84.74,93,08/08/2023,31/03/2026,14/02/2020,-12.633986928104585,55.385620915032675,March_2026
1674,Roads & Highways,Ministry of Road Transport & Highways,NHIDCL,618338,Widening to 2-Lane with Paved shoulder of Imphal to Jiribam section of NH-37 from Design Chainage 15.940 km to 33.120 Km Existing Chainage Km 15.946 to Km 33.395 Total length17.180 Km in the State of Manipur on EPC mode PKG-2 - Balance Works & Rectification works,195,0.0,0.0,76,18/03/2026,31/05/2026,31/03/2021,-100.0,0.0,March_2026
1675,Roads & Highways,Ministry of Road Transport & Highways,MoRTH,618000,Widening to 2-Lane with Paved Shoulders from Km 116.800 to 149.070Design Changes on Hosadurga - Holalkere Section of NH-173 in the State of Karnataka on EPC mode under Annual Plan 2021-22 Job no. NH-173-KNT-2021-22-946,170,147.39,106.85,93,24/02/2024,30/04/2026,30/03/2022,-13.30000000000001,62.85294117647059,March_2026
1676,Roads & Highways,Ministry of Road Transport & Highways,MoRTH,617996,Widening to 2/4 Lane with paved shoulders from Km 182.120 to Km 227.600 of NH 167 on Haggari-Jadcherla Road on EPC mode under NHO in the state of Telangana,298,0.0,234.7,96,20/02/2019,31/03/2026,06/10/2016,-100.0,78.75838926174497,March_2026
1677,Roads & Highways,Ministry of Road Transport & Highways,MoRTH,617927,Widening to 2LPS between Km 0/0 to 56/0 Khokhara Gujarat Border Vijayanagar Antrasuba Mathasur road of NH 58 in the State of Gujarat,699,0.0,0.0,22,22/09/2027,22/09/2027,15/03/2024,-100.0,0.0,March_2026
1678,Roads & Highways,Ministry of Road Transport & Highways,MoRTH,618185,Widening to 2LPS from Km 0.000 to 37.850 Except Ex. Km 24.45 to 27.20 of NH-766c Byndoor-Ranebennur Section in the state of Karnataka on EPC Mode under Annual Plan 2022-23 NH-766C-KNT-2022-23-969 dated 30.12.2022,395,0.0,0.0,0,07/08/2027,06/08/2027,30/12/2022,-100.0,0.0,March_2026
1679,Roads & Highways,Ministry of Road Transport & Highways,MoRTH,617999,Widening to 2LPS from Km 67 to Km 115 on Kadur-Hosadurga section NH 173 in the state of Karnataka NH-173-KNT-2022-23-980 dated 13.03.2023,472,0.0,80.08,64,16/04/2026,30/10/2026,13/03/2023,-100.0,16.966101694915253,March_2026
1680,Roads & Highways,Ministry of Road Transport & Highways,MoRTH,618027,Widening to 2LPS from Km 71.00 to 104.00 Existing chainages Sarjapur to Pattadkallu on Bhanapur to Gaddanakeri section NH-367 in the State of Karnataka under NHO on EPC mode under Annual Plan 2022-23 NH-367-KNT-2022-23-972 dated 08.02.2023,446,0.0,0.0,65,15/03/2026,15/03/2026,09/02/2023,-100.0,0.0,March_2026
1681,Roads & Highways,Ministry of Road Transport & Highways,MoRTH,618109,Widening to 4 lane from Km 51.60 to 76.20 Hebri to Parkala and from Km 85.20 to 88.90 Karavali junction to Malpe of Thirthahalli-Udupi-Malpe Section of NH-169A in the State of Karnataka on EPC Mode under Annual plan 2021-22 Job No. NH-169A-KNT-2021-22-927,356,0.0,179.25,77,26/12/2024,31/05/2026,12/01/2022,-100.0,50.35112359550562,March_2026
1682,Roads & Highways,Ministry of Road Transport & Highways,MoRTH,618249,Widening to 4 lane from km. 108.50 to km 139.00 of NH-135A Pkg-II Jaunpur Akbarpur section on Hybrid Annuity Mode in the state of Uttar Pradesh,1512,0.0,0.0,32,29/03/2027,29/03/2027,29/03/2023,-100.0,0.0,March_2026
1683,Roads & Highways,Ministry of Road Transport & Highways,MoRTH,618029,Widening to 4 lane from Km. 133.00 to 158.04 design Chainage Km. 130.88 to 155.145 Shirur Cross to Gaddankeri of NH-367 in the State of Karnataka on EPC mode. Job No. NH-367-KNT-2021-22-930,351,312.06,191.38,78,17/01/2025,16/01/2027,24/01/2022,-11.094017094017094,54.52421652421652,March_2026
1684,Roads & Highways,Ministry of Road Transport & Highways,MoRTH,618248,Widening to 4 lane from km. 139.00 to km 179.20 of NH-135A Pkg-III Jaunpur Akbarpur section and Akbarpur bypass on Hybrid Annuity Mode in the state of Uttar Pradesh.,1653,0.0,0.0,0,15/01/2028,,31/05/2023,-100.0,0.0,March_2026
1685,Roads & Highways,Ministry of Road Transport & Highways,National Highways Authority of India [NHAI],619087,Widening to 6L of Existing 4L Jetpur - Gondal - Rajkot Section from Km. 117.600 to Km. 185.00 on NH-27,2070,1390.29,807.97,64,26/09/2025,31/01/2027,21/03/2022,-32.83623188405797,39.03236714975846,March_2026
1686,Roads & Highways,Ministry of Road Transport & Highways,MoRTH,617998,Widening to existing 2 lane with paved Shoulder to 4 Lane with paved shoulder from design Km 153.00 to 168.27 Mala Gate to Karkala of NH -169 on Shimoga - Mangalore section in the state of Karnataka on EPC mode under Annula Plan 2021-22 Job No. NH-169-KNT-2021-22-949,178,0.0,106.78,75,13/02/2025,31/03/2026,30/03/2022,-100.0,59.98876404494382,March_2026
1687,Roads & Highways,Ministry of Road Transport & Highways,MoRTH,618072,Widening to Existing single lane /intermediate lane to 2 lane from Km185.00 to Km 220.00 of NH-61 New NH-02 in the state of Nagaland.,297,0.0,149.19,100,20/07/2024,31/03/2026,31/03/2021,-100.0,50.232323232323225,March_2026
1688,Roads & Highways,Ministry of Road Transport & Highways,MoRTH,617964,"Widening to Four Lane rigid pavement configuration from Km 90.00 to Km 100.800 on NH-96 Km 42.0 to Km 53.300 as per new NH-330,design length of 11.300 km under EPC mode in the state of Uttar Pradesh.",310,0.0,32.4,24,10/11/2026,,01/12/2022,-100.0,10.451612903225806,March_2026
1689,Roads & Highways,Ministry of Road Transport & Highways,MoRTH,618168,Widening to four lane with paved shoulder from Design Km.49.200 to Km.89.285 of NH-731B on EPC mode in the state of Uttar Pradesh,918,965.3,128.0,51,14/01/2026,31/01/2027,31/03/2022,5.152505446623088,13.943355119825709,March_2026
1690,Roads & Highways,Ministry of Road Transport & Highways,MoRTH,618087,Widening to intermediate/two lane to 2 lane with paved shoulder from Existing chanages Km 112.750 to 142.00 Liingasur to Mudabal cross & from Km. 147.070 to Km. 149.070 Maski city limit of Jewargi Chamrajnagar setion of NH-150A in the state of Karnataka on EPC mode. Job No. NH-150A-KNT-2021-22-951,256,0.0,179.66,93,17/07/2024,15/05/2026,30/03/2022,-100.0,70.1796875,March_2026
1691,Roads & Highways,Ministry of Road Transport & Highways,MoRTH,618189,Widening to Two Lane with Paved Shoulder of NH-73 New Spur Road Ujire - Dharmasthala - Periyashanthi in the State of Karnataka under on HAM under NHO Annual Plan 2023-24Job No NH-73Spur-KNT-2023-24-996,614,0.0,0.0,0,04/11/2027,,08/01/2024,-100.0,0.0,March_2026
1692,Roads & Highways,Ministry of Road Transport & Highways,MoRTH,618145,Widening to two lane with paved shoulder of Rampachodavaram - Koyyuru section of NH 516E from Km 43700 to Km 113820 in the State of Andhra Pradesh on EPC mode Job No. 737,568,0.0,298.82,99,01/01/2025,30/04/2026,23/03/2022,-100.0,52.609154929577464,March_2026
1693,Roads & Highways,Ministry of Road Transport & Highways,MoRTH,618182,Widening to Two lane with paved shoulders from 106/830 to 158/496 of Yellareddy-Rudrur Section of NH-765D in the state of Telangana on EPC mode under NHO under Annual plan 2022-23,500,0.0,187.35,63,06/07/2026,06/07/2026,14/10/2022,-100.0,37.47,March_2026
1694,Roads & Highways,Ministry of Road Transport & Highways,MoRTH,618086,"Widening to Two Lane with Paved Shoulders from KB Cross to Chunchanahalli ie., Design Ch. 485240 Km Existing Km 494.000 to Design Ch. 523393 Km Existing km 533.152 & From Design Ch. 530393 Existing Km 540.175 to Design Ch. 534476 Existing Km 544.200 at Nelligere of NH-150A on EPC mode under Annual Plan 2022-23 NH-150A-KNT-2022-23-977 dated 08.03.2023",617,0.0,4.47,33,13/01/2027,13/01/2027,08/03/2023,-100.0,0.7244732576985413,March_2026
1695,Roads & Highways,Ministry of Road Transport & Highways,MoRTH,618095,Widening to Two Lane with Paved Shoulders from Km 0.00 Design Chainage 0.00 to Km 23.338 Design Chainage 23310 of NH-166E MH/KNT Border- Kanamadi- Bijjargi- Tikota section in the state of Karnataka in EPC Mode under Annual plan 2022-23 NH-166E-KNT-2022-23-974,196,0.0,0.0,30,05/03/2026,05/03/2026,21/02/2023,-100.0,0.0,March_2026
1696,Roads & Highways,Ministry of Road Transport & Highways,MoRTH,618149,Widening to two lane with paved shoulders from Km 0.00 to 102.310 Design Chainage of NH-548B Murrum-Maharashtra Border in the State of Karnataka,957,0.0,211.49,0,15/01/2027,15/01/2027,14/02/2023,-100.0,22.09926854754441,March_2026
1697,Roads & Highways,Ministry of Road Transport & Highways,MoRTH,617985,Widening to two lane with paved shoulders from Km 0/0 to 64/020 Pamarru to Akiveedu,530,588.65,0.0,70,16/11/2023,31/07/2026,31/03/2020,11.066037735849052,0.0,March_2026
1698,Roads & Highways,Ministry of Road Transport & Highways,MoRTH,618091,Widening to two lane with paved shoulders from Km 0/000 to Km 45/946 of Nizampet-Narayankhed-bidar section of NH-161B in the state of Telangana under Annual Plan 2021-22 on EPC mode under NHO,513,0.0,117.6,41,19/02/2026,23/03/2027,29/03/2022,-100.0,22.923976608187132,March_2026
1699,Roads & Highways,Ministry of Road Transport & Highways,MoRTH,618104,Widening to two lane with paved shoulders from Km 0/000 to Km 79/300 of Kalwakurthy - Kollapur section of NH-167K in the state of Telangana under annual plan 2021-22 on EPC mode under NHO.,887,0.0,573.13,78,11/07/2025,30/06/2026,31/03/2022,-100.0,64.61443066516347,March_2026
1700,Roads & Highways,Ministry of Road Transport & Highways,MoRTH,617955,Widening to two lane with paved Shoulders from Km 40.00 to Km 75.00 Existing chainages of Mangalore - Tumkur section of NH-73 in the State of Karnataka on EPC Mode under Annual Plan 2021-22 Job No NH-73-KNT-2021-22-945,719,0.0,308.84,80,26/03/2025,31/12/2026,31/03/2022,-100.0,42.95410292072322,March_2026
1701,Roads & Highways,Ministry of Road Transport & Highways,MoRTH,617995,Widening to Two Lane with Paved Shoulders from Km 67.000 to Km 114.425 of Kalwakurthy- Mallapally Section of NH 167 Erstwhile section of SH 18 in the State of Telangana on EPC mode under NH O Annual Plan 2016-17,300,0.0,175.1,99,04/05/2019,19/12/2025,20/01/2017,-100.0,58.36666666666667,March_2026
1702,Roads & Highways,Ministry of Road Transport & Highways,MoRTH,618143,widening to two lane with Paved shoulders from Km.0/970 to Km.40/410 of Jangaon - Thirumal giriof NH- 365B in the state of Telanganaon EPC mode under NHO Annual Plan 2016-17,197,0.0,0.0,93,31/10/2019,31/10/2019,30/03/2017,-100.0,0.0,March_2026
1703,Roads & Highways,Ministry of Road Transport & Highways,MoRTH,618142,Widening to Two lane with Paved shoulders from km.40/410 to 84/037 of Thirumanlagiri-- Suryapet Section of NH-365B earstwhile section of SH-16,245,0.0,0.0,100,08/05/2019,30/09/2019,20/01/2017,-100.0,0.0,March_2026
1704,Roads & Highways,Ministry of Road Transport & Highways,MoRTH,618190,Widening to two lane with paved shoulders of 'Bodhan Basar Bhainsa ' section from Km 38/900 to 95/300 of NH-161BB in the state of Telangana under Annual Plan 2021-22 on EPC Mode under NH O.,644,0.0,349.38,99,16/03/2025,30/04/2026,03/03/2022,-100.0,54.25155279503105,March_2026
1705,Roads & Highways,Ministry of Road Transport & Highways,MoRTH,617981,Widening to Two with Paved shoulders from Km 59.500 to Km 132.033 of Manneguda- Ravunapally section of NH-163 Erstwhile SH-4 in the State of Telangana on EPC mode under NH O Annual Plan 2016-17,359,0.0,0.0,100,11/05/2019,31/12/2025,30/03/2017,-100.0,0.0,March_2026
1706,Roads & Highways,Ministry of Road Transport & Highways,MoRTH,617936,Widening to two/four lane with paved shoulder from Km.180.600 to Km.223.000 of NH-63 on Nizamabad-Jagadalpur road on EPC mode under NHO in the state of Telangana.,254,183.26,0.0,100,28/03/2019,,06/10/2016,-27.850393700787407,0.0,March_2026
1707,Roads & Highways,Ministry of Road Transport & Highways,MoRTH,618140,Widening to two/four lane with paved shoulders from Km.34.250 to Km.71.830 of NH-365A on Kodad-Khammam-Kurvi road.,446,0.0,18.32,11,31/01/2027,31/01/2027,14/10/2022,-100.0,4.1076233183856505,March_2026
1708,Roads & Highways,Ministry of Road Transport & Highways,National Highways Authority of India [NHAI],618905,Widening with additional 3L abetting Chhapra Bypass Section of NH-19 from Km. 143.200 to Km. 159.255 Pkg-1,470,528.48,177.55,65,29/08/2026,30/08/2026,28/02/2024,12.442553191489365,37.776595744680854,March_2026
1709,Roads & Highways,Ministry of Road Transport & Highways,MoRTH,618047,"Widening, Reconstruction & Up-gradation to 2 lane with Paved Shoulder/Four Lane configuration for the work of Ahmednagar to Sabalkhed & Ashti to Chinchpur Section of NH-561 from Design km 2915 to km 37728 & Design km 55100 to km 70000 in the State of Maharashtra on EPC mode. Length 49.713 km",657,0.0,0.0,72,27/05/2027,27/05/2027,15/03/2024,-100.0,0.0,March_2026
1710,Roads & Highways,Ministry of Road Transport & Highways,MoRTH,618138,"Widening, Reconstruction & Up-gradation to 2 lane with Paved Shoulder/Four Lane configuration for the work of Sautada to Shirapur Section of NH-561 from Design km 86300 to km 125589 in the state of Maharashtra on EPC mode. Design length 39.289 km",350,0.0,0.0,37,04/11/2026,04/11/2026,15/03/2024,-100.0,0.0,March_2026
1711,Roads & Highways,Ministry of Road Transport & Highways,National Highways Authority of India [NHAI],618708,Widening/Development of Existing NH-85 from Km 0.000 to Km 124.636 section to 2L/LPS section in the state of Kerala on EPC Mode under Bharatmala Pariyojana,1187,1265.47,631.69,53,25/06/2025,31/05/2026,12/09/2022,6.6107834877843334,53.217354675652906,March_2026
1712,Roads & Highways,Ministry of Road Transport & Highways,NHIDCL,618298,Widening/Improvement of existing 2-Lane road to 4-Lane Divided Highway from Sekmai to Nilakuthi section of Imphal-Kohima Road Design Chainage from Km 297700 to Km 308729 of NH-39 New NH-02 in state of Manipur on EPC mode Pkg-5B,212,0.0,227.95,86,21/01/2023,30/06/2026,30/03/2021,-100.0,107.52358490566036,March_2026
1713,Roads & Highways,Ministry of Road Transport & Highways,NHIDCL,618301,Widening/Improvement of existing 2-lane to 4-Lane Divided Highway from Kuraopokpi to Sekmai section of Imphal-Kohima Road Design Ch. km 287.00 to 297.700 of NH-39 New NH-02 in state of Manipur on EPC mode Pkg-5A,229,0.0,33.76,42,27/08/2026,27/08/2026,01/09/2020,-100.0,14.742358078602619,March_2026
1714,Roads & Highways,Ministry of Road Transport & Highways,NHIDCL,618306,"Widening/Improvement to 2 lane with earthen shoulder of Choithar to Marrem Khullen section of NH-202 of Imphal Ukhrul Jessami Economic Corridor from Design Chainage km 53.110 to km 95.700 in the State of Manipur on EPC mode under Bharatmala Pariyojana, under NHO-NE Package-5",564,0.0,72.58,14,31/03/2027,06/05/2027,31/03/2023,-100.0,12.868794326241135,March_2026
1715,Roads & Highways,Ministry of Road Transport & Highways,NHIDCL,618304,"Widening/Improvement to 2 Lane with earthen shoulder of Jessami to Laynen bridge Nagaland border section of NH-29 of Imphal -Ukhrul - Jessami Economic Corridor from km 0.000 to km 11.009 in the State of Manipur on EPC mode under Bharatmala Pariyojana, under NHO-NE Package-7",165,0.0,125.76,24,26/06/2026,31/10/2026,31/03/2023,-100.0,76.21818181818182,March_2026
1716,Roads & Highways,Ministry of Road Transport & Highways,NHIDCL,618305,Widening/Improvement to 2 lane with earthen shoulder of Marrem Khullen to Jessami section of NH-202 of Imphal - Ukhrul - Jessami Economic Corridor from Design Chainage km 95.700 to km 140.180 in the State of Manipur on EPC mode under Bharatmala Pariyojana under NHO-NE Package-6,555,0.0,201.52,23,07/12/2026,07/12/2026,29/03/2023,-100.0,36.30990990990991,March_2026
1717,Roads & Highways,Ministry of Road Transport & Highways,NHIDCL,618339,Widening/Improvement to 2-Lane Lane with Paved Shoulder from km 16900 Bogapani to km 27150 Golai Goan on existing Dibrugarh to Ledo section with proposed Digboi Bypass Green Field and Brownfield 2-LanePS of NH-315 OLD NH-38 in Tinsukia District under NHO- NE Package-4,357,0.0,0.0,20,06/12/2026,,04/01/2023,-100.0,0.0,March_2026
1718,Roads & Highways,Ministry of Road Transport & Highways,NHIDCL,618303,Widening/Improvement to 2-lane with earthen shoulder of Yaingangpokpi - Finch corner road section of NH-202 from Km 0.000 to Km 16.900 of NH-202 in the state of Manipur on EPC mode Package-1,223,0.0,0.0,89,30/06/2022,30/04/2026,13/03/2020,-100.0,0.0,March_2026
1719,Roads & Highways,Ministry of Road Transport & Highways,NHIDCL,618302,Widening/Improvement to 2-lane with earthen shoulder of Yaingangpokpi - Finch corner road section of NH-202 from Km 16.900 to Km 30.970 of NH-202 in the state of Manipur on EPC mode Package-2,256,0.0,0.0,97,30/06/2022,30/06/2026,13/03/2020,-100.0,0.0,March_2026
1720,Roads & Highways,Ministry of Road Transport & Highways,NHIDCL,618285,Widening/Improvement to 4 -Lane with Paved Shoulder from Ch. 88.000km to Ch.99.930 km Design Ch.84.100km to Ch.96.000 km of Sagunbashi forest near Nichinta to starting of Krishnai Bypass Section of Bilasipura Guwahati road NH 17 on EPC Package-7,287,0.0,186.64,100,25/10/2025,31/01/2026,30/03/2021,-100.0,65.03135888501743,March_2026
1721,Roads & Highways,Ministry of Road Transport & Highways,NHIDCL,618371,"Widening/Improvement to 4-Lane with Paved Shoulder configuration of existing single lane road from Srirampur near Bhairiguri Village to Kachukhana Harichara Paglagaunj Package-I of Srirampur - Dhubri Section of NH-127B from existing Km 0.000 to Km 28.050 Design Km 0.000 to Km 27.650, Design Length27.650 Km under JICA ODA Loan assistance Phase-V -Balance work",614,0.0,260.02,78,25/11/2026,25/11/2026,11/03/2022,-100.0,42.34853420195439,March_2026
1722,Roads & Highways,Ministry of Road Transport & Highways,NHIDCL,618287,"Widening/Improvement to 4-Lane with paved Shoulder from Ch. 25.633 Km to Ch. 52.470 Km Design Ch. 21.850 Km to Ch.48.670 Km for Package-2 of Bilasipura- Guwahati road NH-17 Section Near Mowatari, before Chapar Bypass to Tulungia junction with NH-17 in the state of Assam on HAM mode under NHO-NE Package-2",1339,0.0,0.0,12,03/06/2027,03/06/2027,30/11/2023,-100.0,0.0,March_2026
1723,Roads & Highways,Ministry of Road Transport & Highways,NHIDCL,618327,Widening/Improvement to 4-Lane with Paved Shoulder from KM 113300 to Km 146230 Design Chainage 113830 to 145712 of Kwaram Taro Village - Dillai Section in Assam on EPC Package-6,626,0.0,0.0,0,12/07/2024,31/03/2025,09/09/2021,-100.0,0.0,March_2026
1724,Roads & Highways,Ministry of Road Transport & Highways,NHIDCL,618326,Widening/Improvement to 4-Lane with Paved Shoulder from KM 38500 to Km 51246 Design Chainage 38500 to 50959 with proposed Daboka Bypass of Daboka-Parokhaowa of NH 29 on EPC under NHO-NE Package-1,517,0.0,0.0,97,29/11/2025,15/04/2026,05/01/2023,-100.0,0.0,March_2026
1725,Roads & Highways,Ministry of Road Transport & Highways,NHIDCL,618359,Widening/Improvement to 4-Lane with Paved Shoulder from km 55000 Nagabang Gamsuk to km 82514 Oyan in the State of Assam and Arunachal Pradesh on EPC mode under Bharatmala Pariyojna of Length 27.514 Km Package-3,665,0.0,295.3,96,17/03/2027,31/05/2026,31/03/2023,-100.0,44.40601503759399,March_2026
1726,Roads & Highways,Ministry of Road Transport & Highways,NHIDCL,618340,Widening/Improvement to 4-Lane with Paved Shoulder from km 626030 Nalani hulla Gaon to km 650450 Chotahapjan on existing Tinsukhia -Makum Bypass of NH-15 OLD NH-37 and Strengthening of existing NH-315 OLD NH-38 from Km 0000 Chotahapjan to Km 16900 Bogapani section 2-Lane PS in Assam on EPCMode under NHO-NE Package-3,459,0.0,217.2,83,17/05/2025,31/05/2026,03/01/2023,-100.0,47.32026143790849,March_2026
1727,Roads & Highways,Ministry of Road Transport & Highways,NHIDCL,618284,Widening/Improvement to 4-Lane with paved shoulder from Km 99930 to Km 143680 Design Chainage 96000 to 139750 of Paikan to Dhupdhara Sahar of Bilasipura-Guwahati Road on NH-17 in the state of Assam on EPC mode under Bharatmala Pariyojana in Economic Corridors Project Length 43.750km under NHO-NE Package-8,1458,0.0,793.68,77,26/12/2026,25/12/2026,07/03/2023,-100.0,54.43621399176954,March_2026
1728,Roads & Highways,Ministry of Road Transport & Highways,NHIDCL,618313,Widening/lmprovement of Existing 2 lane to 4-Laning of Karimganj-Silchar section of NH-37 from Design Ch 0.000 near Silchar ISBT to Design Ch 15.970 near Kalinagar Pt I on NH-37 in Assam on HAM Mode Pkg-1,1182,0.0,0.0,0,17/09/2027,17/09/2027,11/03/2024,-100.0,0.0,March_2026
1729,Roads & Highways,Ministry of Road Transport & Highways,NHIDCL,618310,Widening/lmprovement to 4-L of Karimgani - sutarkandi section of NH 37 from design Ch 0020 Start of proposed Karimganj Bypass from NH -8 to design Chainage Km 14380 near Sutarkandi Spur Connectivity to Indo/Bangladesh Border on Silchar-Churaibari in the State of Assam on HAM Mode Package-7,792,0.0,0.06,33,28/02/2027,28/02/2027,28/02/2024,-100.0,0.007575757575757576,March_2026
1730,Roads & Highways,Ministry of Road Transport & Highways,NHIDCL,618311,Widening/lmprovement to 4-Lane with Paved shoulder for existing as well as Greenfield alignment of Badarpur Churaibari section of NH-8 from Design chainage 87.700 Chandkhira to Km. 106.500 Churaibari section Assam-Tripura border in the state of Assam on HAM Mode Package-6,870,0.0,0.0,31,07/03/2027,07/03/2027,04/03/2024,-100.0,0.0,March_2026
1731,Roads & Highways,Ministry of Road Transport & Highways,NHIDCL,618288,"Widening/lmprovement to 4-Lane with Paved Shoulder from Ch.5.580 Km to Ch.25.633 Km Design Ch.0.000 Km to Ch.17.737km Km 901.100 to Km 921.145 of old NH-31 of Bilasipara- Guwahati road NH-17 Section Near Chirakuta to near Mowatari, before Chapar Bypass in the state ol Assam on HAM mode Package-1",1081,0.0,0.0,25,04/08/2027,04/08/2027,07/02/2024,-100.0,0.0,March_2026
1732,Roads & Highways,Ministry of Road Transport & Highways,NHIDCL,618312,Widening/lmprovement to 4-Lane with Paved Shoulder from existing road and Greenfield alignment form Design Ch. 62.800 start of proposed Nilambazar/Cheragi Bypass to Design Ch. 87.700 near Chandkhira Village of NH-8 on Silchar-Churaibari in the state of Assam on HAM Mode Package-5,1258,0.0,0.0,11,23/10/2027,23/10/2027,27/02/2024,-100.0,0.0,March_2026
1733,Roads & Highways,Ministry of Road Transport & Highways,NHIDCL,618309,Widening/lmprovement to 4-Laning and Greenfield alignment with Paved shoulder of Silchar-Badarpur Churaibari section of NH-37 & NH-8 from Design chainage 38.600 End point of proposed Badarpur Bypass to Km. 62.800 Start point of proposed Nilambazar/Cheragi Bypass in the state of Assam on HAM Mode Package-4,1320,0.0,0.0,15,18/08/2027,18/08/2027,28/02/2024,-100.0,0.0,March_2026
1734,Roads & Highways,Ministry of Road Transport & Highways,MoRTH,617916,Work of 6 laning/Construction of elevated corridor from km 0/0 to 10/170 Narol Junction to Sarkhej junction including 4 lane Shastri Bridge on Sabarmati river on NH 47 in the State of Gujarat on HAM mode,1295,0.0,0.0,22,15/02/2028,15/02/2028,11/03/2024,-100.0,0.0,March_2026
1735,Roads & Highways,Ministry of Road Transport & Highways,MoRTH,617976,Work of development and construction of elevated corridorfrom km 38/660 to km 42/690 Iscon junction to start point of approach of sanand flyover of NH-147 in the sate of Gujarat,530,0.0,58.29,77,18/06/2026,18/06/2026,27/03/2023,-100.0,10.998113207547169,March_2026
1736,Roads & Highways,Ministry of Road Transport & Highways,MoRTH,618171,"Work of Upgradation of Jirapur-Pachore Road including Pachore, Jirapur, Chhapiheda & Khujner Bypasses from 0000 to 58790 Design Length 58.79 Km section of NH-752C to 2LPS in the State of Madhya Pradesh under EPC mode",353,0.0,0.0,47,15/01/2026,12/08/2026,11/03/2022,-100.0,0.0,March_2026
1737,Roads & Highways,Ministry of Road Transport & Highways,MoRTH,618023,Work of Widening/upgradation of 2-Lane with paved shoulder of Sri Muktsar Sahib to Malout road from Km 279.400 to Km 307.060 section of NH-354 in the State of Punjab on EPC mode. Job No. NH-354-PB-2021-22-555,153,0.0,0.0,98,15/04/2025,31/03/2026,31/03/2022,-100.0,0.0,March_2026
1738,Roads & Highways,Ministry of Road Transport & Highways,National Highways Authority of India [NHAI],619138,Yekkambi-Haveri,310,309.9,72.86,21,07/03/2024,31/03/2027,30/09/2021,-0.032258064516136366,23.503225806451614,March_2026
1739,Shipping,"Ministry of Ports, Shipping and Waterways",Paradip Port Trust [PPT],701574,Deepening and Optimization of Inner Harbour facilities including development of Western Dock on BOT basis to handle Cape size vessels,3005,0.0,2060.12,67,31/12/2027,16/10/2028,23/05/2022,-100.0,68.55640599001663,March_2026
1740,Shipping,"Ministry of Ports, Shipping and Waterways",Deendayal Port Trust,609424,"Development of Container Terminal at Tuna-Tekra, Deendayal Port on BOT Basis Under PPP Mode",4244,0.0,1428.0,49,13/03/2027,30/09/2027,21/10/2022,-100.0,33.64750235626767,March_2026
1741,Shipping,"Ministry of Ports, Shipping and Waterways",New Mangalore Port Authority,617804,Mechanization of Berth No.14 for handling Containers and other cargo on DBFOT basis - Phase II,153,0.0,58.93,58,31/03/2027,,31/12/2023,-100.0,38.51633986928105,March_2026
1742,Shipping,"Ministry of Ports, Shipping and Waterways",Deendayal Port Trust [DPT],701570,"Replacement and revamping of pipeline projects in oil jetty area, Kandla",171,211.61,149.5,91,30/09/2023,31/03/2025,30/09/2021,23.748538011695913,87.42690058479532,March_2026
1743,Shipping,"Ministry of Ports, Shipping and Waterways",Reliance Industries Ltd,400382,Rewas Port Project,6000,0.0,5999.89,88,31/03/2023,,31/12/2019,-100.0,99.99816666666668,March_2026
1744,Shipping,"Ministry of Ports, Shipping and Waterways",Mumbai Port Trust [MPT],701586,Setting up of a Floating Storage and Regasification Unit [FSRU] - Mumbai,900,0.0,65.0,0,11/11/2026,11/11/2026,30/11/2020,-100.0,7.222222222222221,March_2026
1745,Shipping,"Ministry of Ports, Shipping and Waterways","Haldia Dock Complex, Syama Prasad Mookerjee Port Authority",701577,Shalukkhali Liquid Cargo Handling Facility Development Project,254,253.65,9.28,0,31/08/2025,,01/01/2022,-0.13779527559054894,3.653543307086614,March_2026
1746,Steel,Ministry of Steel,National Mineral Development Corporation Limited [NMDC],400121,"Construction of Screening Plant-II for Donimalai and Kumaraswamy Iron Ore Mining Complex of NMDC Limited at Ballari Dt, Karnataka.",1044,0.0,606.39,60,25/08/2026,,28/11/2014,-100.0,58.08333333333333,March_2026
1747,Steel,Ministry of Steel,Steel Authority of India Limited [SAIL],617242,Installation of New Bar Mill at Durgapur Steel Plant,2115,0.0,494.78,54,30/06/2027,,09/07/2024,-100.0,23.39385342789598,March_2026
1748,Steel,Ministry of Steel,Steel Authority of India Limited [SAIL],400174,"New Sinter Plant at BSL, SAIL",1034,1752.3,980.24,58,31/10/2017,30/06/2027,30/03/2015,69.46808510638297,94.80077369439071,March_2026
1749,Steel,Ministry of Steel,National Mineral Development Corporation Limited [NMDC],706811,NMDC Slurry Pipeline Project Phase-1,2907,5427.0,3603.64,94,30/06/2023,30/04/2026,10/11/2015,86.687306501548,123.9642242862057,March_2026
1750,Steel,Ministry of Steel,Steel Authority of India Limited [SAIL],612781,Rebuilding of COB 4 at Durgapur Steel Plant,917,0.0,190.28,33,08/12/2026,30/09/2027,11/09/2023,-100.0,20.750272628135225,March_2026
1751,Steel,Ministry of Steel,Steel Authority of India Limited [SAIL],617257,Rebuilding of Coke Oven Battery No.6 at Bokaro Steel Plant,627,0.0,321.22,58,15/11/2026,,15/11/2023,-100.0,51.23125996810208,March_2026
1752,Steel,Ministry of Steel,Steel Authority of India Limited [SAIL],617256,Rebuilding of Coke Oven Battery No.7 & 8 at Bhilai Steel Plant,884,0.0,589.3,88,31/10/2025,31/03/2026,30/11/2023,-100.0,66.66289592760181,March_2026
1753,Steel,Ministry of Steel,Steel Authority of India Limited [SAIL],617255,"Replacement of Converter Vessels, Trunnion Rings, Support System & Installation of Secondary Emission at Bhilai Steel Plant",472,0.0,221.36,64,14/06/2026,,31/10/2023,-100.0,46.898305084745765,March_2026
1754,Steel,Ministry of Steel,Steel Authority of India Limited [SAIL],617249,Replacement of existing Grinders in CRM-I & II at Bokaro Steel Plant,212,0.0,45.08,35,27/01/2027,,20/01/2025,-100.0,21.264150943396228,March_2026
1755,Steel,Ministry of Steel,Steel Authority of India Limited [SAIL],617243,Replacement of Hot Leveller No.1 of Plate Mill at Bhilai Steel Plant,199,0.0,65.34,49,29/07/2026,,26/07/2024,-100.0,32.83417085427136,March_2026
1756,Steel,Ministry of Steel,Steel Authority of India Limited [SAIL],617254,Replacement of remaining 04 sets of Battery Cyclones with 04 Nos. of ESPs in Sinter Plant-1 at Bokaro Steel Plant,260,0.0,89.76,42,29/06/2026,30/04/2027,28/03/2024,-100.0,34.52307692307692,March_2026
1757,Steel,Ministry of Steel,Steel Authority of India Limited [SAIL],617251,Revamping of Air Pollution Control Systems of SP-1 at Durgapur Steel Plant,196,0.0,37.82,25,27/05/2026,,11/07/2024,-100.0,19.29591836734694,March_2026
1758,Steel,Ministry of Steel,Steel Authority of India Limited [SAIL],617253,Revamping of old sub-systems of Blast Furnace 3 at Bokaro Steel Plant,514,0.0,381.87,97,03/07/2025,30/05/2026,09/08/2023,-100.0,74.29377431906616,March_2026
1759,Steel,Ministry of Steel,National Mineral Development Corporation Limited [NMDC],709826,SCREENING PLANT-III AT KIRANDUL,2719,0.0,1519.66,82,31/01/2026,31/07/2027,31/01/2009,-100.0,55.89040088267746,March_2026
1760,Steel,Ministry of Steel,Steel Authority of India Limited [SAIL],617250,Secondary Emission Control in Converters of SMS-II at Bokaro Steel Plant,207,0.0,38.61,33,25/10/2026,,20/01/2025,-100.0,18.652173913043477,March_2026
1761,Steel,Ministry of Steel,Steel Authority of India Limited [SAIL],617338,Stamp Charge Battery No.12 Battery Proper at IISCO Steel Plant,2518,0.0,333.48,23,20/07/2028,,20/01/2025,-100.0,13.243844320889595,March_2026
1762,Steel,Ministry of Steel,Steel Authority of India Limited [SAIL],617248,Third Ladle Furnace in Secondary Refinery Unit at IISCO Steel Plant,228,0.0,64.62,62,17/07/2026,,16/11/2024,-100.0,28.342105263157897,March_2026
1763,Steel,Ministry of Steel,Steel Authority of India Limited [SAIL],617246,Up-gradation of Blast Furnace No. 3 at Durgapur Steel Plant,758,0.0,213.61,34,07/06/2026,31/10/2027,09/09/2024,-100.0,28.180738786279687,March_2026
1764,Telecommunication,Department of Telecommunications,Department of Telecommunications [DoT],701593,4G Services by BSNL,28466,19592.0,8471.19,98,31/03/2024,31/03/2026,01/11/2020,-31.174032178739548,29.75897562003794,March_2026
1765,Telecommunication,Department of Telecommunications,Department of Telecommunications [DoT],704495,"502 Aspirational District Scheme in Four states - Bihar, Madhya Pradesh, Rajastha and Uttar Pradesh",422,228.94,152.96,99,16/03/2022,21/06/2026,23/12/2019,-45.74881516587678,36.24644549763033,March_2026
1766,Telecommunication,Department of Telecommunications,Department of Telecommunications [DoT],706775,BharatNet,61109,188000.0,46431.5,82,31/08/2023,31/03/2027,19/07/2017,207.64699144152252,75.98144299530347,March_2026
1767,Telecommunication,Department of Telecommunications,Department of Telecommunications [DoT],617413,Mobile connectivity in Left Wing Extremism [LWE] affected areas-Phase 1 Upgradation,1885,0.0,376.8,97,08/05/2025,31/03/2026,27/04/2022,-100.0,19.9893899204244,March_2026
1768,Telecommunication,Department of Telecommunications,Department of Telecommunications [DoT],701599,Mobile connectivity in Left Wing Extremism [LWE] affected areas-Phase2,1578,0.0,701.66,87,31/03/2023,30/03/2026,23/05/2018,-100.0,44.465145754119135,March_2026
1769,Telecommunication,Department of Telecommunications,BSNL,709856,MPLS-IP BASED ACCESS AND AGGREGATION NETWORK [MAAN] IN BSNL ALONG WITH TEST AND MEASURING EQUIPMENT,645,0.0,377.59,92,31/08/2024,30/06/2026,31/05/2023,-100.0,58.541085271317826,March_2026
1770,Telecommunication,Department of Telecommunications,BSNL,709857,"Planning, Engineering, Supply, Installation, Testing, Commissioning, Integration & Annual Maintenance of 4G mobile network at 1 Lakh sites on PAN India basis including Mumbai & Delhi LSA on turnkey basis under Phase IX.2 Project.",24545,0.0,8472.04,98,21/06/2025,30/09/2026,08/05/2023,-100.0,34.51635771032797,March_2026
1771,Telecommunication,Department of Telecommunications,Department of Telecommunications [DoT],701602,"Provision of 4G based mobile services in 7,287 uncovered villages of 44 Aspirational District across 5 states of Andhra Pradesh, Chhattisgarh, Jharkhand, Maharashtra & Odisha",3685,0.0,1451.43,83,19/11/2023,19/05/2026,17/11/2021,-100.0,39.38751696065129,March_2026
1772,Telecommunication,Department of Telecommunications,Department of Telecommunications,701598,Provision of 4G based Mobile Services in Uncovered Villages and National Highways of Meghalaya,972,0.0,224.6,100,03/03/2022,31/03/2026,19/09/2019,-100.0,23.106995884773664,March_2026
1773,Telecommunication,Department of Telecommunications,Department of Telecommunications,701597,Provision of 4G Mobile Services in Uncovered Villages of Arunachal Pradesh and 2 Districts of Assam,1255,0.0,332.43,99,30/04/2023,31/03/2026,09/12/2020,-100.0,26.488446215139444,March_2026
1774,Telecommunication,Department of Telecommunications,Department of Telecommunications [DoT],400013,Saturation 4G mobile coverage of Uncovered Villages through USOF,26316,30620.0,9791.8,84,20/06/2024,31/03/2026,27/07/2022,16.355069159446725,37.20854233166134,March_2026
1775,Telecommunication,Department of Telecommunications,National Communication Academy - Finance [Erstwhile NICF],709859,SETTING UP OF PHYSICAL INFRASTRUCTURE FOR THE NATIONAL INSTITUTE OF COMMUNICATION FINANCE [NICF] AT GHITORNI,248,0.0,236.91,98,17/02/2020,30/06/2026,09/10/2014,-100.0,95.52822580645162,March_2026
1776,"Tourism, Hospitality & Wellness","Ministry of Ports, Shipping and Waterways",Indian Port Rail & Ropeway Corporation Ltd. [IPRCL],707215,National Maritime Heritage Complex [NMHC] Phase-I,573,1238.05,611.24,75,31/03/2024,31/03/2026,22/02/2019,116.06457242582897,106.673647469459,March_2026
1777,Transmission & Distribution,Ministry of Power,Power Grid Corporation of India Limited [POWERGRID],615337,Additional Transmission System for evacuation of Power from Bhadla-III PS as part of Rajasthan REZ Phase III Scheme [20 GW] [SPV Name POWERGRID Bhadla-III Power Transmission Limited],369,0.0,206.64,59,27/02/2026,30/09/2026,28/08/2024,-100.0,55.99999999999999,March_2026
1778,Transmission & Distribution,Ministry of Power,Power Grid Corporation of India Limited [POWERGRID],617181,"Augmentation at Fatehgarh-II PS, Fatehgarh-IV PS [Section-II] and Barmer-I PS [POWERGRID Fatehgarh Barmer Augmentation Transmission Limited]",404,0.0,26.26,7,20/12/2026,30/06/2027,21/03/2025,-100.0,6.5,March_2026
1779,Transmission & Distribution,Ministry of Power,Power Grid Corporation of India Limited [POWERGRID],619028,Augmentation of 1x500 MVA 400/220kV ICT [3rd] at Thrissur VSC HVDC Station in Kerala,173,0.0,1.73,1,21/08/2027,,21/08/2025,-100.0,1.0,March_2026
1780,Transmission & Distribution,Ministry of Power,Power Grid Corporation of India Limited [POWERGRID],617182,Augmentation of Banaskantha [Raghanesda] PS [GIS] [POWERGRID Banaskantha Transco Limited],172,0.0,48.16,30,23/03/2027,,24/03/2025,-100.0,27.999999999999996,March_2026
1781,Transmission & Distribution,Ministry of Power,Power Grid Corporation of India Limited [POWERGRID],617802,Augmentation of Transformation Capacity and Implementation of Line Bays at Mandsaur S/S for RE Interconnection [SPV Name- POWERGRID Mandsaur I RE Transmission Limited],319,0.0,10.21,2,30/03/2028,,08/10/2025,-100.0,3.200626959247649,March_2026
1782,Transmission & Distribution,Ministry of Power,Power Grid Corporation of India Limited [POWERGRID],617391,Augmentation of Transformation Capacity at Bhuj-II PS [GIS],488,0.0,4.88,1,23/11/2026,30/06/2027,24/02/2025,-100.0,1.0,March_2026
1783,Transmission & Distribution,Ministry of Power,Power Grid Corporation of India Limited [POWERGRID],615342,Augmentation of Transformation Capacity at jam Khambhaliya PS [GIS] [SPV Name POWERGRID Jam Khambhaliya Transmission Limited],329,0.0,23.03,8,14/07/2026,30/04/2027,15/10/2024,-100.0,7.000000000000001,March_2026
1784,Transmission & Distribution,Ministry of Power,Power Grid Corporation of India Limited [POWERGRID],617069,Augmentation of Transformation Capacity at KPS1 [GIS] and KPS2 [GIS] [Phase-V Part B1 and Part B2 Scheme] [SPV Name- POWERGRID KPS1 and 2 Augmentation Transmission Limited],466,0.0,69.9,18,17/02/2027,,18/02/2025,-100.0,15.000000000000002,March_2026
1785,Transmission & Distribution,Ministry of Power,Power Grid Corporation of India Limited [POWERGRID],617068,"Augmentation of Transformation Capacity by 3x500 MVA, 400/220 KV ICTS [6th-8th] and 1x1500 MVA, 765/400 KV ICT [4th] at Bidar PS [SPV Name- POWERGRID Bidar Augmentation Transmission Limited]",288,0.0,14.4,6,30/06/2027,,18/02/2025,-100.0,5.0,March_2026
1786,Transmission & Distribution,Ministry of Power,Power Grid Corporation of India Limited [POWERGRID],602223,Comprehensive Scheme for Strengthening of Transmission and Distribution [T&D] Systems [CSST&DS] in Arunachal Pradesh and Sikkim,4754,9129.32,8033.8,83,19/12/2018,31/03/2027,14/10/2014,92.03449726546066,168.99032393773666,March_2026
1787,Transmission & Distribution,Ministry of Power,Power Grid Corporation of India Limited [POWERGRID],617271,Eastern Region Expansion Scheme-43 [ERES-43],343,0.0,97.66,29,01/03/2026,30/06/2026,02/09/2024,-100.0,28.472303206997086,March_2026
1788,Transmission & Distribution,Ministry of Power,Power Grid Corporation of India Limited [POWERGRID],617270,Eastern Region Expansion Scheme-44 [ERES-44],409,0.0,4.09,1,24/05/2026,30/06/2027,25/11/2024,-100.0,1.0,March_2026
1789,Transmission & Distribution,Ministry of Power,Power Grid Corporation of India Limited [POWERGRID],617272,Implementation of LILO of both circuits of 400KV vindhyachal PS-Sasan D/C Line at Hindalco Switchyard,370,0.0,101.75,24,06/12/2026,,07/06/2024,-100.0,27.500000000000004,March_2026
1790,Transmission & Distribution,Ministry of Power,Power Grid Corporation of India Limited [POWERGRID],617326,Implementation of Transmission Systems in the State of Jharkhand consisting of 400/220/132/33 kV transmission lines and substations under Jharkhand Consultancy Project,1842,0.0,1648.05,95,31/03/2026,31/08/2026,24/02/2012,-100.0,89.47068403908794,March_2026
1791,Transmission & Distribution,Ministry of Power,Power Grid Corporation of India Limited [POWERGRID],617807,Inter-regional [NR-WR] Transmission System strengthening to relieve the loading of 765 kV Vindhyachal-Varanasi D/c line,2368,0.0,28.41,2,16/10/2027,,16/10/2025,-100.0,1.1997466216216217,March_2026
1792,Transmission & Distribution,Ministry of Power,Power Grid Corporation of India Limited [POWERGRID],619030,Inter-Regional Strengthening between SR Grid and ER Grid,2722,0.0,5.4,0,03/08/2028,,03/02/2026,-100.0,0.19838354151359297,March_2026
1793,Transmission & Distribution,Ministry of Power,Power Grid Corporation of India Limited [POWERGRID],617808,Inter-Regional Strengthening between SR Grid and WR Grid,1007,0.0,18.1,2,17/10/2027,,17/10/2025,-100.0,1.797418073485601,March_2026
1794,Transmission & Distribution,Ministry of Power,Adani Transmission Limited,617405,Jamnagar Transmission Limited,4000,0.0,540.0,17,14/10/2026,,,-100.0,13.5,March_2026
1795,Transmission & Distribution,Ministry of Power,Adani Transmission Limited,619049,Khavda IVA Power Transmission Limited,4500,0.0,2352.01,58,30/08/2026,,30/08/2024,-100.0,52.26688888888889,March_2026
1796,Transmission & Distribution,Ministry of Power,Adani Transmission Limited,619026,KPSIII HVDC Transmission Limited,19000,0.0,0.0,0,12/12/2029,,,-100.0,0.0,March_2026
1797,Transmission & Distribution,Ministry of Power,Adani Transmission Limited,619024,Mahan Transmission Limited,3125,0.0,260.79,16,25/04/2027,,26/03/2025,-100.0,8.34528,March_2026
1798,Transmission & Distribution,Ministry of Power,Power Grid Corporation of India Limited [POWERGRID],617375,North Eastern Region Expansion Scheme-XXIII [NERES-XXIII],209,0.0,2.09,1,03/02/2028,,04/08/2025,-100.0,0.9999999999999999,March_2026
1799,Transmission & Distribution,Ministry of Power,Power Grid Corporation of India Limited [POWERGRID],607709,NORTH EASTERN REGION POWER SYSTEM IMPROVEMENT PROJECT [NERPSIP],5111,6700.0,5577.75,99,31/12/2018,31/03/2027,01/12/2014,31.089806300136956,109.13226374486402,March_2026
1800,Transmission & Distribution,Ministry of Power,Power Grid Corporation of India Limited [POWERGRID],615343,Provision of Dynamic Reactive Compensation at Khavda pooling Station 1 [KPS1] and Khavda Pooling station 3 [KPS3],501,0.0,20.04,5,06/11/2026,,07/11/2024,-100.0,4.0,March_2026
1801,Transmission & Distribution,Ministry of Power,Power Grid Corporation of India Limited [POWERGRID],617801,Provision of ICT Augmentation & Bus Reactor at Bhuj-II PS,582,0.0,6.98,1,18/12/2026,30/06/2027,18/03/2025,-100.0,1.1993127147766325,March_2026
1802,Transmission & Distribution,Ministry of Power,Adani Transmission Limited,619025,RAJASTHAN PART I POWER TRANSMISSION LIMITED,25000,0.0,227.05,1,20/07/2029,,20/01/2025,-100.0,0.9082,March_2026
1803,Transmission & Distribution,Ministry of Power,Power Grid Corporation of India Limited [POWERGRID],617186,Rajasthan REZ Ph-V [Part-1- 4 GW] [Sirohi/Nagaur] Complex [Rajasthan V Power Transmission Limited],5028,0.0,754.2,17,23/03/2027,30/06/2027,24/03/2025,-100.0,15.000000000000002,March_2026
1804,Transmission & Distribution,Ministry of Power,Power Grid Corporation of India Limited [POWERGRID],616672,System Strengthening at Koppal-II and GadagII for integration of RE generation projects [SPV Name POWERGRID Koppal Gadag Augmentation Transmission Limited],1354,0.0,203.1,17,01/06/2027,,16/01/2025,-100.0,15.0,March_2026
1805,Transmission & Distribution,Ministry of Power,Power Grid Corporation of India Limited [POWERGRID],400005,Transmission Network Expansion in Gujarat to increase its ATC from ISTS Part B,4546,0.0,4523.49,100,12/06/2023,31/05/2026,13/01/2022,-100.0,99.50483941926969,March_2026
1806,Transmission & Distribution,Ministry of Power,Power Grid Corporation of India Limited [POWERGRID],617179,Transmission Scheme for evacuation of Power from Ratle HEP [850 MW] & kiru [624 MW] Part B,219,0.0,3.28,2,14/07/2026,30/06/2027,15/07/2024,-100.0,1.4977168949771689,March_2026
1807,Transmission & Distribution,Ministry of Power,Power Grid Corporation of India Limited [POWERGRID],612132,Transmission Scheme for Evacuation of power from REZ in Rajasthan [20 GW] under Phase-III Part D Phase I [Sikar Khetri Transmission Ltd],2000,0.0,1640.0,84,08/08/2025,30/09/2026,09/02/2024,-100.0,82.0,March_2026
1808,Transmission & Distribution,Ministry of Power,Power Grid Corporation of India Limited [POWERGRID],617184,Transmission Scheme for integration of Davanagere/ Chitradurga and Bellary REZ in Karnataka [POWERGRID Chitradurga Bellary REZ Transmission Limited],3453,0.0,345.3,12,20/09/2027,,21/03/2025,-100.0,10.0,March_2026
1809,Transmission & Distribution,Ministry of Power,Power Grid Corporation of India Limited [POWERGRID],612140,Transmission Scheme for Integration of Renewable Energy Zone [Phase II] in Koppal II [Phase A&B] and gadag II[Phase A] in Karnataka [POWERGRID KOPPAL GADAG TRANSMISSION LIMITED],2889,0.0,2224.83,80,25/12/2025,30/09/2026,26/12/2023,-100.0,77.01038421599169,March_2026
1810,Transmission & Distribution,Ministry of Power,Power Grid Corporation of India Limited [POWERGRID],611967,Transmission Scheme for Solar Energy Zone in Ananthpuram 2500MW and Kurnool 1000MW,1249,0.0,1198.74,98,30/09/2025,30/04/2026,27/09/2023,-100.0,95.9759807846277,March_2026
1811,Transmission & Distribution,Ministry of Power,Power Grid Corporation of India Limited [POWERGRID],612138,"Transmission Scheme for Solar Energy Zone in Bidar [2500 MW], Karnataka [Bidar Transmission Ltd]",2148,0.0,1825.47,87,08/02/2026,30/06/2026,09/02/2024,-100.0,84.98463687150839,March_2026
1812,Transmission & Distribution,Ministry of Power,Power Grid Corporation of India Limited [POWERGRID],612139,Transmission system for Evacuation of Additional 7 GW RE power from Khavda RE park under Phase-III Part B [Vataman Transmission Limited],3752,0.0,2194.81,55,25/12/2025,31/12/2026,26/12/2023,-100.0,58.49706823027718,March_2026
1813,Transmission & Distribution,Ministry of Power,Power Grid Corporation of India Limited [POWERGRID],617279,Transmission System for evacuation of power from Mahan Energen Limited Generating Station in Madhya Pradesh [SPV Name - POWERGRID MEL Power Transmission Limited],558,0.0,41.85,6,04/12/2027,,04/06/2025,-100.0,7.5,March_2026
1814,Transmission & Distribution,Ministry of Power,Power Grid Corporation of India Limited [POWERGRID],612855,Transmission System for Evacuation of Power from Potential Energy Renewable Zone in Khavda Area of Gujarat under Ph-IV [7GW] Part E2,679,0.0,291.97,48,30/05/2026,30/06/2026,30/05/2024,-100.0,43.00000000000001,March_2026
1815,Transmission & Distribution,Ministry of Power,Power Grid Corporation of India Limited [POWERGRID],611966,Transmission System for Evacuation of power from Potential RE Zone in Khavda Area of Gujarat under phase IV 7GW-Part E4,224,0.0,197.47,91,09/07/2025,30/04/2026,01/11/2023,-100.0,88.15625,March_2026
1816,Transmission & Distribution,Ministry of Power,Power Grid Corporation of India Limited [POWERGRID],612151,Transmission System for Evacuation of Power from potential Renewable Energy zone in Khavda Area of Gujarat under Phase IV [7 GW] Part E3,334,0.0,327.32,100,31/07/2025,30/04/2026,01/07/2023,-100.0,98.0,March_2026
1817,Transmission & Distribution,Ministry of Power,Power Grid Corporation of India Limited [POWERGRID],615345,Transmission System for Evacuation of Power from Potential Renewable Energy Zone in Khavda area of Gujarat under Phase-IV [7GW] Part B [SPV Name POWERGRID South Olpad Transmission Limited],4766,0.0,1167.67,22,14/10/2026,31/10/2027,15/10/2024,-100.0,24.500000000000004,March_2026
1818,Transmission & Distribution,Ministry of Power,Power Grid Corporation of India Limited [POWERGRID],615347,TRANSMISSION SYSTEM FOR EVACUATION OF POWER FROM POTENTIAL RENEWABLE ENERGY ZONE IN KHAVDA AREA OF GUJARAT UNDER PHASE-V [8 GW] PART A [SPV Name POWERGRID West Central Transmission Limited],24819,0.0,2258.53,8,18/05/2029,,19/11/2024,-100.0,9.1000040291712,March_2026
1819,Transmission & Distribution,Ministry of Power,Power Grid Corporation of India Limited [POWERGRID],615338,TRANSMISSION SYSTEM FOR EVACUATION OF POWER FROM RAJASTHAN REZ PH -IV [PART-2 5.5 GW] [JAISALMER/BARMER COMPLEX] PART F [SPV Name POWERGRID BARMER I TRANSMISSION LIMITED],2735,0.0,847.85,30,06/11/2026,30/06/2027,07/11/2024,-100.0,31.0,March_2026
1820,Transmission & Distribution,Ministry of Power,Power Grid Corporation of India Limited [POWERGRID],612134,Transmission System for Evacuation of power from Rajasthan REZ Ph-IV [Part-1] [Bikaner Complex] Part A [Bikaner Neemrana Transmission Ltd],2998,0.0,2278.73,68,26/12/2025,31/12/2026,27/12/2023,-100.0,76.00833889259506,March_2026
1821,Transmission & Distribution,Ministry of Power,Power Grid Corporation of India Limited [POWERGRID],612133,Transmission System for Evacuation of power from Rajasthan REZ Ph-IV [Part-1] [Bikaner Complex] Part D [Neemrana Bareilly Transmission Ltd],2056,0.0,1706.48,72,26/12/2025,31/12/2026,27/12/2023,-100.0,83.0,March_2026
1822,Transmission & Distribution,Ministry of Power,Power Grid Corporation of India Limited [POWERGRID],615344,Transmission System for Evacuation of Power from Rajasthan REZ Ph-IV [Part-2 5.5GW] [Jaisalmer/Barmer Complex] Part H1 [POWERGRID KURAWAR TRANSMISSION LIMITED],3674,0.0,1304.27,35,14/10/2026,30/06/2027,15/10/2024,-100.0,35.5,March_2026
1823,Transmission & Distribution,Ministry of Power,Power Grid Corporation of India Limited [POWERGRID],615346,Transmission System for Evacuation of Power from Rajasthan REZ Ph-IV [Part-2 5.5 GW] [Jaisalmer/Barmer Complex] Part C [SPV Name POWERGRID Mandsaur Transmission Limited],2708,0.0,1462.32,55,18/08/2026,28/02/2027,19/08/2024,-100.0,53.99999999999999,March_2026
1824,Transmission & Distribution,Ministry of Power,Power Grid Corporation of India Limited [POWERGRID],615333,Transmission System for Evacuation of Power from Rajasthan REZ Ph-IV [Part-2 5.5 GW] [Jaisalmer/Barmer Complex] Part D [SPV Name POWERGRID Beawar Mandsaur Transmission Limited],2227,0.0,957.61,37,21/08/2026,31/12/2026,22/08/2024,-100.0,43.0,March_2026
1825,Transmission & Distribution,Ministry of Power,Power Grid Corporation of India Limited [POWERGRID],615334,Transmission System for Evacuation of Power from Rajasthan REZ Ph-IV [Part-2 5.5 GW] [Jaisalmer/Barmer Complex] Part E [SPV Name POWERGRID Mewar Transmission Limited],3251,0.0,1592.99,37,18/08/2026,30/04/2027,19/08/2024,-100.0,49.0,March_2026
1826,Transmission & Distribution,Ministry of Power,Power Grid Corporation of India Limited [POWERGRID],615332,Transmission System for Evacuation of Power from Rajasthan REZ Ph-IV [Part-2 5.5 GW][Jaisalmer/Barmer Complex] Part B [SPV Name POWERGRID Sirohi Transmission Limited],3279,0.0,1442.76,44,22/08/2026,31/03/2027,23/08/2024,-100.0,44.0,March_2026
1827,Transmission & Distribution,Ministry of Power,Power Grid Corporation of India Limited [POWERGRID],615340,TRANSMISSION SYSTEM FOR EVACUATION OF POWER FROM RAJASTHAN REZ PH-IV [PART-3/ 6 GW] [BIKANER COMPLEX] PART B [SPV Name POWERGRID Siwani Transmission Limited],5357,0.0,1339.25,26,11/11/2026,30/06/2027,12/11/2024,-100.0,25.0,March_2026
1828,Transmission & Distribution,Ministry of Power,Power Grid Corporation of India Limited [POWERGRID],615339,Transmission system for evacuation of power from Rajasthan REZ Ph-IV [Part-3/6GW] [Bikaner complex] Part A [SPV Name POWERGRID Bikaner IV Transmission Limited],5969,0.0,1193.8,22,11/11/2026,30/04/2027,12/11/2024,-100.0,20.0,March_2026
1829,Transmission & Distribution,Ministry of Power,Power Grid Corporation of India Limited [POWERGRID],616670,Transmission System for evacuation of Power from Rajasthan REZ Ph-IV [Part-4 3.5 GW] Part A [SPV name POWERGRID Ghiror Transmission Limited],5846,0.0,1461.5,28,30/12/2026,30/06/2027,30/12/2024,-100.0,25.0,March_2026
1830,Transmission & Distribution,Ministry of Power,Power Grid Corporation of India Limited [POWERGRID],611949,Transmission system for evacuation of power from REZ in Rajasthan 20 GW under Phase-III part C1,1796,0.0,1724.17,98,30/04/2025,31/05/2026,26/10/2023,-100.0,96.00055679287306,March_2026
1831,Transmission & Distribution,Ministry of Power,Power Grid Corporation of India Limited [POWERGRID],611948,Transmission system for evacuation of power from REZ in Rajasthan 20 GW under Phase-III part H,2211,0.0,2122.84,98,30/04/2025,30/06/2026,30/10/2023,-100.0,96.01266395296247,March_2026
1832,Transmission & Distribution,Ministry of Power,Power Grid Corporation of India Limited [POWERGRID],611947,Transmission System for Evacuation of Power from REZ in Rajasthan 20GW under Phase III- Part E2,428,0.0,406.88,97,15/06/2025,30/06/2026,01/11/2023,-100.0,95.06542056074765,March_2026
1833,Transmission & Distribution,Ministry of Power,Power Grid Corporation of India Limited [POWERGRID],611951,Transmission system for evacuation of power from REZ in Rajasthan 20GW under Phase-III Part E1,689,0.0,686.67,100,28/02/2025,30/04/2026,01/12/2021,-100.0,99.66182873730043,March_2026
1834,Transmission & Distribution,Ministry of Power,Power Grid Corporation of India Limited [POWERGRID],611735,Transmission system for evacuation of power from REZ in Rajasthan 20GW under Phase-III Part J,331,0.0,195.29,49,31/03/2025,31/12/2026,01/12/2022,-100.0,59.0,March_2026
1835,Transmission & Distribution,Ministry of Power,Sterlite Power,617806,Transmission System for Integration of Ananthapur 2 REZ Phase 1 for 4.5 GW. SPV Name Anantapuram 2 REZ Transmission Ltd,4536,0.0,677.57,40,30/03/2027,,23/08/2024,-100.0,14.937610229276896,March_2026
1836,Transmission & Distribution,Ministry of Power,Power Grid Corporation of India Limited [POWERGRID],617185,Transmission System for Integration of Kurnool-IV REZ Phase-I [for 4.5 GW] [POWERGRID Kurnool-IV Transmission Limited],5550,0.0,860.25,15,23/03/2027,30/09/2027,24/03/2025,-100.0,15.5,March_2026
1837,Transmission & Distribution,Ministry of Power,Power Grid Corporation of India Limited [POWERGRID],900808,Transmission System for Kurnool Wind Energy Zone/ Solar Energy Zone Part-A and Part-B,3547,0.0,3529.2,100,30/11/2024,31/05/2026,23/11/2022,-100.0,99.49816746546377,March_2026
1838,Transmission & Distribution,Ministry of Power,Power Grid Corporation of India Limited [POWERGRID],619029,Transmission System for Reliable Power Supply to Dholera,319,0.0,46.31,15,02/03/2026,31/12/2026,02/09/2024,-100.0,14.517241379310345,March_2026
1839,Transmission & Distribution,Ministry of Power,Power Grid Corporation of India Limited [POWERGRID],617269,Transmission System for Strengthening to facilitate evacuation of power from Bhadla/Bikaner Complex,213,0.0,5.32,3,09/06/2026,31/08/2026,10/12/2024,-100.0,2.4976525821596245,March_2026
1840,Transmission & Distribution,Ministry of Power,Power Grid Corporation of India Limited [POWERGRID],617803,Transmission System Strengthening at Davanagere for Integration of RE Generation [SPV Name - POWERGRID Davanagere Power Transmission Limited],379,0.0,15.91,2,24/09/2027,,24/09/2025,-100.0,4.197889182058048,March_2026
1841,Transmission & Distribution,Ministry of Power,Power Grid Corporation of India Limited [POWERGRID],617183,Transmission system strengthening at Kurnool- III PS for integration of additional RE generation projects [POWERGRID Kurnool III PS RE Transmission Limited],2886,0.0,519.48,20,31/12/2027,,27/03/2025,-100.0,18.0,March_2026
1842,Transmission & Distribution,Ministry of Power,Power Grid Corporation of India Limited [POWERGRID],615335,Transmission System Strengthening for Interconnections of Bhadla-III & Bikaner III Complex [SPV Name POWERGRID BHADLA BIKANER TRANSMISSION LIMITED],1382,0.0,511.34,40,29/08/2026,31/03/2027,30/08/2024,-100.0,37.0,March_2026
1843,Transmission & Distribution,Ministry of Power,Power Grid Corporation of India Limited [POWERGRID],616671,Transmission System under ISTS for evacuation of Power from Kudankulam Unit-3&4 [2x1000 MW] [SPV Name POWERGRID Kudankulam Tarnsmission Limited],548,0.0,117.82,17,31/12/2026,31/03/2027,10/01/2025,-100.0,21.5,March_2026
1844,Transmission & Distribution,Ministry of Power,Adani Transmission Limited,619027,WRNES Talegaon Power Transmission Limited,2000,0.0,1.0,5,01/01/2028,,,-100.0,0.05,March_2026
1845,Urban Public Transport,Ministry of Housing & Urban Affairs,Uttar Pradesh metro rail corporation [UPMRC],702629,Agra Metro Rail Project,8380,0.0,6069.78,69,26/05/2024,30/06/2027,27/05/2019,-100.0,72.43174224343674,March_2026
1846,Urban Public Transport,Ministry of Housing & Urban Affairs,Gujarat Metro Rail Corporation Limited [GMRCL],702639,Ahmedabad Metro Rail Project [Phase-I],10773,12924.5,12410.8,100,31/03/2018,30/04/2026,17/11/2014,19.971224357189268,115.20282186948853,March_2026
1847,Urban Public Transport,Ministry of Housing & Urban Affairs,Madhya Pradesh Metro Rail Co Limited [MPMRCL],702625,Bhopal Metro Rail Project,6941,0.0,4250.95,58,29/11/2022,30/06/2028,30/11/2018,-100.0,61.24405705229794,March_2026
1848,Urban Public Transport,Ministry of Housing & Urban Affairs,Chennai Metro Rail Limited [CMRL],702668,Chennai Metro Rail Phase-II Development Project,63246,0.0,32503.4,52,31/08/2029,,18/10/2024,-100.0,51.39202479208171,March_2026
1849,Urban Public Transport,Ministry of Housing & Urban Affairs,Bengaluru Metro Rail,702665,Construction Bangalore Metro Rail Project Phase-2A & 2B,14788,14788.1,10341.3,64,30/06/2026,30/06/2026,07/06/2021,0.000676223965379793,69.93034893156613,March_2026
1850,Urban Public Transport,Ministry of Housing & Urban Affairs,Bengaluru Metro Rail,702635,Construction of Bangalore Metro Rail Project Phase 2.,26405,30695.1,29783.0,95,22/03/2021,30/09/2026,21/02/2014,16.247301647415256,112.79303162279872,March_2026
1851,Urban Public Transport,Ministry of Housing & Urban Affairs,Delhi Metro Rail Corporation Limited [DMRC],619031,Delhi Metro Rail Phase V A,12015,0.0,17.31,0,31/12/2028,,07/01/2026,-100.0,0.14406991260923846,March_2026
1852,Urban Public Transport,Ministry of Housing & Urban Affairs,Delhi Metro Rail Corporation Limited [DMRC],617207,Delhi Metro Rail Phase-IV [2 Corridors],8400,0.0,89.43,2,27/03/2029,,28/03/2024,-100.0,1.0646428571428572,March_2026
1853,Urban Public Transport,Ministry of Housing & Urban Affairs,Delhi Metro Rail Corporation Limited [DMRC],617206,Delhi Metro Rail Phase-IV [Rithala - Kundli Corridor],6231,0.0,72.89,0,02/01/2029,,03/01/2025,-100.0,1.1697961803883807,March_2026
1854,Urban Public Transport,Ministry of Housing & Urban Affairs,Delhi Metro Rail Corporation Limited [DMRC],702632,DMRTS Phase - IV [3 Priority Corridors],24949,0.0,20109.7,80,31/03/2025,31/12/2026,04/07/2019,-100.0,80.60323059040442,March_2026
1855,Urban Public Transport,Ministry of Housing & Urban Affairs,Madhya Pradesh Metro Rail Co Limited [MPMRCL],702626,Indore Metro Rail Project,7501,0.0,4866.16,64,29/11/2022,31/12/2028,30/11/2018,-100.0,64.87348353552859,March_2026
1856,Urban Public Transport,Ministry of Housing & Urban Affairs,ministry of housing and urban affairs,701991,Kalyan Station Precinct Imporvement Project,600,0.0,272.42,70,31/07/2023,,24/04/2018,-100.0,45.403333333333336,March_2026
1857,Urban Public Transport,Ministry of Housing & Urban Affairs,Uttar Pradesh metro rail corporation [UPMRC],702628,Kanpur Metro Rail Project,11076,0.0,9098.65,80,26/05/2024,31/03/2027,27/05/2019,-100.0,82.1474358974359,March_2026
1858,Urban Public Transport,Ministry of Housing & Urban Affairs,CSPCC Projects,702664,Kochi Metro Rail Phase 2 Development Project,1957,0.0,641.83,31,20/11/2026,20/11/2026,21/11/2022,-100.0,32.79662749105775,March_2026
1859,Urban Public Transport,Ministry of Housing & Urban Affairs,Uttar Pradesh metro rail corporation [UPMRC],619052,LUCKNOW METRO RAIL PROJECT PHASE-1B EAST WEST CORRIDOR,5801,0.0,0.0,0,30/04/2031,,03/09/2025,-100.0,0.0,March_2026
1860,Urban Public Transport,Ministry of Housing & Urban Affairs,Gurugram Metro Rail Limited [GMRL],619022,"Metro connectivity from Millennium City Centre to Cyber City with Spur to Dwarka Expressway, Gurugram.",5453,0.0,92.12,0,06/07/2027,,06/07/2023,-100.0,1.6893453145057766,March_2026
1861,Urban Public Transport,Ministry of Housing & Urban Affairs,Mumbai Metro Rail Corporation Limited [MMRC],702637,Mumbai Metro Line 3,23136,37276.0,33308.9,98,31/03/2023,31/08/2025,18/07/2013,61.11687413554634,143.97000345781467,March_2026
1862,Urban Public Transport,Ministry of Housing & Urban Affairs,Maharashtra Metro Rail Corporation Limited [MMRCL],702658,Nagpur Metro Rail Phase II Development Project,6708,0.0,1876.99,37,31/12/2027,,29/12/2022,-100.0,27.981365533691115,March_2026
1863,Urban Public Transport,Ministry of Housing & Urban Affairs,ministry of housing and urban affairs,701745,New Suburba Station Development Project,263,0.0,17.62,6,31/07/2022,,26/04/2018,-100.0,6.699619771863118,March_2026
1864,Urban Public Transport,Ministry of Housing & Urban Affairs,Patna Metro Rail Corporation Ltd. [PMRCL],702627,Patna Metro Rail Project,13366,13365.8,5068.37,50,26/02/2024,30/06/2027,27/02/2019,-0.001496333981750169,37.91987131527757,March_2026
1865,Urban Public Transport,Ministry of Housing & Urban Affairs,Maharashtra Metro Rail Corporation Limited [MMRCL],617225,PCMC To Nigdi- Extension Of North South Corridor Of Phase-1,910,960.18,263.93,40,31/01/2027,,23/10/2023,5.514285714285709,29.003296703296705,March_2026
1866,Urban Public Transport,Ministry of Housing & Urban Affairs,Maharashtra Metro Rail Corporation Limited [MMRCL],617226,Pune Metro Phase-1 Extension line towards south from Swargate to Katraj,2955,0.0,45.69,5,04/03/2029,,04/09/2024,-100.0,1.5461928934010152,March_2026
1867,Urban Public Transport,Ministry of Housing & Urban Affairs,Maharashtra Metro Rail Corporation Limited [MMRCL],618971,Pune Metro Rail Project Phase-2 Corridor 2A Vanaz to Chandani Chowk and Corridor 2B Ramwadi to Wagholi/Vitthalwadi,3626,0.0,2.19,1,31/07/2029,,16/07/2025,-100.0,0.06039713182570325,March_2026
1868,Urban Public Transport,Ministry of Housing & Urban Affairs,Maharashtra Metro Rail Corporation Limited [MMRCL],618985,Pune Metro Rail Project Phase-2 Line-4 Kharadi to Khadakwasla with Spur Line 4A Nal Stop - Warje - Manikbaug,9858,0.0,2.97,0,31/12/2030,,16/12/2025,-100.0,0.030127814972611078,March_2026
1869,Urban Public Transport,Ministry of Housing & Urban Affairs,Gujarat Metro Rail Corporation Limited [GMRCL],702630,Surat Metro Rail Project,12020,0.0,8898.74,79,31/03/2024,30/06/2026,09/03/2019,-100.0,74.03277870216306,March_2026
1870,Urban Public Transport,Ministry of Housing & Urban Affairs,Maharashtra Metro Rail Corporation Limited [MMRCL],617327,Thane Integral Ring Metro Rail Project,12200,0.0,79.3,7,30/09/2029,,04/09/2024,-100.0,0.65,March_2026
1871,Waste & Water,"Department of Water Resources, River Development & GR",National Mission for Clean Ganga,616594,Interception & Diversion with Rehabilitation of sewerage scheme at Agra under Hybrid annuity based PPP model-Namami Gange Programme,842,0.0,208.64,79,30/04/2025,31/12/2026,06/05/2020,-100.0,24.779097387173397,March_2026
1872,Waste & Water,"Department of Water Resources, River Development & GR",National Mission for Clean Ganga,616600,Interception and Diversion and STP works in Bhagalpur under Hybrid annuity based PPP mode-Namami Gange Programme,413,0.0,126.67,97,06/02/2025,31/12/2026,12/10/2017,-100.0,30.670702179176757,March_2026
1873,Waste & Water,"Department of Water Resources, River Development & GR",National Mission for Clean Ganga,616604,Pollution Abatement works for River Ganga at Hooghly Chinsurah- Municipal Town Interception & Diversion with STP,155,0.0,96.17,93,30/03/2025,31/08/2026,10/05/2018,-100.0,62.04516129032258,March_2026
1874,Waste & Water,"Department of Water Resources, River Development & GR",National Mission for Clean Ganga,616605,Pollution Abatement Works for River Kali Meerut under Meerut Municipality Interception & Diversion with STP,691,0.0,34.79,51,31/12/2024,11/05/2027,06/05/2020,-100.0,5.034732272069464,March_2026
1875,Waste & Water,"Department of Water Resources, River Development & GR",National Mission for Clean Ganga,616611,Sewage Treatment Plant 100MLD and Sewerage Network 288 km in Digha-Patna under Hybrid annuity based PPP mode-Namami Gange Programme,824,0.0,396.71,57,30/12/2025,30/09/2026,11/08/2017,-100.0,48.144417475728154,March_2026
1876,Waste & Water,"Department of Water Resources, River Development & GR",National Mission for Clean Ganga,616612,Sewage Treatment Plant 50MLD and Sewerage Network 150 km in Kankarbagh-Patna under Hybrid annuity based PPP mode-Namami Gange Programme,579,0.0,171.79,54,30/12/2025,,11/08/2017,-100.0,29.670120898100173,March_2026
1877,Waste & Water,"Department of Water Resources, River Development & GR",National Mission for Clean Ganga,616615,"Sewer Network, SPS and STP at Begusarai",230,0.0,261.82,97,30/04/2025,31/12/2025,08/03/2010,-100.0,113.83478260869563,March_2026
1878,Waste & Water,"Department of Water Resources, River Development & GR",National Mission for Clean Ganga,616616,"Sewer Networks, SPS and STP at Hajipur",305,0.0,346.46,95,30/06/2025,31/12/2025,08/03/2010,-100.0,113.59344262295082,March_2026
1879,Waste & Water,Ministry of Housing & Urban Affairs,Ministry of Housing & Urban Affairs,702764,24/7 water supply under AMRUT for Davanagere,175,0.0,103.73,65,31/03/2023,31/05/2026,18/11/2016,-100.0,59.27428571428571,March_2026
1880,Waste & Water,Ministry of Housing & Urban Affairs,Ministry of Housing & Urban Affairs,702746,Augmentation and Strenghthning of Urban Water Supply Phase 1 - SAAP 3,278,0.0,186.5,81,31/03/2023,30/06/2026,02/02/2017,-100.0,67.08633093525181,March_2026
1881,Waste & Water,Ministry of Housing & Urban Affairs,Ministry of Housing & Urban Affairs,702760,Belgavi Improvement in Sewerage System Project,163,0.0,79.5,80,31/07/2023,30/06/2026,15/12/2015,-100.0,48.77300613496933,March_2026
1882,Waste & Water,Ministry of Housing & Urban Affairs,Ministry of Housing & Urban Affairs,702741,Dhanbad Water Supply Infrastructure Project,217,0.0,129.16,76,31/03/2023,30/06/2026,02/02/2017,-100.0,59.52073732718895,March_2026
1883,Waste & Water,Ministry of Housing & Urban Affairs,Ministry of Housing & Urban Affairs,702674,"ESR - 8 nos., distribution system - 216 Km, new house service connections - 38760 nos. upgrading of feeder mains, pumping station etc. - Phase II",172,0.0,88.86,82,31/03/2023,30/06/2026,02/02/2017,-100.0,51.662790697674424,March_2026
1884,Waste & Water,Ministry of Housing & Urban Affairs,Ministry of Housing & Urban Affairs,702793,Indore Water Supply Infrastructure Project,287,0.0,252.5,99,31/03/2023,31/05/2026,21/12/2016,-100.0,87.97909407665504,March_2026
1885,Waste & Water,Ministry of Housing & Urban Affairs,Ministry of Housing & Urban Affairs,702798,Jabalpur Sewerage Management and Treatment Infrastructure Project,362,0.0,332.05,100,31/03/2023,30/06/2026,18/10/2018,-100.0,91.72651933701658,March_2026
1886,Waste & Water,Ministry of Housing & Urban Affairs,Ministry of Housing & Urban Affairs,703021,Jalandhar Water Supply Infrastructure Project,259,266.64,161.02,58,28/08/2023,30/06/2026,18/11/2016,2.9498069498069444,62.16988416988417,March_2026
1887,Waste & Water,Ministry of Housing & Urban Affairs,Ministry of Housing & Urban Affairs,702949,Jhansi Water Supply Infrastructure Phase-II Project,562,0.0,485.91,93,31/07/2023,31/05/2026,15/03/2017,-100.0,86.4608540925267,March_2026
1888,Waste & Water,Ministry of Housing & Urban Affairs,Ministry of Housing & Urban Affairs,702833,Kalyan-Dombivali Water Supply Infrastructure Project,194,0.0,136.56,75,31/10/2023,30/06/2026,08/07/2016,-100.0,70.3917525773196,March_2026
1889,Waste & Water,Ministry of Housing & Urban Affairs,Ministry of Housing & Urban Affairs,702840,Mira-Bhayandar Water Supply Infrastructure Project,205,0.0,186.13,99,31/03/2023,31/05/2026,18/11/2016,-100.0,90.79512195121951,March_2026
1890,Waste & Water,Ministry of Housing & Urban Affairs,Ministry of Housing & Urban Affairs,702699,Muzaffarpur Storm Water Drainage Phase-I Project,159,0.0,93.35,84,31/10/2023,30/06/2026,18/11/2016,-100.0,58.71069182389937,March_2026
1891,Waste & Water,Ministry of Housing & Urban Affairs,Ministry of Housing & Urban Affairs,703057,Patiala Water Supply Infrastructure Part-2 Project,287,0.0,213.64,99,31/10/2023,31/05/2026,18/11/2016,-100.0,74.4390243902439,March_2026
1892,Waste & Water,Ministry of Housing & Urban Affairs,Ministry of Housing & Urban Affairs,702851,Pune Water Supply Infrastructure Project,236,0.0,220.77,95,31/03/2023,31/05/2026,15/03/2017,-100.0,93.54661016949153,March_2026
1893,Waste & Water,Ministry of Housing & Urban Affairs,Ministry of Housing & Urban Affairs,702742,SAAP-3 Water Supply Infrastructure SAAP-3 Project,159,0.0,87.5,67,31/10/2023,30/06/2026,02/02/2017,-100.0,55.0314465408805,March_2026
1894,Waste & Water,Ministry of Housing & Urban Affairs,Ministry of Housing & Urban Affairs,702808,Satna Sewerage Management and Treatment Infrastructure Project,192,215.89,200.32,95,31/03/2024,31/05/2026,13/11/2015,12.442708333333325,104.33333333333333,March_2026
1895,Waste & Water,Ministry of Housing & Urban Affairs,Ministry of Housing & Urban Affairs,702734,Sewerage Management Scheme Part-3 Implementation,278,0.0,228.49,88,30/09/2023,30/09/2026,15/03/2017,-100.0,82.19064748201438,March_2026
1896,Waste & Water,Ministry of Housing & Urban Affairs,Ministry of Housing & Urban Affairs,702735,Sewerage Management Scheme Part-3 Implementation,213,0.0,180.32,100,31/03/2023,31/05/2026,15/03/2017,-100.0,84.65727699530517,March_2026
1897,Waste & Water,Ministry of Housing & Urban Affairs,Ministry of Housing & Urban Affairs,702810,Singrauli Sewerage Management and Treatment Infrastructure Project,402,438.1,357.68,90,31/03/2023,31/05/2026,26/05/2016,8.980099502487567,88.97512437810946,March_2026
1898,Waste & Water,Ministry of Housing & Urban Affairs,Ministry of Housing & Urban Affairs,702854,Solapur Sewerage Management Infrastructure Project,180,0.0,172.22,98,31/03/2023,31/05/2026,15/03/2017,-100.0,95.67777777777778,March_2026
1899,Waste & Water,Ministry of Housing & Urban Affairs,ministry of housing and urban affairs,702355,Storm water drainag Development Project,210,0.0,0.0,20,20/03/2024,,18/08/2020,-100.0,0.0,March_2026
1900,Waste & Water,Ministry of Housing & Urban Affairs,ministry of housing and urban affairs,707267,Upgradation of Sewerage system in Gandhinagar City,200,0.0,100.0,10,30/06/2023,,22/07/2020,-100.0,50.0,March_2026
1901,Water Resources,"Department of Water Resources, River Development & GR",Department of water resources-MH - II,701391,Aruna Medium Irrigation Project,210,1472.14,1734.71,98,31/12/2019,31/12/2025,01/04/2009,601.0190476190477,826.0523809523809,March_2026
1902,Water Resources,"Department of Water Resources, River Development & GR",Water Resources-MP,400116,Bargi Diversion Project Phase - III [km. 104 to km 154],1229,1399.7,2155.66,81,31/12/2019,31/12/2026,01/04/2007,13.889340927583405,175.39951179820991,March_2026
1903,Water Resources,"Department of Water Resources, River Development & GR",Water Resources-MP,400115,Bargi Diversion Project Phase - IV [km. 154 to km 197],751,893.35,814.02,75,31/12/2019,31/03/2026,01/04/2008,18.954727030625833,108.39147802929428,March_2026
1904,Water Resources,"Department of Water Resources, River Development & GR",Department of Water Resources-MH,617422,Bodwad Parisar Sinchan Yojna,1924,0.0,1874.37,49,31/07/2027,,10/05/2002,-100.0,97.42047817047816,March_2026
1905,Water Resources,"Department of Water Resources, River Development & GR","Department of Water Resources, River Development & GR",701370,Borolia Irrigation Project,256,0.0,44.7,55,31/12/2022,31/03/2026,01/04/1996,-100.0,17.4609375,March_2026
1906,Water Resources,"Department of Water Resources, River Development & GR",Department of water resources-MH - II,400095,Gosikhurd CADWM Project,744,0.0,458.42,54,31/12/2019,30/06/2026,01/04/2017,-100.0,61.61559139784947,March_2026
1907,Water Resources,"Department of Water Resources, River Development & GR",Department of water resources-MH - II,701386,Gosikhurd Project,7196,12770.1,14302.6,73,31/12/2019,30/06/2028,01/04/2008,77.46108949416343,198.75764313507506,March_2026
1908,Water Resources,"Department of Water Resources, River Development & GR",Water Resources-AP,400101,Gundlakamma project,397,697.39,619.46,98,31/12/2019,31/03/2027,01/04/2005,75.66498740554157,156.0352644836272,March_2026
1909,Water Resources,"Department of Water Resources, River Development & GR",Irrigation and CAD-TG,400103,Indiramma Flood Flow Canal Project,1331,5940.09,4491.08,92,31/12/2019,31/12/2026,,346.2877535687453,337.42148760330576,March_2026
1910,Water Resources,"Department of Water Resources, River Development & GR",Water Resources-OR,603945,Integrated Anandpur Barrage Project,567,2990.05,2776.23,63,31/12/2019,30/06/2026,01/04/1997,427.34567901234567,489.6349206349206,March_2026
1911,Water Resources,"Department of Water Resources, River Development & GR",Irrigation and CAD-TG,701405,J. Chokka Rao Devadula Lift Irrigation Scheme,8201,14730.0,4784.54,88,31/12/2019,31/12/2025,01/04/2006,79.61224240946227,58.340934032435065,March_2026
1912,Water Resources,"Department of Water Resources, River Development & GR",Irrigation-UK,613787,Jamrani Dam Multipurpose Project,2584,0.0,1267.4,25,28/06/2029,,31/10/2023,-100.0,49.04798761609908,March_2026
1913,Water Resources,"Department of Water Resources, River Development & GR",Department of water resources-MH - II,400112,Jigaon Irrigation Project,7223,0.0,9587.99,91,30/06/2028,,01/04/2017,-100.0,132.74248927038624,March_2026
1914,Water Resources,"Department of Water Resources, River Development & GR",Irrigation and CAD-TG,701404,Kanupur Irrigation Project,989,2301.28,2804.16,80,31/12/2019,30/06/2026,01/04/2003,132.68756319514662,283.5348837209302,March_2026
1915,Water Resources,"Department of Water Resources, River Development & GR",Water Resources-CT,400111,Kelo Irrigation Project,460,727.04,618.85,72,31/12/2019,30/06/2026,01/04/2008,58.05217391304347,134.5326086956522,March_2026
1916,Water Resources,"Department of Water Resources, River Development & GR","Department of Water Resources, River Development,",701530,Ken-Betwa Linking Development Project,21030,0.0,8530.86,0,31/03/2029,,,-100.0,40.56519258202568,March_2026
1917,Water Resources,"Department of Water Resources, River Development & GR","Department of Water Resources, River Development & GR",701399,Kudali Irrigation Project,382,0.0,249.06,86,31/12/2025,31/03/2026,01/04/2009,-100.0,65.19895287958116,March_2026
1918,Water Resources,"Department of Water Resources, River Development & GR",Department of water resources-MH - II,701396,Lower Pedhi Project,256,1480.7,1516.11,65,31/12/2019,30/06/2026,01/04/2008,478.3984375,592.23046875,March_2026
1919,Water Resources,"Department of Water Resources, River Development & GR",Irrigation & Water Resources-UP,701408,Madhya Ganga canal Phase-II,1061,4417.21,4575.74,82,31/12/2019,31/12/2025,01/04/2008,316.32516493873703,431.26672950047123,March_2026
1920,Water Resources,"Department of Water Resources, River Development & GR","Department of Water Resources, River Development & GR",701395,Morna [Gureghar] Irrigation Project,220,0.0,115.2,32,31/12/2025,,01/04/2007,-100.0,52.36363636363637,March_2026
1921,Water Resources,"Department of Water Resources, River Development & GR",Department of water resources-MH - II,701398,Nardave Medium Irrigation Project,211,781.85,626.06,73,31/12/2019,30/06/2026,01/04/2009,270.54502369668245,296.71090047393363,March_2026
1922,Water Resources,"Department of Water Resources, River Development & GR","Department of Water Resources, River Development & GR",701412,North Koel Reservoir Project,1622,2430.76,172.97,38,31/03/2021,31/03/2026,01/08/2017,49.861898890258956,10.66399506781751,March_2026
1923,Water Resources,"Department of Water Resources, River Development & GR",Water resource-mp,400096,Omkareshwar CADWM Project,648,648.09,208.06,50,31/12/2019,30/06/2027,01/04/2017,0.0138888888888938,32.108024691358025,March_2026
1924,Water Resources,"Department of Water Resources, River Development & GR",Water Resources-AP,701415,Polavaram Irrigation Project,10151,55548.9,26640.4,86,30/04/2022,31/03/2026,20/01/2009,447.22588907496805,262.44113880405877,March_2026
1925,Water Resources,"Department of Water Resources, River Development & GR",Water Resources-BR,400104,Punpun Barrage Project,571,658.12,447.68,44,31/12/2019,31/03/2026,01/04/2007,15.257443082311733,78.40280210157619,March_2026
1926,Water Resources,"Department of Water Resources, River Development & GR",Department of water resources-MH - II,400109,Purna Barrage-2 [Ner Dhamana] Medium Irrigation Project,848,888.43,690.49,70,30/06/2020,30/06/2026,01/04/2017,4.7676886792452775,81.42570754716981,March_2026
1927,Water Resources,"Department of Water Resources, River Development & GR",Irrigation and CAD-TG,701406,Rajiv Bhima Lift Irrigation Scheme,1402,2509.66,1839.76,100,31/12/2019,31/03/2026,01/04/2007,79.00570613409414,131.22396576319545,March_2026
1928,Water Resources,"Department of Water Resources, River Development & GR",Department of Water Resources-PB,701410,Relining of Rajasthan feeder and Sirhind Feeder canal,1441,2462.16,2201.29,85,30/06/2021,30/06/2026,03/02/2016,70.8646773074254,152.76127689104788,March_2026
1929,Water Resources,"Department of Water Resources, River Development & GR",Water Resources-AP,400100,Sardar Gouthu Latchanna Thotapalli Barrage Project,353,1023.24,872.65,96,31/12/2019,30/06/2026,01/04/2005,189.86968838526911,247.2096317280453,March_2026
1930,Water Resources,"Department of Water Resources, River Development & GR","Narmada and Water Resources, Water Supply and Kalpsar Department-GJ",400097,Sardar Sarovar CADWM Project,5022,6670.31,4956.98,90,31/12/2019,31/03/2026,01/04/2017,32.82178414974115,98.705296694544,March_2026
1931,Water Resources,"Department of Water Resources, River Development & GR","Narmada and Water Resources, Water Supply and Kalpsar Department-GJ",701372,Sardar Sarovar Project,20718,33412.5,31860.9,94,31/12/2019,31/03/2026,01/04/1996,61.272806255430055,153.7836663770634,March_2026
1932,Water Resources,"Department of Water Resources, River Development & GR",Irrigation & Water Resources-UP,400093,Saryu Nahar CADWM Project,1673,0.0,22.24,2,31/12/2019,31/03/2026,01/04/2017,-100.0,1.3293484757919904,March_2026
1933,Water Resources,"Department of Water Resources, River Development & GR",Department of Water Resources-PB,701411,Shahpur Kandi Dam Project,2286,2715.7,2201.94,88,30/06/2022,30/06/2026,08/02/2010,18.797025371828514,96.3228346456693,March_2026
1934,Water Resources,"Department of Water Resources, River Development & GR",Irrigation and CAD-TG,400102,Sri Ram Sagar Project Stage - II,736,949.87,971.47,97,31/12/2019,31/12/2025,,29.05842391304348,131.99320652173913,March_2026
1935,Water Resources,"Department of Water Resources, River Development & GR",Department of Water Resources-JH,701376,"Subernarekha Multipurpose Project, Jharkhand",3808,9579.58,5999.8,70,31/12/2019,31/03/2026,01/04/2011,151.56460084033614,157.5577731092437,March_2026
1936,Water Resources,"Department of Water Resources, River Development & GR","Department of Water Resources, River Development & GR",701402,"Subernarekha Project, Odisha",3056,7023.19,8060.82,96,31/12/2019,31/03/2026,,129.81642670157066,263.7702879581152,March_2026
1937,Water Resources,"Department of Water Resources, River Development & GR",Department of water resources-MH - II,400107,Sulwade-Jamphal-Kanoli Lift Irrigation Scheme,2408,0.0,2778.84,81,30/06/2023,30/06/2027,01/04/2017,-100.0,115.40033222591364,March_2026
1938,Water Resources,"Department of Water Resources, River Development & GR",Water Resources Department-MN,701400,Thoubal Multipurpose Project,1449,1822.24,1837.91,99,31/12/2019,31/03/2026,01/04/1997,25.758454106280194,126.83988957902001,March_2026
1939,Water Resources,"Department of Water Resources, River Development & GR",Water Resources-KA,701377,Upper Tunga Irrigation Project,770,1606.07,1515.6,99,31/12/2019,31/03/2026,01/04/2014,108.58051948051948,196.8311688311688,March_2026
1940,Water Resources,"Department of Water Resources, River Development & GR",Department of water resources-MH - II,400105,Urmodi Irrigation Project,581,895.81,713.46,76,30/06/2022,31/12/2026,01/04/2017,54.184165232358,122.79862306368332,March_2026
1941,Water Resources,"Department of Water Resources, River Development & GR",Department of water resources-MH - II,701383,Waghur Project,1059,1758.51,1634.21,90,31/12/2019,31/03/2026,01/04/1996,66.05382436260624,154.31633616619453,March_2026
